mot;affichage;longueur;categorie;definition;registre;niveau;verif
AC;A.C.;2;initiales;Sigle qui précède Milan;factuel;1;club lombard
AC;A.C.;2;initiales;Initiales d'un technicien italien à Naples;factuel;3;Antonio Conte
AC;A.C.;2;initiales;Deux lettres rouges et noires;joueur;2;couleurs du club milanais
AD;A.D.;2;initiales;Initiales du numéro dix de la Juventus;factuel;2;idole turinoise
AD;A.D.;2;initiales;Champion du monde italien en 2006;factuel;1;titre en Allemagne
AD;A.D.;2;initiales;Deux lettres au pied gauche soyeux;joueur;2;style du joueur
AF;A.F.;2;initiales;Initiales du bâtisseur de Manchester United;factuel;1;vingt-six ans au club
AF;A.F.;2;initiales;Technicien écossais au chewing-gum;joueur;2;image du banc
AF;A.F.;2;initiales;Il a gagné deux Ligues des champions;factuel;2;1999 et 2008
AG;A.G.;2;initiales;Initiales d'un membre du carré magique;factuel;2;Bleus des années 80
AG;A.G.;2;initiales;Petit gabarit du milieu champion d'Europe;factuel;2;Euro 1984
AG;A.G.;2;initiales;Elles vont aussi à un champion du monde 2018;joueur;2;Griezmann
AH;A.H.;2;initiales;Initiales du capitaine marocain;factuel;1;brassard des Lions
AH;A.H.;2;initiales;Le plus capé du groupe marocain de 2026;factuel;2;soixante-dix sélections
AH;A.H.;2;initiales;Deux lettres qui montent tout le couloir droit;joueur;1;profil du latéral
AJ;A.J.;2;initiales;Sigle qui précède Auxerre;factuel;2;association de la jeunesse
AJ;A.J.;2;initiales;Initiales du sélectionneur champion en 1998;factuel;1;Aimé Jacquet
AJ;A.J.;2;initiales;Deux lettres bourguignonnes;joueur;2;implantation du club
AN;an;2;initiales;Durée qui sépare deux éditions de la Coupe de France;factuel;2;épreuve annuelle
AN;an;2;initiales;Il en faut quatre entre deux Coupes du monde;joueur;1;cycle mondial
AN;an;2;initiales;Deux lettres qui comptent les saisons;factuel;1;unité de temps
AP;A.P.;2;initiales;Initiales de l'architecte du milieu italien;factuel;2;champion du monde 2006
AP;A.P.;2;initiales;Sa Panenka a fait plier les Anglais;factuel;2;Euro 2012
AP;A.P.;2;initiales;Deux lettres qui jouaient la tête haute;joueur;2;vision du jeu
AS;as;2;vocab;Le meilleur dans sa spécialité;factuel;1;expression courante
AS;as;2;vocab;Il rate rarement son geste;joueur;2;joueur virtuose
AS;as;2;vocab;Champion du ballon rond;joueur;1;expression consacrée
AU;au;2;initiales;Il précède Vélodrome dans une adresse;factuel;1;article contracté
AU;au;2;initiales;Deux lettres devant but et devant poteau;joueur;1;usage courant
AU;au;2;initiales;Préposition des lieux du football;factuel;1;contraction de à le
AW;A.W.;2;initiales;Initiales du Professeur d'Arsenal;factuel;1;surnom à Londres
AW;A.W.;2;initiales;Il a bâti les Invincibles de 2004;factuel;2;saison sans défaite
AW;A.W.;2;initiales;Deux lettres alsaciennes devenues londoniennes;joueur;2;parcours du technicien
BL;B.L.;2;initiales;Initiales du latéral gauche de 1998;factuel;2;champion du monde
BL;B.L.;2;initiales;Défenseur basque passé par le Bayern;factuel;3;carrière en Allemagne
BL;B.L.;2;initiales;Deux lettres taillées comme un athlète;joueur;2;réputation physique
BS;B.S.;2;initiales;Initiales de l'auteur d'un triplé en petite finale;factuel;1;trois buts contre la France
BS;B.S.;2;initiales;Elles vont aussi à un gardien des Bleus;factuel;2;Brice Samba
BS;B.S.;2;initiales;Deux lettres qui ont fait très mal à Miami;joueur;2;performance de juillet 2026
CA;C.A.;2;initiales;Sigle qui précède Osasuna ou Boca;factuel;2;club atlético
CA;C.A.;2;initiales;Initiales du sélectionneur du Brésil en 2026;factuel;2;Carlo Ancelotti
CA;C.A.;2;initiales;Deux lettres devant bien des clubs argentins;joueur;2;convention sud-américaine
CE;ce;2;initiales;Adjectif devant match restera dans l'histoire;joueur;1;démonstratif
CE;ce;2;initiales;Il précède soir dans toutes les annonces;factuel;1;usage courant
CE;ce;2;initiales;Deux lettres devant but et devant geste;joueur;1;démonstratif courant
CF;C.F.;2;initiales;Sigle qui précède Montréal ou Monterrey;factuel;3;club de football
CF;C.F.;2;initiales;Abréviation de l'avant-centre en anglais;factuel;2;center forward
CF;C.F.;2;initiales;Deux lettres devant des clubs d'Amérique;joueur;2;convention de nommage
CM;C.M.;2;initiales;Initiales du récupérateur de 1998;factuel;2;champion du monde
CM;C.M.;2;initiales;Milieu de l'ombre du Real des Galactiques;factuel;2;rôle dans l'équipe
CM;C.M.;2;initiales;Deux lettres qui ont donné leur nom à un rôle;joueur;3;poste éponyme
CR;C.R.;2;initiales;Initiales du recordman de sélections portugaises;factuel;1;deux cent vingt-six capes
CR;C.R.;2;initiales;Initiales d'un quintuple Ballon d'Or;factuel;2;palmarès individuel
CR;C.R.;2;initiales;Deux lettres suivies d'un sept, d'habitude;joueur;1;surnom du joueur
DB;D.B.;2;initiales;Initiales d'un maître anglais du coup de pied arrêté;factuel;1;spécialiste des coups francs
DB;D.B.;2;initiales;Il a porté le maillot de United, du Real et de Milan;factuel;2;carrière du joueur
DB;D.B.;2;initiales;Deux lettres devenues une marque à elles seules;joueur;2;notoriété mondiale
DD;D.D.;2;initiales;Initiales du sélectionneur champion en 2018;factuel;1;en poste de 2012 à 2026
DD;D.D.;2;initiales;Elles vont aussi à un buteur ivoirien de Chelsea;factuel;2;Drogba
DD;D.D.;2;initiales;Il l'a gagnée en joueur et en sélectionneur;joueur;1;champion 1998 et 2018
DE;de;2;initiales;Il relie Coupe et France dans le nom d'une épreuve;factuel;1;construction du nom
DE;de;2;initiales;Préposition des noms de stades;joueur;1;stade de France
DE;de;2;initiales;Deux lettres au milieu de bien des patronymes;factuel;2;particule
DG;D.G.;2;initiales;Initiales d'un ailier français adoré à Newcastle;factuel;3;idole en Angleterre
DG;D.G.;2;initiales;Meilleur joueur de Premier League en 1999;factuel;3;distinction anglaise
DG;D.G.;2;initiales;Deux lettres à la chevelure inoubliable;joueur;2;silhouette du joueur
DM;D.M.;2;initiales;Initiales de l'auteur du but du siècle;factuel;1;Mondial 1986
DM;D.M.;2;initiales;Champion du monde argentin en 1986;factuel;1;titre au Mexique
DM;D.M.;2;initiales;Deux lettres au pied gauche magique;joueur;1;réputation du meneur
DU;du;2;initiales;Article devant Parc des Princes;factuel;1;usage courant
DU;du;2;initiales;Il précède ballon quand on parle du match;joueur;1;article contracté
DU;du;2;initiales;Deux lettres devant Vélodrome, non, devant Parc;factuel;2;contraction de de le
DV;D.V.;2;initiales;Initiales du buteur espagnol sacré en 2010;factuel;2;titre mondial
DV;D.V.;2;initiales;Longtemps meilleur artilleur de sa sélection;factuel;2;record espagnol
DV;D.V.;2;initiales;Deux lettres devant, toujours au bon endroit;joueur;2;sens du placement
EA;E.A.;2;initiales;Sigle qui précède Guingamp;factuel;3;En Avant
EA;E.A.;2;initiales;Éditeur du jeu vidéo de football le plus vendu;factuel;1;studio américain
EA;E.A.;2;initiales;Deux lettres bretonnes et rouges;joueur;3;club des Côtes-d'Armor
EC;E.C.;2;initiales;Initiales du King de Manchester United;factuel;2;idole d'Old Trafford
EC;E.C.;2;initiales;Attaquant français au col relevé;joueur;1;silhouette culte
EC;E.C.;2;initiales;Il a fini par jouer les acteurs;factuel;2;reconversion au cinéma
EH;E.H.;2;initiales;Initiales du Norvégien aux sept buts en 2026;factuel;1;podium des buteurs
EH;E.H.;2;initiales;Meilleur buteur de Premier League en 2025-2026;factuel;1;vingt-sept réalisations
EH;E.H.;2;initiales;Deux lettres qui célèbrent en position de yoga;joueur;2;célébration reconnaissable
EN;en;2;initiales;Préposition devant Ligue des champions;factuel;1;usage courant
EN;en;2;initiales;Il précède prolongation quand c'est serré;joueur;1;fin de match
EN;en;2;initiales;Deux lettres devant tous les stades du monde;joueur;1;préposition de lieu
EP;E.P.;2;initiales;Initiales du buteur du troisième but de 1998;factuel;2;finale contre le Brésil
EP;E.P.;2;initiales;Milieu français passé par Arsenal;factuel;2;carrière en Angleterre
EP;E.P.;2;initiales;Deux lettres au but dans le temps additionnel;joueur;2;finale du Mondial 1998
ER;er;2;initiales;Terminaison des verbes comme tirer et centrer;factuel;1;premier groupe
ER;er;2;initiales;Deux lettres qui finissent marquer et dribbler;joueur;1;infinitifs du football
ER;er;2;initiales;Suffixe du plus grand groupe de verbes français;factuel;2;grammaire
ES;es;2;initiales;Sigle qui précède Troyes;factuel;3;étoile sportive
ES;es;2;initiales;Verbe être à la deuxième personne;factuel;1;conjugaison
ES;es;2;initiales;Deux lettres devant le nom d'un club aubois;joueur;3;convention de nommage
ET;et;2;initiales;Conjonction entre victoire et défaite;factuel;1;coordination
ET;et;2;initiales;Il relie Coupe et championnat dans un doublé;joueur;2;expression consacrée
ET;et;2;initiales;Deux lettres qui additionnent les trophées;joueur;1;énumération de palmarès
EU;eu;2;initiales;Participe du club qui a tout gagné;factuel;2;verbe avoir
EU;eu;2;initiales;Deux lettres devant chaud dans les arrêts de jeu;joueur;2;expression consacrée
EU;eu;2;initiales;Il complète on a le titre;factuel;1;passé composé
FB;F.B.;2;initiales;Initiales du gardien champion du monde 1998;factuel;1;portier des Bleus
FB;F.B.;2;initiales;Elles vont aussi au Kaiser allemand;factuel;2;Beckenbauer
FB;F.B.;2;initiales;On lui embrassait le crâne avant les matchs;joueur;2;rituel de 1998
FC;F.C.;2;initiales;Sigle qui précède Barcelone ou Nantes;factuel;1;football-club
FC;F.C.;2;initiales;Abréviation la plus répandue du monde;factuel;1;usage universel
FC;F.C.;2;initiales;Deux lettres devant des milliers de noms;joueur;1;convention de nommage
FL;F.L.;2;initiales;Initiales du meilleur buteur de Chelsea;factuel;2;record du club
FL;F.L.;2;initiales;Milieu anglais surgissant à la limite de la surface;joueur;2;spécialité du joueur
FL;F.L.;2;initiales;Deux lettres devenues entraîneur des Blues;factuel;2;retour au club
FT;F.T.;2;initiales;Initiales du capitaine emblématique de la Roma;factuel;2;fidélité au club
FT;F.T.;2;initiales;Elles vont aussi à un buteur espagnol de 2008;factuel;2;Fernando Torres
FT;F.T.;2;initiales;Deux lettres d'un seul maillot toute une vie;joueur;2;joueur d'un seul club
GB;G.B.;2;initiales;Initiales du gardien champion du monde 2006;factuel;1;titre en Allemagne
GB;G.B.;2;initiales;Portier italien à la longévité rare;factuel;2;carrière prolongée
GB;G.B.;2;initiales;Deux lettres qui ont tout arrêté;joueur;1;réputation du gardien
GM;G.M.;2;initiales;Initiales du buteur allemand de 1974;factuel;2;champion du monde
GM;G.M.;2;initiales;Der Bomber, en deux lettres;joueur;2;surnom du joueur
GM;G.M.;2;initiales;Son record de buts en Bundesliga a tenu longtemps;factuel;3;marque historique
GR;G.R.;2;initiales;Initiales du bâtisseur d'Auxerre;factuel;2;quarante ans au club
GR;G.R.;2;initiales;Technicien au bonnet en hiver;joueur;1;silhouette culte
GR;G.R.;2;initiales;Il a mené un petit club au titre national;factuel;2;champion en 1996
GW;G.W.;2;initiales;Initiales du seul Africain Ballon d'Or;factuel;2;lauréat de 1995
GW;G.W.;2;initiales;Attaquant libérien devenu chef d'État;factuel;2;reconversion politique
GW;G.W.;2;initiales;Deux lettres passées de Monaco à Milan;joueur;3;parcours européen
HK;H.K.;2;initiales;Initiales du meilleur buteur de Bundesliga 2026;factuel;1;trente-six réalisations
HK;H.K.;2;initiales;Capitaine anglais absent de la petite finale;factuel;3;onze remanié à Miami
HK;H.K.;2;initiales;Deux lettres qui décrochent pour orienter le jeu;joueur;2;profil de l'avant-centre
IC;I.C.;2;initiales;Initiales du capitaine espagnol sacré en 2010;factuel;1;titre en Afrique du Sud
IC;I.C.;2;initiales;Gardien du Real et de la Roja;factuel;2;parcours du portier
IC;I.C.;2;initiales;Il a soulevé le trophée en Afrique du Sud;joueur;1;finale de 2010
IL;il;2;initiales;Pronom du commentateur qui décrit l'action;factuel;1;troisième personne
IL;il;2;initiales;Deux lettres devant a marqué;joueur;1;annonce du but
IL;il;2;initiales;Sujet obligatoire quand on parle du buteur;factuel;1;grammaire française
IN;in;2;initiales;Anglicisme du joueur qui entre;factuel;3;opposé de out
IN;in;2;initiales;Deux lettres des tableaux de mercato;joueur;2;arrivées et départs
IN;in;2;initiales;Préfixe de la formation des mots;factuel;2;usage grammatical
JB;J.B.;2;initiales;Initiales du troisième buteur du Mondial 2026;factuel;1;sept réalisations
JB;J.B.;2;initiales;Il a scellé la petite finale à la 90e+7;factuel;2;match pour la troisième place
JB;J.B.;2;initiales;Deux lettres qui écartent les bras en célébrant;joueur;2;geste reconnaissable
JC;J.C.;2;initiales;Initiales de l'inventeur du football total;factuel;1;école néerlandaise
JC;J.C.;2;initiales;Un crochet porte son nom;joueur;2;geste éponyme
JC;J.C.;2;initiales;Triple Ballon d'Or en deux lettres;factuel;2;1971, 1973 et 1974
JF;J.F.;2;initiales;Initiales de l'auteur de treize buts en un Mondial;factuel;2;record de 1958
JF;J.F.;2;initiales;Son record tient depuis plus de soixante ans;factuel;1;marque jamais battue
JF;J.F.;2;initiales;Deux lettres que personne n'a rattrapées;joueur;2;record d'une édition
JM;J.M.;2;initiales;Initiales du Special One;factuel;1;surnom du technicien
JM;J.M.;2;initiales;Il a gagné la Ligue des champions avec Porto;factuel;2;titre de 2004
JM;J.M.;2;initiales;Deux lettres qui adorent la provocation;joueur;2;style en conférence
JP;J.P.;2;initiales;Initiales du Ballon d'Or français de 1991;factuel;2;lauréat marseillais
JP;J.P.;2;initiales;Une reprise acrobatique porte son surnom;factuel;2;geste éponyme
JP;J.P.;2;initiales;Deux lettres qui ne ratent rien dans la surface;joueur;2;instinct du buteur
JT;J.T.;2;initiales;Initiales d'un membre du carré magique;factuel;2;Bleus des années 80
JT;J.T.;2;initiales;Milieu champion d'Europe en 1984;factuel;2;Euro en France
JT;J.T.;2;initiales;Deux lettres devenues entraîneur ensuite;joueur;3;reconversion sur le banc
KB;K.B.;2;initiales;Initiales d'un Ballon d'Or français;factuel;1;distinction de 2022
KB;K.B.;2;initiales;Quinze buts européens en une saison;factuel;2;record de 2021-2022
KB;K.B.;2;initiales;Deux lettres longtemps madrilènes;joueur;2;carrière au Real
KK;K.K.;2;initiales;Initiales du capitaine sénégalais;factuel;1;brassard de la Teranga
KK;K.K.;2;initiales;Défenseur central passé par Naples et Chelsea;factuel;2;parcours européen
KK;K.K.;2;initiales;Deux lettres impassables dans l'axe;joueur;1;réputation du central
KM;K.M.;2;initiales;Initiales du meilleur buteur du Mondial 2026;factuel;1;dix réalisations
KM;K.M.;2;initiales;Capitaine des Bleus en deux lettres;factuel;1;brassard tricolore
KM;K.M.;2;initiales;Elles servent aussi à mesurer les distances;joueur;1;homonymie
KO;K.-O.;2;vocab;Phase à élimination directe, en anglais;factuel;2;knock-out
KO;K.-O.;2;vocab;L'équipe l'est après la prolongation;joueur;1;épuisement complet
KO;K.-O.;2;vocab;Deux encaissés en cinq minutes et voilà;joueur;2;équipe assommée
LA;la;2;initiales;Article devant Ligue des champions;factuel;1;usage courant
LA;la;2;initiales;Il précède Roja quand on parle de l'Espagne;joueur;2;surnom de la sélection
LA;la;2;initiales;Deux lettres devant Coupe et devant Liga;factuel;1;article féminin
LB;L.B.;2;initiales;Initiales du buteur en or de l'Euro 2000;factuel;3;champion d'Europe
LB;L.B.;2;initiales;Central de 1998 devenu sélectionneur;factuel;2;parcours du joueur
LB;L.B.;2;initiales;Le Président, en deux lettres;joueur;2;surnom du défenseur
LE;le;2;initiales;Initiales du technicien espagnol du PSG;factuel;3;Luis Enrique
LE;le;2;initiales;Article devant Parc et devant Vélodrome;factuel;1;article masculin
LE;le;2;initiales;Deux lettres devant tous les surnoms de clubs;joueur;1;usage courant
LM;L.M.;2;initiales;Initiales de l'octuple Ballon d'Or;factuel;1;record individuel
LM;L.M.;2;initiales;Elles vont aussi à un meneur croate du Real;factuel;3;Modric
LM;L.M.;2;initiales;Deux lettres finalistes malheureuses en 2026;joueur;2;défaite face à l'Espagne
LS;L.S.;2;initiales;Initiales du sélectionneur argentin de 2026;factuel;1;Scaloni sur le banc
LS;L.S.;2;initiales;Elles vont aussi à un buteur uruguayen célèbre;factuel;2;Luis Suárez
LS;L.S.;2;initiales;Deux lettres championnes du monde en 2022;joueur;2;titre au Qatar
LT;L.T.;2;initiales;Initiales du père, champion du monde 1998;factuel;2;défenseur des Bleus
LT;L.T.;2;initiales;Recordman de sélections tricolores pendant des années;factuel;2;longévité en équipe de France
LT;L.T.;2;initiales;Deux têtes contre la Croatie, en deux lettres;joueur;2;demi-finale 1998
LY;L.Y.;2;initiales;Initiales du prodige champion du monde 2026;factuel;1;titre espagnol
LY;L.Y.;2;initiales;Il porte le numéro dix du Barça;factuel;2;maillot mythique
LY;L.Y.;2;initiales;Deux lettres titulaires en finale à dix-huit ans;joueur;2;précocité
MA;ma;2;initiales;Adjectif devant équipe favorite;factuel;1;possessif féminin
MA;ma;2;initiales;Il précède place en tribune quand on s'abonne;joueur;2;billetterie
MA;ma;2;initiales;Deux lettres devant écharpe et devant compo;joueur;1;possessif courant
MD;M.D.;2;initiales;Initiales d'un central champion du monde 1998;factuel;2;défenseur des Bleus
MD;M.D.;2;initiales;Il a été expulsé lors de la finale de 1998;factuel;3;carton rouge au Stade de France
MD;M.D.;2;initiales;Deux lettres nées à Accra;joueur;3;origines du joueur
ME;me;2;initiales;Pronom du supporter qui s'emporte;factuel;2;première personne
ME;me;2;initiales;Deux lettres devant voilà debout au but;joueur;2;réaction du public
ME;me;2;initiales;Complément de la phrase du fidèle;factuel;1;pronom personnel
MH;M.H.;2;initiales;Initiales du sélectionneur de l'Euro 1984;factuel;2;titre à domicile
MH;M.H.;2;initiales;Il a lancé la génération du carré magique;factuel;3;bâtisseur des Bleus
MH;M.H.;2;initiales;Deux lettres sur le banc en 1982 et 1984;joueur;3;parcours du technicien
MI;mi-;2;vocab;Préfixe de la pause entre deux périodes;factuel;2;mi-temps
MI;mi-;2;vocab;Elle sépare les deux moitiés de la rencontre;factuel;1;pause réglementaire
MI;mi-;2;vocab;La causerie s'y tient au chaud;joueur;2;discours dans le vestiaire
MN;M.N.;2;initiales;Initiales du gardien allemand aux cinq Mondiaux;factuel;2;2010 à 2026
MN;M.N.;2;initiales;Portier sorti de sa retraite internationale;factuel;1;rappel de mai 2026
MN;M.N.;2;initiales;Deux lettres qui jouaient en libéro;joueur;2;style du gardien
MP;M.P.;2;initiales;Initiales d'un triple Ballon d'Or consécutif;factuel;1;1983, 1984 et 1985
MP;M.P.;2;initiales;Patron des Bleus sacrés en 1984;factuel;1;Euro remporté en France
MP;M.P.;2;initiales;Neuf buts en cinq matchs, en deux lettres;joueur;2;Euro 1984
MS;M.S.;2;initiales;Initiales du meilleur buteur égyptien;factuel;1;record des Pharaons
MS;M.S.;2;initiales;Vingt-neuf buts anglais en une saison;factuel;2;exercice 2024-2025
MS;M.S.;2;initiales;Deux lettres qui repiquent depuis la droite;joueur;2;profil de l'ailier
MT;M.T.;2;initiales;Initiales du fils, attaquant des Bleus;factuel;2;Mondial 2026
MT;M.T.;2;initiales;Son père a soulevé le trophée en 1998;factuel;1;filiation tricolore
MT;M.T.;2;initiales;Deux lettres de la deuxième génération;joueur;2;dynastie familiale
MV;M.V.;2;initiales;Initiales du triple Ballon d'Or néerlandais;factuel;2;1988, 1989 et 1992
MV;M.V.;2;initiales;Sa volée a offert l'Euro 1988 aux Pays-Bas;factuel;2;but en finale
MV;M.V.;2;initiales;Deux lettres au geste le plus recopié;joueur;2;reprise en finale
NE;ne;2;initiales;Négation devant tire pas au but;joueur;1;première partie de la négation
NE;ne;2;initiales;Il ouvre toutes les critiques de tribune;factuel;2;grammaire française
NE;ne;2;initiales;Deux lettres devant marque plus depuis mars;joueur;2;disette d'un buteur
NI;ni;2;initiales;Ni but ni penalty, la soirée fut longue;joueur;2;double négation
NI;ni;2;initiales;Conjonction qui double la négation;factuel;1;grammaire française
NI;ni;2;initiales;Deux lettres pour un zéro à zéro sans occasion;joueur;2;match stérile
NJ;N.J.;2;initiales;Initiales d'un Brésilien à quatre Coupes du monde;factuel;1;2014, 2018, 2022 et 2026
NJ;N.J.;2;initiales;Transfert le plus cher de l'histoire;factuel;1;deux cent vingt-deux millions
NJ;N.J.;2;initiales;Deux lettres revenues jouer au pays;joueur;2;retour au Brésil
NK;N.K.;2;initiales;Initiales d'un champion du monde 2018;factuel;1;titre en Russie
NK;N.K.;2;initiales;Récupérateur parti jouer en Arabie;factuel;2;championnat saoudien
NK;N.K.;2;initiales;Deux lettres qui courent partout;joueur;1;réputation du milieu
NO;no;2;initiales;Refus en anglais, celui du club vendeur;factuel;2;négociation de transfert
NO;no;2;initiales;Deux lettres devant comment dans une phrase célèbre;joueur;3;anglicisme
NO;no;2;initiales;Il précède goal chez les commentateurs anglais;factuel;3;terme de diffusion
NU;nu;2;initiales;Le torse l'est après l'échange de maillots;joueur;2;tradition d'après-match
NU;nu;2;initiales;Célébrer ainsi vaut un avertissement;factuel;2;retrait du maillot sanctionné
NU;nu;2;initiales;Deux lettres qui coûtent un carton jaune;joueur;2;règle de célébration
OD;O.D.;2;initiales;Initiales du meilleur joueur de Ligue 1 2024-2025;factuel;2;trophée UNFP
OD;O.D.;2;initiales;Champion du monde 2018 devenu avant-centre;factuel;1;repositionnement tactique
OD;O.D.;2;initiales;Deux lettres qui partent des deux pieds;joueur;2;ambidextrie du joueur
OG;O.G.;2;initiales;Initiales du buteur record des Bleus;factuel;2;meilleur artilleur tricolore
OG;O.G.;2;initiales;Champion du monde 2018 en deux lettres;factuel;1;titre en Russie
OG;O.G.;2;initiales;Avant-centre longtemps critiqué puis adoré;joueur;2;parcours en sélection
OL;O.L.;2;initiales;Sigle du club rhodanien;factuel;1;Olympique lyonnais
OL;O.L.;2;initiales;Sept titres nationaux consécutifs;factuel;2;série de 2002 à 2008
OL;O.L.;2;initiales;Deux lettres au bord du Rhône;joueur;1;implantation du club
OM;O.M.;2;initiales;Sigle du club phocéen;factuel;1;Olympique de Marseille
OM;O.M.;2;initiales;Seul club français vainqueur de la C1;factuel;1;titre de 1993
OM;O.M.;2;initiales;Deux lettres au Vélodrome;joueur;1;stade du club
ON;on;2;initiales;Pronom des refaiseurs de match au comptoir;joueur;1;discussions de bistrot
ON;on;2;initiales;Il commence toutes les phrases du vestiaire;factuel;2;langage collectif
ON;on;2;initiales;Deux lettres pour parler au nom de l'équipe;factuel;1;pronom indéfini
OR;or;2;vocab;Ce but mettait fin au match sur-le-champ;factuel;3;règle en vigueur de 1993 à 2004
OR;or;2;vocab;Métal du trophée mondial;factuel;2;coupe FIFA en or massif
OR;or;2;vocab;Le ballon du meilleur joueur en est fait;joueur;1;récompense individuelle annuelle
OS;os;2;initiales;Le tibia en est un, protégé par une coque;factuel;2;anatomie du joueur
OS;os;2;initiales;Tomber sur un, c'est buter sur un bloc bas;joueur;2;expression consacrée
OS;os;2;initiales;Deux lettres que les protège-tibias abritent;joueur;1;équipement obligatoire
OU;ou;2;initiales;Conjonction entre victoire et défaite;factuel;1;coordination
OU;ou;2;initiales;Il sépare prolongation et tirs au but;joueur;2;alternative du départage
OU;ou;2;initiales;Deux lettres qui posent toujours un choix;factuel;1;grammaire française
PG;P.G.;2;initiales;Initiales du technicien catalan du tiki-taka;factuel;1;style de jeu
PG;P.G.;2;initiales;Il a entraîné le Barça, le Bayern et City;factuel;2;parcours du coach
PG;P.G.;2;initiales;Deux lettres qui ne jurent que par la possession;joueur;2;philosophie de jeu
PM;P.M.;2;initiales;Initiales du capitaine du Milan des années 90;factuel;2;brassard rossonero
PM;P.M.;2;initiales;Défenseur d'un seul club toute sa carrière;factuel;1;fidélité absolue
PM;P.M.;2;initiales;Deux lettres élégantes jusque dans le tacle;joueur;2;style du défenseur
PT;P.T.;2;initiales;Initiales du sélectionneur sénégalais de 2026;factuel;2;Pape Thiaw
PT;P.T.;2;initiales;Il a mené les Lions au titre continental;factuel;2;CAN 2025
PT;P.T.;2;initiales;Deux lettres qui ont succédé à Aliou Cissé;joueur;3;changement de sélectionneur
PV;P.V.;2;initiales;Initiales du capitaine français des Invincibles;factuel;2;Arsenal 2004
PV;P.V.;2;initiales;Champion du monde 1998 entré en finale;factuel;2;titre en France
PV;P.V.;2;initiales;Deux lettres immenses au milieu du terrain;joueur;2;gabarit du joueur
RB;R.B.;2;initiales;Sigle qui précède Leipzig ou Salzbourg;factuel;2;clubs de la galaxie autrichienne
RB;R.B.;2;initiales;Initiales d'un numéro dix italien au Ballon d'Or;factuel;2;Roberto Baggio
RB;R.B.;2;initiales;Deux lettres qui font grincer les puristes;joueur;3;clubs à marque
RC;R.C.;2;initiales;Sigle qui précède Lens ou Strasbourg;factuel;1;racing-club
RC;R.C.;2;initiales;Initiales d'un gaucher brésilien au canon;factuel;2;Roberto Carlos
RC;R.C.;2;initiales;Deux lettres sang et or dans le Nord;joueur;2;couleurs lensoises
RE;re;2;initiales;Préfixe de la reprise du championnat;factuel;2;formation des mots
RE;re;2;initiales;Il précède monter quand on quitte la Ligue 2;joueur;2;accession
RE;re;2;initiales;Deux lettres devant jouer un match arrêté;factuel;2;rencontre à rejouer
RK;R.K.;2;initiales;Initiales du premier Ballon d'Or français;factuel;2;lauréat de 1958
RK;R.K.;2;initiales;Meneur des Bleus troisièmes en Suède;factuel;3;Mondial 1958
RK;R.K.;2;initiales;Deux lettres nées dans le bassin minier;joueur;3;origines du joueur
RL;R.L.;2;initiales;Initiales du buteur polonais du Bayern et du Barça;factuel;1;parcours du joueur
RL;R.L.;2;initiales;Cinq buts en neuf minutes, un jour de Bundesliga;factuel;3;record de 2015
RL;R.L.;2;initiales;Deux lettres qui vivent dans la surface;joueur;1;profil du finisseur
RM;R.M.;2;initiales;Sigle du club le plus titré d'Europe;factuel;1;Real Madrid
RM;R.M.;2;initiales;Initiales du sélectionneur du Portugal en 2026;factuel;3;Roberto Martínez
RM;R.M.;2;initiales;Deux lettres tout de blanc vêtues;joueur;1;couleur du maillot
SA;sa;2;initiales;Adjectif devant frappe légendaire;factuel;1;possessif féminin
SA;sa;2;initiales;Il précède reprise quand on parle d'un geste;joueur;2;commentaire d'action
SA;sa;2;initiales;Deux lettres devant carrière et devant panenka;joueur;1;possessif courant
SC;S.C.;2;initiales;Sigle qui précède Bastia ou Braga;factuel;2;sporting-club
SC;S.C.;2;initiales;Abréviation portugaise et française à la fois;factuel;2;usage commun
SC;S.C.;2;initiales;Deux lettres devant bien des écussons;joueur;1;convention de nommage
SE;S.E.;2;initiales;Initiales du meilleur buteur camerounais;factuel;2;record des Lions indomptables
SE;S.E.;2;initiales;Quadruple Ballon d'Or africain;factuel;2;palmarès continental
SE;S.E.;2;initiales;Deux lettres championnes d'Europe avec deux clubs;joueur;3;Barça et Inter
SG;S.G.;2;initiales;Initiales du capitaine emblématique de Liverpool;factuel;2;brassard des Reds
SG;S.G.;2;initiales;Milieu anglais devenu entraîneur;factuel;2;reconversion sur le banc
SG;S.G.;2;initiales;Deux lettres à la frappe de loin redoutée;joueur;2;réputation du milieu
SI;si;2;initiales;Conjonction des refaiseurs de match;joueur;1;hypothèse d'après-match
SI;si;2;initiales;Il introduit tous les regrets du perdant;factuel;2;conditionnel
SI;si;2;initiales;Deux lettres devant on avait marqué;joueur;1;expression du regret
SL;S.L.;2;initiales;Sigle qui précède Benfica;factuel;2;club de Lisbonne
SL;S.L.;2;initiales;Abréviation d'une société portugaise omnisports;factuel;3;usage lusitanien
SL;S.L.;2;initiales;Deux lettres devant l'aigle de la Luz;joueur;3;emblème du club
SM;S.M.;2;initiales;Initiales d'un attaquant sénégalais légendaire;factuel;1;cadre des Lions
SM;S.M.;2;initiales;Ballon d'Or africain passé par Liverpool;factuel;2;parcours du joueur
SM;S.M.;2;initiales;Deux lettres au Mondial 2026 face aux Bleus;joueur;2;groupe I
SO;So;2;initiales;Magazine français au nom anglais;factuel;2;presse spécialisée
SO;So;2;initiales;Deux lettres devant Foot en kiosque;joueur;2;titre de presse
SO;So;2;initiales;Adverbe anglais devenu nom de revue;factuel;3;usage éditorial
SR;S.R.;2;initiales;Initiales d'un champion du monde espagnol;factuel;1;titre de 2010
SR;S.R.;2;initiales;Capitaine du Real aux buts décisifs en finale;factuel;2;égalisation de 2014
SR;S.R.;2;initiales;Deux lettres qui montaient sur les corners;joueur;2;habitude du défenseur
SV;S.V.;2;initiales;Sigle qui suit Hambourg ou précède Werder;factuel;3;abréviation allemande
SV;S.V.;2;initiales;Abréviation courante des clubs d'outre-Rhin;factuel;2;usage germanique
SV;S.V.;2;initiales;Deux lettres qui sentent la Bundesliga;joueur;2;convention allemande
TA;ta;2;initiales;Adjectif devant passe ratée, en tribune;joueur;2;possessif féminin
TA;ta;2;initiales;Il précède compo dans les débats du samedi;joueur;1;discussions de supporters
TA;ta;2;initiales;Deux lettres du tutoiement de vestiaire;factuel;1;possessif courant
TE;te;2;initiales;Pronom du coéquipier qu'on interpelle;factuel;2;deuxième personne
TE;te;2;initiales;Deux lettres criées d'un couloir à l'autre;joueur;2;communication sur le terrain
TE;te;2;initiales;Complément du tutoiement de vestiaire;factuel;1;pronom personnel
TH;T.H.;2;initiales;Initiales d'un champion du monde 1998;factuel;1;titre remporté en France
TH;T.H.;2;initiales;Une statue leur rend hommage à l'Emirates;factuel;3;légende d'Arsenal
TH;T.H.;2;initiales;Deux lettres devenues cultes à Londres;joueur;2;idole des Gunners
TK;T.K.;2;initiales;Initiales d'un milieu allemand du Real;factuel;2;club madrilène
TK;T.K.;2;initiales;Champion du monde 2014 en deux lettres;factuel;1;titre au Brésil
TK;T.K.;2;initiales;Il ne ratait jamais une passe, disait-on;joueur;2;précision technique
TU;tu;2;initiales;Pronom du vestiaire, jamais du protocole;joueur;2;tutoiement
TU;tu;2;initiales;Il s'impose entre coéquipiers;factuel;1;deuxième personne
TU;tu;2;initiales;Deux lettres devant vas y et devant tires;joueur;2;encouragement sur le terrain
UD;U.D.;2;initiales;Sigle qui précède Las Palmas ou Almeria;factuel;3;union deportiva
UD;U.D.;2;initiales;Abréviation espagnole de plusieurs clubs;factuel;2;usage ibérique
UD;U.D.;2;initiales;Deux lettres devant des noms de la Liga;joueur;2;convention espagnole
UN;un;2;initiales;Numéro traditionnel du gardien;factuel;1;maillot du portier
UN;un;2;initiales;Il suffit pour gagner quand la défense tient;joueur;1;victoire minimale
UN;un;2;initiales;Deux lettres pour le premier du classement;factuel;1;place de leader
US;U.S.;2;initiales;Sigle qui précède Boulogne ou Orléans;factuel;3;union sportive
US;U.S.;2;initiales;Abréviation du pays coorganisateur du Mondial 2026;factuel;1;États-Unis
US;U.S.;2;initiales;Deux lettres qui ont accueilli la finale;joueur;1;MetLife Stadium
VA;va;2;initiales;Verbe devant marquer dans une prédiction;joueur;1;futur proche
VA;va;2;initiales;Il précède y quand le banc s'impatiente;joueur;2;encouragement
VA;va;2;initiales;Deux lettres du verbe aller, troisième personne;factuel;1;conjugaison
VJ;V.J.;2;initiales;Initiales d'un ailier brésilien du Real;factuel;1;club madrilène
VJ;V.J.;2;initiales;Il figurait parmi les vedettes du Mondial 2026;factuel;2;affiche du tournoi
VJ;V.J.;2;initiales;Deux lettres qui dansent après avoir marqué;joueur;2;célébration brésilienne
VU;vu;2;initiales;Participe de l'arbitre qui n'avait rien remarqué;joueur;2;décision contestée
VU;vu;2;initiales;Il complète on l'a tous à la télévision;joueur;1;ralenti de l'action
VU;vu;2;initiales;Participe passé du verbe voir;factuel;1;conjugaison
WR;W.R.;2;initiales;Initiales du buteur record de Manchester United;factuel;2;marque du club
WR;W.R.;2;initiales;Elles vont aussi au sélectionneur marocain de 2022;factuel;3;Walid Regragui
WR;W.R.;2;initiales;Son retourné dans le derby a fait le tour du monde;joueur;3;but de 2011
XH;X.H.;2;initiales;Initiales du métronome du Barça;factuel;2;milieu catalan
XH;X.H.;2;initiales;Champion du monde et double champion d'Europe;factuel;2;2008, 2010 et 2012
XH;X.H.;2;initiales;Deux lettres qui ne perdaient jamais un ballon;joueur;2;maîtrise technique
YD;Y.D.;2;initiales;Initiales du Serpent, champion du monde 1998;factuel;3;surnom du joueur
YD;Y.D.;2;initiales;Milieu offensif des Bleus de 1998 et 2000;factuel;2;double champion
YD;Y.D.;2;initiales;Son père a aussi porté le maillot bleu;joueur;3;filiation footballistique
YT;Y.T.;2;initiales;Initiales d'un milieu ivoirien du Barça et de City;factuel;2;parcours du joueur
YT;Y.T.;2;initiales;Quadruple Ballon d'Or africain;factuel;2;palmarès continental
YT;Y.T.;2;initiales;Son frère aîné a aussi porté le maillot éléphant;joueur;3;fratrie ivoirienne
ZI;Z.I.;2;initiales;Initiales d'un attaquant suédois au grand ego;joueur;1;personnage médiatique
ZI;Z.I.;2;initiales;Il a joué au Barça, au Milan et au PSG;factuel;1;carrière du joueur
ZI;Z.I.;2;initiales;Deux lettres au retourné acrobatique célèbre;factuel;2;but contre l'Angleterre
ZZ;Z.Z.;2;initiales;Initiales du buteur de la finale 1998;factuel;1;deux têtes contre le Brésil
ZZ;Z.Z.;2;initiales;Ballon d'Or 1998 en deux lettres;factuel;2;distinction individuelle
ZZ;Z.Z.;2;initiales;Le maître de la roulette, en initiales;joueur;1;geste emblématique
ACA;A.C.A.;3;clubs;Sigle du club de la cité impériale corse;factuel;3;Ajaccio
ACA;A.C.A.;3;clubs;Il dispute le derby insulaire;factuel;3;rivalité corse
ACA;A.C.A.;3;clubs;Trois lettres rouge et blanc;joueur;3;couleurs du club
ADO;ado;3;initiales;L'espoir de dix-sept ans en est encore un;joueur;1;jeune du centre
ADO;ado;3;initiales;Abrégé d'adolescent;factuel;1;troncation courante
ADO;ado;3;initiales;Trois lettres déjà titulaires en Liga;joueur;2;précocité des prodiges
AEK;A.E.K.;3;clubs;Sigle d'un grand club d'Athènes;factuel;3;championnat grec
AEK;A.E.K.;3;clubs;Il partage sa ville avec deux autres grands clubs;factuel;3;football athénien
AEK;A.E.K.;3;clubs;Trois lettres jaune et noir;joueur;3;couleurs du club
AFC;A.F.C.;3;initiales;Sigle de la confédération asiatique;factuel;3;instance continentale
AFC;A.F.C.;3;initiales;Elle organise la Coupe d'Asie;factuel;2;compétition continentale
AFC;A.F.C.;3;initiales;Trois lettres qui suivent aussi le nom de Bournemouth;joueur;3;club anglais
AGE;âge;3;fillfoot;Il figure à côté du nom sur la feuille;factuel;1;donnée du joueur
AGE;âge;3;fillfoot;Celui d'or d'un club se raconte encore;factuel;1;période faste
AGE;âge;3;fillfoot;Le talent n'en a pas, dit le proverbe;joueur;1;adage consacré
AIR;air;3;vocab;Le domaine des grands gabarits;factuel;2;jeu aérien
AIR;air;3;vocab;La balle y reste sur une chandelle;factuel;2;ballon en suspension
AIR;air;3;vocab;Les centraux y règnent sans partage;joueur;2;duels aériens
AJA;A.J.A.;3;clubs;Sigle du club bourguignon;factuel;3;Auxerre
AJA;A.J.A.;3;clubs;Guy Roux l'a dirigé pendant des décennies;factuel;2;longévité du technicien
AJA;A.J.A.;3;clubs;Trois lettres blanc et bleu;joueur;3;couleurs du club
ALE;ale;3;culture;Bière brune servie dans les pubs anglais;factuel;2;boisson britannique
ALE;ale;3;culture;Trois lettres qu'on lève avant le coup d'envoi;joueur;2;rituel d'avant-match
ALE;ale;3;culture;Boisson de fermentation haute;factuel;3;technique brassicole
ALG;ALG;3;initiales;Code FIFA du pays du groupe J en 2026;factuel;3;avec l'Argentine
ALG;ALG;3;initiales;Trois lettres surnommées les Fennecs;joueur;1;surnom de la sélection
ALG;ALG;3;initiales;Vainqueur de la CAN en 1990 et en 2019;factuel;2;palmarès continental
AME;âme;3;fillfoot;Elle habite un club plus qu'un effectif;factuel;2;identité d'une équipe
AME;âme;3;fillfoot;Le capitaine est celle du groupe;joueur;1;rôle du meneur d'hommes
AME;âme;3;fillfoot;Chevillée au corps, elle fait revenir de trois buts;joueur;2;force morale
AMI;ami;3;initiales;Ce que le derby suspend le temps d'un match;joueur;2;rivalité amicale
AMI;ami;3;initiales;Celui qui garde ta place à l'abonnement;factuel;2;habitude des tribunes
AMI;ami;3;initiales;Trois lettres avec qui on refait le match;joueur;1;convivialité d'après-match
ANE;âne;3;fillfoot;Animal dont on coiffe le cancre;factuel;1;expression scolaire
ANE;âne;3;fillfoot;Son bonnet revient au dernier du classement;joueur;1;image consacrée
ANE;âne;3;fillfoot;On lui préfère le fauve sur les écussons;joueur;2;emblème peu prisé
ANS;ans;3;fillfoot;Le contrat court sur trois ou quatre;factuel;1;durée d'engagement
ANS;ans;3;fillfoot;Trente-cinq, et on parle déjà de la fin;factuel;1;âge d'un joueur
ANS;ans;3;fillfoot;On les compte à rebours pour le doyen;joueur;2;longévité
ARC;arc;3;vocab;Il délimite le coin du terrain;factuel;2;quart de cercle du corner
ARC;arc;3;vocab;Devant la surface, il tient les autres à distance;factuel;3;arc du point de réparation
ARC;arc;3;vocab;Tracé en blanc sur la pelouse;joueur;1;marquage au sol
ARG;ARG;3;initiales;Code FIFA du finaliste du Mondial 2026;factuel;1;défaite contre l'Espagne
ARG;ARG;3;initiales;Tenant du titre battu à New York;factuel;1;finale du 19 juillet
ARG;ARG;3;initiales;Trois lettres bleu ciel et blanches;joueur;1;couleurs de l'Albiceleste
ARM;ARM;3;selections;Code FIFA de l'Arménie;factuel;3;abréviation officielle
ARM;ARM;3;selections;Sélection du Caucase du Sud;factuel;3;géographie
ARM;ARM;3;selections;Trois lettres qui signifient arme en anglais;joueur;2;homonymie
ART;art;3;fillfoot;Discipline où le beau prime sur l'utile;factuel;2;acception classique
ART;art;3;fillfoot;Certains jurent que ce sport en est un;joueur;1;débat récurrent
ART;art;3;fillfoot;Le geste mille fois répété finit par en devenir un;joueur;2;maîtrise technique
ASM;A.S.M.;3;initiales;Sigle du club de la principauté;factuel;2;AS Monaco
ASM;A.S.M.;3;initiales;Trois lettres rouge et blanc au stade Louis-II;joueur;2;couleurs et enceinte
ASM;A.S.M.;3;initiales;Il a vendu Bamba à Newcastle en 2026;factuel;3;mercato de juillet
AUS;AUS;3;initiales;Code FIFA de l'Australie;factuel;2;abréviation officielle
AUS;AUS;3;initiales;Sélection passée d'une confédération à l'autre;factuel;3;bascule vers l'Asie
AUS;AUS;3;initiales;Trois lettres surnommées les Socceroos;joueur;2;surnom de la sélection
AUT;AUT;3;initiales;Code FIFA du pays battu trois à zéro par la Roja;factuel;3;seizième de finale 2026
AUT;AUT;3;initiales;Sélection du groupe J en 2026;factuel;3;avec l'Argentine
AUT;AUT;3;initiales;Trois lettres qui évoquent le Wunderteam d'antan;joueur;3;équipe des années trente
AXE;axe;3;vocab;Couloir central du terrain;factuel;1;zone médiane
AXE;axe;3;vocab;Il relie les deux surfaces;factuel;2;ligne longitudinale
AXE;axe;3;vocab;Là où règnent les grands costauds;joueur;2;poste des défenseurs centraux
AZE;AZE;3;selections;Code FIFA de l'Azerbaïdjan;factuel;3;abréviation officielle
AZE;AZE;3;selections;Sélection du Caucase;factuel;3;géographie
AZE;AZE;3;selections;Trois lettres au bord de la Caspienne;joueur;3;situation du pays
BAC;bac;3;fillfoot;Récipient rempli où l'on plonge les jambes;factuel;1;matériel du club
BAC;bac;3;fillfoot;Celui à glace attend les joueurs après l'effort;factuel;1;protocole de récupération
BAC;bac;3;fillfoot;L'eau y est à dix degrés et personne n'aime ça;joueur;1;bain froid
BAL;bal;3;fillfoot;Réjouissance à laquelle on compare un match ouvert;factuel;2;image consacrée
BAL;bal;3;fillfoot;L'ouvrir, c'est marquer le premier;joueur;1;expression consacrée
BAL;bal;3;fillfoot;Il a duré tout le match et cinq réalisations;joueur;2;rencontre spectaculaire
BAL;bal;3;fillfoot;Il a duré nonante minutes et cinq réalisations;joueur;2;rencontre spectaculaire
BAN;ban;3;vocab;Interdiction de stade visant un supporter;factuel;2;sanction administrative
BAN;ban;3;vocab;Il tient un groupe à l'écart des gradins;factuel;2;mesure d'éloignement
BAN;ban;3;vocab;Le joueur en disgrâce y est relégué;joueur;2;mise à l'écart
BAR;bar;3;fillfoot;Le club en exploite un dans ses tribunes;factuel;1;service au public
BAR;bar;3;fillfoot;On y refait la rencontre jusqu'à minuit;factuel;1;convivialité d'après-match
BAR;bar;3;fillfoot;Les tactiques les plus brillantes s'y inventent;joueur;1;expertise de comptoir
BAS;bas;3;vocab;Le bloc l'est quand il colle à sa surface;factuel;2;organisation défensive reculée
BAS;bas;3;vocab;Le centre tendu arrive à cette hauteur;factuel;3;trajectoire au ras du sol
BAS;bas;3;vocab;De tableau, il fait très peur au printemps;joueur;1;zone de relégation
BAT;bat;3;vocab;Verbe de celui qui l'emporte;factuel;1;conjugaison
BAT;bat;3;vocab;Il le record du club en une seule soirée;factuel;2;performance individuelle
BAT;bat;3;vocab;Trois lettres devant le tenant du titre;joueur;2;exploit sportif
BEC;bec;3;fillfoot;Organe de l'oiseau qui orne certains blasons;factuel;2;emblème animalier
BEC;bec;3;fillfoot;S'y casser les dents contre un bloc regroupé;joueur;2;expression consacrée
BEC;bec;3;fillfoot;Clouer le sien, c'est faire taire un rival;joueur;1;expression consacrée
BEL;BEL;3;initiales;Code FIFA du quart-de-finaliste du Mondial 2026;factuel;2;battu par l'Espagne
BEL;BEL;3;initiales;Il a éliminé les États-Unis en huitièmes;factuel;2;victoire à Seattle
BEL;BEL;3;initiales;Trois lettres surnommées les Diables rouges;joueur;1;surnom de la sélection
BFA;BFA;3;selections;Code FIFA du Burkina Faso;factuel;3;abréviation officielle
BFA;BFA;3;selections;Sélection surnommée les Étalons;factuel;3;surnom du pays
BFA;BFA;3;selections;Trois lettres finalistes de la CAN en 2013;joueur;3;parcours continental
BIH;BIH;3;initiales;Code FIFA de la Bosnie-Herzégovine;factuel;3;abréviation officielle
BIH;BIH;3;initiales;Sélection battue sept à zéro par l'Allemagne en qualifs;factuel;3;record encaissé
BIH;BIH;3;initiales;Trois lettres des Balkans;joueur;3;implantation du pays
BIO;bio;3;initiales;Résumé de carrière sur la fiche du joueur;factuel;2;notice biographique
BIO;bio;3;initiales;Trois lettres au dos du programme du stade;joueur;2;présentation des effectifs
BIO;bio;3;initiales;Abrégé de biographie;factuel;1;troncation courante
BIS;bis;3;vocab;Répétition immédiate du même exploit;factuel;2;seconde réalisation
BIS;bis;3;vocab;Le buteur en signe un juste après le premier;factuel;1;doublé
BIS;bis;3;vocab;Le public le réclame comme au spectacle;joueur;1;expression consacrée
BLE;blé;3;fillfoot;Céréale dont le nom sert à parler d'argent;factuel;2;terme familier
BLE;blé;3;fillfoot;Le club en manque pour boucler son recrutement;joueur;1;trésorerie serrée
BLE;blé;3;fillfoot;Il fait tourner le marché des transferts;joueur;1;nerf du mercato
BOB;bob;3;culture;Chapeau souple porté en tribune l'été;factuel;1;couvre-chef du supporter
BOB;bob;3;culture;Il se décline aux couleurs du club;factuel;1;produit dérivé
BOB;bob;3;culture;Trois lettres qui protègent du soleil;joueur;1;fonction de l'objet
BOL;bol;3;fillfoot;Récipient du petit-déjeuner à la mise au vert;factuel;1;quotidien du joueur
BOL;bol;3;fillfoot;En avoir, c'est voir le ballon rentrer sur un rebond;joueur;1;expression consacrée
BOL;bol;3;fillfoot;Il en faut autant que de talent, disent les anciens;joueur;2;part de chance
BOX;box;3;vocab;Anglicisme pour la surface de réparation;factuel;2;terme anglais
BOX;box;3;vocab;Le milieu qui la traverse sans cesse vaut cher;joueur;3;profil box-to-box
BOX;box;3;vocab;Y toucher la balle de la main coûte onze mètres;joueur;1;penalty concédé
BRA;BRA;3;initiales;Code FIFA du pays cinq fois champion du monde;factuel;1;record de titres
BRA;BRA;3;initiales;Éliminé en huitièmes de finale en 2026;factuel;2;pire résultat depuis 1990
BRA;BRA;3;initiales;Trois lettres jaune et vert;joueur;1;couleurs de la Seleção
BUS;bus;3;vocab;On le gare devant la cage;joueur;1;expression du jeu ultra-défensif
BUS;bus;3;vocab;Mourinho serait passé maître dans cet art;joueur;2;réputation défensive du technicien
BUS;bus;3;vocab;Il transporte l'équipe jusqu'au stade;factuel;1;déplacement de l'équipe
BUT;but;3;vocab;Le ballon a franchi la ligne entièrement;factuel;1;ballon au-delà de la ligne
BUT;but;3;vocab;Cage de 7,32 m sur 2,44 m;factuel;2;dimensions officielles FIFA
BUT;but;3;vocab;On le crie plus fort que tout le reste;joueur;1;cri des tribunes
BUT;but;3;vocab;Il fait exploser un stade entier;joueur;1;réaction du public
CAF;C.A.F.;3;initiales;Sigle de la confédération africaine;factuel;2;instance continentale
CAF;C.A.F.;3;initiales;Elle organise la Coupe d'Afrique des nations;factuel;1;compétition continentale
CAF;C.A.F.;3;initiales;Trois lettres qui règnent sur un continent;joueur;2;autorité régionale
CAN;C.A.N.;3;fillfoot;Sigle de l'épreuve continentale africaine;factuel;1;Coupe d'Afrique des Nations
CAN;C.A.N.;3;fillfoot;Elle prive les clubs de leurs internationaux;factuel;2;calendrier de janvier
CAN;C.A.N.;3;fillfoot;Trois lettres qui vident les effectifs européens;joueur;2;absence des sélectionnés
CAP;cap;3;vocab;En anglais, il compte les sélections;factuel;3;terme anglo-saxon
CAP;cap;3;vocab;Passer celui des quarts change une carrière;joueur;2;étape franchie
CAP;cap;3;vocab;Il faut le tenir malgré le score;joueur;1;expression consacrée
CAR;car;3;fillfoot;Il emmène les supporters au déplacement;factuel;1;transport des groupes
CAR;car;3;fillfoot;Escorté, il rejoint l'enceinte adverse;factuel;2;dispositif de sécurité
CAR;car;3;fillfoot;Il part à six heures pour trois cents kilomètres;joueur;1;réalité du déplacement
CAS;cas;3;fillfoot;Situation particulière soumise à la commission;factuel;2;instruction disciplinaire
CAS;cas;3;fillfoot;En faire grand, c'est miser sur un jeune;joueur;2;expression consacrée
CAS;cas;3;fillfoot;Celui de conscience du sélectionneur;joueur;1;dilemme de la liste
CBF;C.B.F.;3;initiales;Sigle de la fédération brésilienne;factuel;3;instance nationale
CBF;C.B.F.;3;initiales;Elle a recruté un technicien italien en 2025;factuel;3;arrivée d'Ancelotti
CBF;C.B.F.;3;initiales;Trois lettres qui gèrent cinq étoiles;joueur;3;palmarès mondial
CDM;C.D.M.;3;competitions;Sigle courant de l'épreuve reine;factuel;2;Coupe du monde
CDM;C.D.M.;3;competitions;Celle de 2026 s'est jouée à quarante-huit;factuel;1;format élargi
CDM;C.D.M.;3;competitions;Trois lettres attendues tous les quatre ans;joueur;1;cycle de la compétition
CFA;C.F.A.;3;competitions;Ancien nom du championnat de France amateur;factuel;3;quatrième échelon
CFA;C.F.A.;3;competitions;Il a été rebaptisé National au fil des réformes;factuel;3;réorganisation des divisions
CFA;C.F.A.;3;competitions;Trois lettres où l'on rêve encore de monter;joueur;3;football semi-professionnel
CHI;CHI;3;initiales;Code FIFA du Chili;factuel;2;abréviation officielle
CHI;CHI;3;initiales;Il a reçu la Coupe du monde en 1962;factuel;3;édition sud-américaine
CHI;CHI;3;initiales;Trois lettres deux fois sacrées en Copa América;joueur;3;2015 et 2016
CHN;CHN;3;initiales;Code FIFA de la Chine;factuel;2;abréviation officielle
CHN;CHN;3;initiales;Sélection au Mondial une seule fois, en 2002;factuel;3;unique participation
CHN;CHN;3;initiales;Trois lettres du pays le plus peuplé du football;joueur;2;marché du football
CIE;Cie;3;initiales;Abrégé qui suit un nom dans une raison sociale;factuel;2;abréviation commerciale
CIE;Cie;3;initiales;Trois lettres après le nom du sponsor du maillot;joueur;3;partenaire du club
CIE;Cie;3;initiales;Abréviation de compagnie;factuel;1;usage courant
CIO;C.I.O.;3;competitions;Instance qui organise les Jeux olympiques;factuel;2;comité international
CIO;C.I.O.;3;competitions;Il limite l'âge des joueurs du tournoi masculin;factuel;3;règlement olympique
CIO;C.I.O.;3;competitions;Trois lettres dont le siège est en Suisse;joueur;2;implantation à Lausanne
CIV;CIV;3;initiales;Code FIFA du pays du groupe E en 2026;factuel;3;avec l'Allemagne
CIV;CIV;3;initiales;Trois lettres surnommées les Éléphants;joueur;1;surnom de la sélection
CIV;CIV;3;initiales;Il a reçu et remporté la CAN en 2024;factuel;2;titre à domicile
CLE;clé;3;vocab;Passe qui précède immédiatement la frappe;factuel;2;statistique de match
CLE;clé;3;vocab;Le joueur qui l'est ne se remplace pas;joueur;1;élément indispensable
CLE;clé;3;vocab;Elle ouvre la défense adverse en deux;joueur;2;transmission décisive
CMR;CMR;3;initiales;Code FIFA du Cameroun;factuel;2;abréviation officielle
CMR;CMR;3;initiales;Premier pays africain en quart de finale mondiale;factuel;2;exploit de 1990
CMR;CMR;3;initiales;Trois lettres surnommées les Lions indomptables;joueur;1;surnom de la sélection
COD;COD;3;initiales;Code FIFA du pays du groupe K en 2026;factuel;3;avec le Portugal
COD;COD;3;initiales;Il a tenu en échec les Lusitaniens un à un;factuel;3;match d'ouverture du groupe
COD;COD;3;initiales;Trois lettres surnommées les Léopards;joueur;3;surnom de la sélection
COL;COL;3;initiales;Code FIFA du pays versé dans le groupe K en 2026;factuel;3;avec le Portugal
COL;COL;3;initiales;Trois lettres jaune vif d'Amérique du Sud;joueur;2;couleur du maillot
COL;COL;3;initiales;Partie du vêtement que Cantona relevait;joueur;2;silhouette du joueur
COQ;coq;3;fillfoot;Il orne le maillot de la sélection française;factuel;1;emblème national
COQ;coq;3;fillfoot;Volatile fier qui n'a jamais rien gagné seul;joueur;2;symbole des Bleus
COQ;coq;3;fillfoot;Il chante toujours plus fort chez lui;joueur;1;avantage du terrain
COR;cor;3;initiales;Instrument que le virage n'a pas adopté;joueur;2;fanfare de tribune
COR;cor;3;initiales;De chasse, il sonne le rassemblement;factuel;2;instrument à vent
COR;cor;3;initiales;Début du mot désignant le coup de pied de coin;factuel;3;abréviation usuelle
COU;cou;3;initiales;Le duel aérien le met à rude épreuve;factuel;2;jeu de tête
COU;cou;3;initiales;L'écharpe s'y enroule les soirs d'hiver;joueur;1;tenue du supporter
COU;cou;3;initiales;Trois lettres tendues vers le ballon haut;joueur;2;geste du sauteur
CPA;C.P.A.;3;initiales;Sigle du coup de pied arrêté;factuel;3;jargon des statisticiens
CPA;C.P.A.;3;initiales;Corner, coup franc ou onze mètres;factuel;2;phases de jeu concernées
CPA;C.P.A.;3;initiales;Trois lettres qui décident un tiers des buts;joueur;3;poids dans le jeu
CPV;CPV;3;initiales;Code FIFA du pays qui a tenu tête à l'Espagne;factuel;3;groupe H en 2026
CPV;CPV;3;initiales;Archipel atlantique au Mondial 2026;factuel;3;participation à la phase finale
CPV;CPV;3;initiales;Trois lettres surnommées les Requins bleus;joueur;3;surnom de la sélection
CRC;CRC;3;initiales;Code FIFA du Costa Rica;factuel;3;abréviation officielle
CRC;CRC;3;initiales;Quart-de-finaliste mondial en 2014;factuel;3;parcours brésilien
CRC;CRC;3;initiales;Trois lettres surnommées la Sele;joueur;3;surnom de la sélection
CRI;cri;3;vocab;Il jaillit des tribunes à la réalisation;factuel;1;réaction du public
CRI;cri;3;vocab;Celui du portier coordonne sa défense;factuel;2;communication du gardien
CRI;cri;3;vocab;Il couvre parfois le coup de sifflet;joueur;2;bruit du stade
CRO;CRO;3;initiales;Code FIFA du finaliste du Mondial 2018;factuel;2;défaite contre la France
CRO;CRO;3;initiales;Troisième au Qatar en 2022;factuel;2;podium mondial
CRO;CRO;3;initiales;Trois lettres à damier rouge et blanc;joueur;1;motif du maillot
CRU;cru;3;vocab;Bon, il désigne une génération douée;factuel;2;expression consacrée
CRU;cru;3;vocab;Le centre de formation en sort un par décennie;joueur;2;promotion de jeunes
CRU;cru;3;vocab;Le langage des tribunes l'est souvent;joueur;1;franc-parler du public
CSC;c.s.c.;3;vocab;Sigle du ballon envoyé dans sa cage;factuel;2;contre son camp
CSC;c.s.c.;3;vocab;Il est crédité à l'équipe adverse;factuel;2;comptabilisation officielle
CSC;c.s.c.;3;vocab;La pire façon de faire parler de soi;joueur;1;erreur contre son camp
CUP;cup;3;vocab;Anglicisme pour l'épreuve à élimination;factuel;2;terme anglais
CUP;cup;3;vocab;Les Anglais la disputent depuis 1871;factuel;3;plus vieille épreuve du monde
CUP;cup;3;vocab;Le petit club y rêve d'un soir de gloire;joueur;1;exploit en épreuve éliminatoire
CUW;CUW;3;initiales;Code FIFA du pays largement battu par l'Allemagne;factuel;3;groupe E en 2026
CUW;CUW;3;initiales;Île des Caraïbes au Mondial 2026;factuel;3;participation à la phase finale
CUW;CUW;3;initiales;Trois lettres d'un tout petit territoire qualifié;joueur;3;exploit du format à 48
CZE;CZE;3;initiales;Code FIFA de la République tchèque;factuel;3;abréviation officielle
CZE;CZE;3;initiales;Finaliste de l'Euro 1996 à Wembley;factuel;3;défaite contre l'Allemagne
CZE;CZE;3;initiales;Trois lettres du pays d'un penalty devenu célèbre;joueur;2;geste de 1976
DAB;dab;3;culture;Célébration où l'on cache son visage dans le coude;factuel;1;geste des années 2010
DAB;dab;3;culture;Pogba l'a beaucoup popularisé;factuel;2;joueur associé au geste
DAB;dab;3;culture;Trois lettres devenues ringardes très vite;joueur;1;mode passagère
DEN;DEN;3;initiales;Code FIFA du Danemark;factuel;2;abréviation officielle
DEN;DEN;3;initiales;Champion d'Europe surprise en 1992;factuel;2;titre repêché
DEN;DEN;3;initiales;Trois lettres rouge et blanc;joueur;1;couleurs du maillot
DES;des;3;initiales;Article devant buts et devant passes;factuel;1;pluriel indéfini
DES;des;3;initiales;Il précède Princes dans le nom d'un stade;joueur;1;Parc des Princes
DES;des;3;initiales;Trois lettres devant champions dans un nom d'épreuve;factuel;1;Ligue des champions
DFB;D.F.B.;3;initiales;Sigle de la fédération allemande;factuel;3;instance nationale
DFB;D.F.B.;3;initiales;Elle organise la coupe nationale outre-Rhin;factuel;3;épreuve à élimination
DFB;D.F.B.;3;initiales;Trois lettres qui emploient le sélectionneur allemand;joueur;3;employeur de Nagelsmann
DIT;dit;3;initiales;Verbe du technicien en conférence de presse;factuel;1;prise de parole
DIT;dit;3;initiales;On le prétend bon, mais on ne l'a jamais vu;joueur;2;réputation contestée
DIT;dit;3;initiales;Trois lettres devant tout haut ce qu'on pense;joueur;1;franc-parler
DIX;dix;3;fillfoot;Numéro traditionnel du créateur;factuel;1;maillot du meneur
DIX;dix;3;fillfoot;Il joue entre les lignes et fait rêver;joueur;1;rôle emblématique
DIX;dix;3;fillfoot;On ne le confie pas à n'importe qui;joueur;1;symbolique du maillot
DON;don;3;fillfoot;Aptitude naturelle qui ne s'apprend pas;factuel;1;talent inné
DON;don;3;fillfoot;Il ne remplace jamais le travail;joueur;1;adage consacré
DON;don;3;fillfoot;Certains l'ont, les autres s'entraînent;joueur;1;inégalité des aptitudes
DOS;dos;3;vocab;Le pivot joue tourné ainsi vers la cage;factuel;2;position du point d'appui
DOS;dos;3;vocab;Le numéro y est cousu;factuel;1;numérotation du maillot
DOS;dos;3;vocab;Le défenseur y colle son torse;joueur;2;marquage rapproché
DUO;duo;3;vocab;Paire d'attaquants complémentaires;factuel;2;tandem offensif
DUO;duo;3;vocab;À eux deux, la moitié des réalisations;joueur;2;tandem décisif
DUO;duo;3;vocab;Devant, ils se connaissent par cœur;joueur;1;complicité offensive
DUR;dur;3;vocab;Le jeu l'est quand ça tacle sans ménagement;factuel;1;engagement physique
DUR;dur;3;vocab;Terrain gelé, il devient impraticable;factuel;2;état de la pelouse
DUR;dur;3;vocab;Le défenseur au marquage l'est aussi;joueur;1;joueur rugueux
EAU;eau;3;fillfoot;Elle arrose la pelouse avant le coup d'envoi;factuel;1;entretien du terrain
EAU;eau;3;fillfoot;Le porteur d'un bidon fait le tour du banc;factuel;1;ravitaillement des joueurs
EAU;eau;3;fillfoot;Le tireur en boit trois gorgées avant d'armer;joueur;2;rituel d'avant-penalty
ECU;ECU;3;initiales;Code FIFA du pays qui a battu l'Allemagne en 2026;factuel;3;phase de groupes
ECU;ECU;3;initiales;Sélection andine du Mondial 2026;factuel;2;groupe E
ECU;ECU;3;initiales;Trois lettres qui désignent aussi une monnaie ancienne;joueur;1;homonymie
EDF;E.D.F.;3;competitions;Sigle de la sélection tricolore;factuel;2;équipe de France
EDF;E.D.F.;3;competitions;Elle a fini quatrième du Mondial 2026;factuel;1;petite finale perdue
EDF;E.D.F.;3;competitions;Trois lettres qui évoquent aussi l'électricité;joueur;1;homonymie
EGY;EGY;3;initiales;Code FIFA du pays du groupe G en 2026;factuel;3;avec la Belgique
EGY;EGY;3;initiales;Recordman de titres continentaux africains;factuel;2;sept CAN remportées
EGY;EGY;3;initiales;Trois lettres surnommées les Pharaons;joueur;1;surnom de la sélection
ELU;élu;3;vocab;Désigné pour tirer le dernier des onze mètres;factuel;2;choix du tireur
ELU;élu;3;vocab;Le président du club l'est par les membres;factuel;2;gouvernance associative
ELU;élu;3;vocab;Il porte le poids de tout un pays;joueur;1;pression du moment
EMU;ému;3;initiales;Le capitaine l'est au moment de soulever le trophée;factuel;1;émotion du sacre
EMU;ému;3;initiales;Trois lettres devant aux larmes après la relégation;joueur;2;fin de saison cruelle
EMU;ému;3;initiales;Participe passé du verbe émouvoir;factuel;1;conjugaison
ENG;ENG;3;initiales;Code FIFA du troisième du Mondial 2026;factuel;1;médaille de bronze
ENG;ENG;3;initiales;Vainqueur six à quatre des Bleus en petite finale;factuel;2;rencontre de Miami
ENG;ENG;3;initiales;Trois lettres qui n'ont gagné qu'une fois, en 1966;joueur;1;unique titre mondial
ERE;ère;3;fillfoot;Période historique que le palmarès délimite;factuel;2;découpage du récit
ERE;ère;3;fillfoot;Celle d'un grand technicien marque un club;factuel;1;période de règne
ERE;ère;3;fillfoot;Nouvelle, elle commence par un limogeage;joueur;1;changement de cycle
ESP;ESP;3;initiales;Code FIFA du champion du monde 2026;factuel;1;titre conquis à New York
ESP;ESP;3;initiales;Deuxième étoile seize ans après la première;factuel;2;après le sacre de 2010
ESP;ESP;3;initiales;Un seul but encaissé en phase à élimination directe;joueur;3;solidité de 2026
EST;est;3;initiales;Point cardinal qui donne son nom à des tribunes;factuel;1;orientation du stade
EST;est;3;initiales;Verbe être à la troisième personne;factuel;1;conjugaison
EST;est;3;initiales;Trois lettres d'un virage moins bruyant que l'autre;joueur;2;tribune latérale
ETC;etc.;3;initiales;Ce qui suit la liste des trophées d'un grand club;joueur;2;énumération abrégée
ETC;etc.;3;initiales;Abrégé qui évite d'énumérer tout un palmarès;factuel;1;abréviation latine
ETC;etc.;3;initiales;Trois lettres pour ne pas tout citer;factuel;1;usage courant
ETE;été;3;fillfoot;Saison du mercato;joueur;1;fenêtre estivale des transferts
ETE;été;3;fillfoot;Période de la préparation physique;factuel;1;reprise en juillet
ETE;été;3;fillfoot;Le championnat s'y interrompt;factuel;1;trêve estivale
ETE;été;3;fillfoot;Les stades sont vides, les rumeurs pleines;joueur;2;actualité des transferts
EUX;eux;3;initiales;Pronom qui désigne l'équipe d'en face;joueur;1;langage de tribune
EUX;eux;3;initiales;Nous contre, voilà tout le derby en un mot;joueur;2;opposition des camps
EUX;eux;3;initiales;Pronom personnel de la troisième personne;factuel;1;grammaire française
FAN;fan;3;vocab;Il porte l'écharpe et connaît tous les chants;factuel;1;supporter
FAN;fan;3;vocab;Anglicisme pour l'amoureux d'un club;factuel;2;terme anglais
FAN;fan;3;vocab;Il souffre plus que ceux qui courent;joueur;1;expérience du supporter
FCN;F.C.N.;3;initiales;Sigle qui précède Nantes;factuel;2;club ligérien
FCN;F.C.N.;3;initiales;Trois lettres surnommées les Canaris;joueur;2;surnom du club
FCN;F.C.N.;3;initiales;Huit fois champion de France;factuel;3;palmarès du club
FER;fer;3;vocab;Métal dont on qualifie une défense inflexible;factuel;2;image consacrée
FER;fer;3;vocab;De lance, il désigne l'homme de pointe;joueur;1;expression consacrée
FER;fer;3;vocab;Une main de ce métal tient un vestiaire;joueur;2;autorité du technicien
FEU;feu;3;vocab;Les fumigènes en produisent dans les gradins;factuel;1;engins pyrotechniques
FEU;feu;3;vocab;L'ailier le met dans son couloir;joueur;1;expression consacrée
FEU;feu;3;vocab;Vert, il débloque enfin le transfert;joueur;2;accord entre clubs
FFF;F.F.F.;3;vocab;Sigle de l'instance du football hexagonal;factuel;1;Fédération Française de Football
FFF;F.F.F.;3;vocab;Elle emploie le sélectionneur des Bleus;factuel;2;employeur de l'encadrement national
FFF;F.F.F.;3;vocab;Trois lettres qui décident de tout chez nous;joueur;2;instance dirigeante
FIL;fil;3;fillfoot;Il retient la maille aux montants;factuel;2;fixation du but
FIL;fil;3;fillfoot;Au sien des journées, le classement se dessine;factuel;1;déroulé de la saison
FIL;fil;3;fillfoot;Le maintien tient au sien jusqu'en mai;joueur;1;expression consacrée
FIN;fin;3;vocab;Sifflée, elle libère ou elle brise;joueur;1;coup de sifflet final
FIN;fin;3;vocab;Elle arrive après le temps additionnel;factuel;1;terme de la rencontre
FIN;fin;3;vocab;Technique, il touche la balle avec délicatesse;factuel;2;adjectif de style
FOI;foi;3;fillfoot;Bonne, elle qualifie un geste sans intention;factuel;2;appréciation arbitrale
FOI;foi;3;fillfoot;Croyance que le virage garde jusqu'au bout;factuel;1;soutien inconditionnel
FOI;foi;3;fillfoot;Y croire encore à trois longueurs, c'est ça;joueur;1;espoir tenace
FOU;fou;3;vocab;Un match l'est quand il finit à cinq partout;factuel;1;rencontre spectaculaire
FOU;fou;3;vocab;Le ballon l'est quand il traîne dans la surface;joueur;1;situation confuse
FOU;fou;3;vocab;Le public le devient dans les arrêts de jeu;joueur;1;explosion des tribunes
FRA;FRA;3;initiales;Code FIFA du quatrième du Mondial 2026;factuel;1;abréviation officielle
FRA;FRA;3;initiales;Trois lettres championnes du monde en 1998 et 2018;factuel;1;deux étoiles
FRA;FRA;3;initiales;Le maillot bleu en trois lettres;joueur;1;couleur de la sélection
FUT;fût;3;fillfoot;Récipient de bois ou de métal sous pression;factuel;2;contenant à boisson
FUT;fût;3;fillfoot;La buvette le met en perce avant le coup d'envoi;factuel;1;service au public
FUT;fût;3;fillfoot;Il se vide plus vite les soirs de victoire;joueur;1;célébration
GAB;GAB;3;selections;Code FIFA du Gabon;factuel;3;abréviation officielle
GAB;GAB;3;selections;Sélection surnommée les Panthères;factuel;3;surnom du pays
GAB;GAB;3;selections;Trois lettres qui ont reçu la CAN en 2017;joueur;3;organisation continentale
GAG;gag;3;fillfoot;Situation comique dont on rit longtemps;factuel;1;scène burlesque
GAG;gag;3;fillfoot;Ce raté restera dans les anthologies;joueur;1;action ridicule
GAG;gag;3;fillfoot;Trois joueurs qui se percutent en font un;joueur;1;cafouillage
GAI;gai;3;fillfoot;Adjectif contraire de morose;factuel;1;acception courante
GAI;gai;3;fillfoot;Le vestiaire l'est après un large succès;joueur;1;ambiance d'après-match
GAI;gai;3;fillfoot;Trois lettres qui disparaissent après une descente;joueur;2;moral du club
GAZ;gaz;3;fillfoot;Ce qui alimente les chaudières du vestiaire;factuel;2;équipement du stade
GAZ;gaz;3;fillfoot;Les mettre, c'est accélérer d'un seul coup;joueur;1;expression consacrée
GAZ;gaz;3;fillfoot;Il n'y en a plus dans les jambes à la 80e;joueur;1;épuisement
GEL;gel;3;vocab;Il fait reporter les rencontres d'hiver;factuel;1;terrain impraticable
GEL;gel;3;vocab;Les crampons n'accrochent plus dessus;factuel;2;surface durcie
GEL;gel;3;vocab;L'arbitre tâte la pelouse avant d'annoncer;joueur;2;contrôle avant match
GER;GER;3;initiales;Code FIFA d'un pays quatre fois champion du monde;factuel;1;1954, 1974, 1990 et 2014
GER;GER;3;initiales;Éliminé au premier tour en 2018 puis en 2022;factuel;2;deux échecs consécutifs
GER;GER;3;initiales;Trois lettres réputées imbattables aux onze mètres;joueur;2;légende de la Mannschaft
GHA;GHA;3;initiales;Code FIFA du Ghana;factuel;2;abréviation officielle
GHA;GHA;3;initiales;Trois lettres surnommées les Black Stars;joueur;2;surnom de la sélection
GHA;GHA;3;initiales;Quart-de-finaliste mondial en 2010;factuel;3;parcours africain
GRE;GRE;3;initiales;Code FIFA de la Grèce;factuel;2;abréviation officielle
GRE;GRE;3;initiales;Champion d'Europe surprise en 2004;factuel;2;titre au Portugal
GRE;GRE;3;initiales;Trois lettres bleu et blanc;joueur;2;couleurs du maillot
GUI;GUI;3;selections;Code FIFA de la Guinée;factuel;3;abréviation officielle
GUI;GUI;3;selections;Sélection surnommée le Syli national;factuel;3;surnom du pays
GUI;GUI;3;selections;Trois lettres qui désignent aussi une plante;joueur;1;homonymie
GUY;Guy;3;coachs;Prénom du bâtisseur du club auxerrois;factuel;2;technicien bourguignon
GUY;Guy;3;coachs;Prénom masculin porté par un entraîneur culte;factuel;1;figure du football français
GUY;Guy;3;coachs;Trois lettres coiffées d'un bonnet en hiver;joueur;2;silhouette du technicien
HAC;H.A.C.;3;initiales;Sigle du plus ancien club de France;factuel;3;fondé au Havre
HAC;H.A.C.;3;initiales;Trois lettres ciel et marine;joueur;3;couleurs du club normand
HAC;H.A.C.;3;initiales;Club portuaire de Ligue 1;factuel;2;implantation
HAI;HAI;3;initiales;Code FIFA du pays du groupe C en 2026;factuel;3;avec le Brésil
HAI;HAI;3;initiales;Sélection caribéenne au Mondial 2026;factuel;3;participation à la phase finale
HAI;HAI;3;initiales;Trois lettres surnommées les Grenadiers;joueur;3;surnom de la sélection
HAN;han;3;vocab;Cri sourd de l'effort;factuel;1;interjection
HAN;han;3;vocab;Souffle du gardien qui dégage au pied;factuel;2;onomatopée du geste
HAN;han;3;vocab;Trois lettres poussées au moment du tacle;joueur;2;bruit de l'engagement
HIC;hic;3;fillfoot;Petit mot pour un très gros ennui;factuel;1;terme familier
HIC;hic;3;fillfoot;Le calendrier, voilà tout le problème;factuel;2;difficulté principale
HIC;hic;3;fillfoot;Il surgit toujours au retour de la trêve;joueur;1;obstacle imprévu
HIT;hit;3;fillfoot;Anglicisme pour le tube que tout le monde reprend;factuel;1;terme anglais
HIT;hit;3;fillfoot;Le chant du virage en devient parfois un;joueur;1;succès populaire
HIT;hit;3;fillfoot;Celui de l'été accompagne le mercato;joueur;2;bande-son de la saison
HON;HON;3;initiales;Code FIFA du Honduras;factuel;3;abréviation officielle
HON;HON;3;initiales;Sélection d'Amérique centrale;factuel;2;confédération nord-américaine
HON;HON;3;initiales;Trois lettres qui évoquent aussi la distinction;joueur;1;homonymie
HUE;hue;3;vocab;Le public le fait quand il s'ennuie;factuel;1;sifflets des tribunes
HUE;hue;3;vocab;Il exprime le mécontentement des gradins;factuel;1;réaction du public
HUE;hue;3;vocab;L'ancien du club y a droit à son retour;joueur;2;accueil hostile
HUN;HUN;3;initiales;Code FIFA de la Hongrie;factuel;3;abréviation officielle
HUN;HUN;3;initiales;Finaliste malheureux du Mondial 1954;factuel;3;défaite contre l'Allemagne
HUN;HUN;3;initiales;Trois lettres du Onze d'Or des années cinquante;joueur;3;équipe mythique
ICI;ici;3;culture;Premier mot d'un chant parisien très connu;factuel;2;refrain du Parc
ICI;ici;3;culture;Adverbe qui désigne le lieu où l'on se trouve;factuel;1;grammaire française
ICI;ici;3;culture;Trois lettres qui affirment un territoire;joueur;2;message du virage
ILE;île;3;fillfoot;Terre entourée d'eau ayant sa propre sélection;factuel;1;fédération insulaire
ILE;île;3;fillfoot;L'Angleterre en est une, berceau du jeu;factuel;2;origine du football moderne
ILE;île;3;fillfoot;Le portier y est bien seul dans sa surface;joueur;2;solitude du poste
ILS;ils;3;initiales;Pronom qui désigne les onze d'en face;joueur;1;langage de tribune
ILS;ils;3;initiales;Trois lettres devant l'ont fait, crie le commentateur;joueur;1;exclamation en direct
ILS;ils;3;initiales;Pronom sujet de la troisième personne du pluriel;factuel;1;grammaire française
IRA;ira;3;initiales;Verbe qui projette l'équipe jusqu'en finale;joueur;1;futur simple
IRA;ira;3;initiales;On dit du jeune prometteur qu'il loin;joueur;1;pronostic sur un espoir
IRA;ira;3;initiales;Verbe aller au futur, troisième personne;factuel;1;conjugaison
IRL;IRL;3;initiales;Code FIFA de la République d'Irlande;factuel;3;abréviation officielle
IRL;IRL;3;initiales;Quart-de-finaliste mondial en 1990;factuel;3;meilleur parcours du pays
IRL;IRL;3;initiales;Trois lettres au trèfle et au maillot vert;joueur;2;emblèmes du pays
IRN;IRN;3;initiales;Code FIFA du pays du groupe G en 2026;factuel;3;avec la Belgique
IRN;IRN;3;initiales;Sélection asiatique surnommée Team Melli;factuel;3;surnom du pays
IRN;IRN;3;initiales;Trois lettres habituées des phases finales;joueur;2;régularité en Coupe du monde
IRQ;IRQ;3;initiales;Code FIFA du pays battu trois à zéro par les Bleus;factuel;2;groupe I en 2026
IRQ;IRQ;3;initiales;Sélection asiatique du Mondial 2026;factuel;2;participation à la phase finale
IRQ;IRQ;3;initiales;Trois lettres surnommées les Lions de Mésopotamie;joueur;3;surnom de la sélection
ISL;ISL;3;initiales;Code FIFA de l'Islande;factuel;3;abréviation officielle
ISL;ISL;3;initiales;Il a éliminé l'Angleterre à l'Euro 2016;factuel;2;exploit du petit pays
ISL;ISL;3;initiales;Trois lettres au clapping devenu célèbre;joueur;1;rituel des supporters
ITA;ITA;3;initiales;Code FIFA d'un pays quatre fois champion du monde;factuel;2;palmarès historique
ITA;ITA;3;initiales;Sacré pour la dernière fois en 2006;factuel;2;titre en Allemagne
ITA;ITA;3;initiales;Trois lettres en maillot azur;joueur;1;couleur de la Squadra
JAM;JAM;3;initiales;Code FIFA de la Jamaïque;factuel;3;abréviation officielle
JAM;JAM;3;initiales;Sélection caribéenne surnommée les Reggae Boyz;factuel;2;surnom du pays
JAM;JAM;3;initiales;Trois lettres jaune, vert et noir;joueur;2;couleurs nationales
JET;jet;3;vocab;De projectile, il fait interrompre la rencontre;factuel;2;incident de tribune
JET;jet;3;vocab;D'eau, il arrose la pelouse à la pause;factuel;1;entretien du terrain
JET;jet;3;vocab;Le premier, c'est l'ébauche du dispositif;joueur;2;brouillon tactique
JEU;jeu;3;vocab;Ses lois sont au nombre de dix-sept;factuel;2;17 lois de l'IFAB
JEU;jeu;3;vocab;Beau, il fait rêver les puristes;joueur;2;expression consacrée
JEU;jeu;3;vocab;Il est dur, ou il est sale;joueur;1;expressions de terrain
JOR;JOR;3;initiales;Code FIFA du pays du groupe J en 2026;factuel;3;avec l'Argentine
JOR;JOR;3;initiales;Sélection asiatique découvrant la phase finale;factuel;3;première participation
JOR;JOR;3;initiales;Trois lettres du royaume hachémite;joueur;3;implantation du pays
JPN;JPN;3;initiales;Code FIFA du Japon;factuel;2;abréviation officielle
JPN;JPN;3;initiales;Il a coorganisé le Mondial 2002 avec un voisin;factuel;2;avec la Corée du Sud
JPN;JPN;3;initiales;Trois lettres en bleu samouraï;joueur;2;surnom de la sélection
JPP;J.P.P.;3;initiales;Initiales du Ballon d'Or français de 1991;factuel;2;attaquant marseillais
JPP;J.P.P.;3;initiales;Une reprise acrobatique porte son surnom;factuel;2;geste éponyme
JPP;J.P.P.;3;initiales;Trois lettres qui ne rataient rien dans la surface;joueur;2;instinct du buteur
JUS;jus;3;fillfoot;Boisson servie au vestiaire à la pause;factuel;1;ravitaillement
JUS;jus;3;fillfoot;Ne plus en avoir dans les jambes;joueur;1;expression consacrée
JUS;jus;3;fillfoot;À la 85e, il n'en reste plus une goutte;joueur;1;épuisement
KIT;kit;3;culture;Anglicisme pour la tenue complète du joueur;factuel;2;maillot, short, chaussettes
KIT;kit;3;culture;Terme anglais passé dans le jargon;factuel;2;emprunt lexical
KIT;kit;3;culture;Trois lettres dévoilées chaque été par les clubs;joueur;2;présentation des maillots
KOP;kop;3;culture;Tribune emblématique du stade de Liverpool;factuel;2;enceinte d'Anfield
KOP;kop;3;culture;Nom donné par extension aux virages de supporters;factuel;2;usage généralisé
KOP;kop;3;culture;Trois lettres qui chantent avant le coup d'envoi;joueur;1;ferveur des Reds
KOR;KOR;3;initiales;Code FIFA de la Corée du Sud;factuel;2;abréviation officielle
KOR;KOR;3;initiales;Demi-finaliste surprise à domicile en 2002;factuel;2;parcours historique
KOR;KOR;3;initiales;Trois lettres surnommées les Guerriers Taeguk;joueur;3;surnom de la sélection
KSA;KSA;3;initiales;Code FIFA de l'Arabie saoudite;factuel;3;abréviation officielle
KSA;KSA;3;initiales;Battu par l'Espagne en phase de groupes en 2026;factuel;3;groupe H
KSA;KSA;3;initiales;Trois lettres où jouent Ronaldo, Kanté et Mané;joueur;2;championnat saoudien
KUN;Kun;3;legendes;Surnom d'un buteur argentin de Manchester City;factuel;2;Agüero
KUN;Kun;3;legendes;Il vient d'un dessin animé japonais de son enfance;factuel;2;origine du surnom
KUN;Kun;3;legendes;Trois lettres au but le plus célèbre d'Angleterre;joueur;1;titre de 2012
LAC;lac;3;initiales;Le terrain y ressemble après trois jours de pluie;joueur;2;pelouse détrempée
LAC;lac;3;initiales;Étendue d'eau au bord de certaines enceintes;factuel;2;géographie
LAC;lac;3;initiales;Trois lettres qui font reporter un match;joueur;2;terrain impraticable
LAS;las;3;initiales;Adjectif du joueur en fin de calendrier;factuel;2;fatigue de fin de saison
LAS;las;3;initiales;Trois lettres devant Palmas dans un nom de club;factuel;3;club des Canaries
LAS;las;3;initiales;Adjectif masculin qui rime avec fatigue;joueur;1;acception courante
LDC;L.D.C.;3;competitions;Sigle de la plus prestigieuse épreuve européenne;factuel;2;Ligue des champions
LDC;L.D.C.;3;competitions;Le PSG l'a remportée deux fois de suite;factuel;1;2025 et 2026
LDC;L.D.C.;3;competitions;Trois lettres dont l'hymne donne des frissons;joueur;1;musique de la compétition
LEO;Leo;3;actuels;Prénom abrégé du meilleur Argentin de l'histoire;factuel;1;diminutif de Lionel
LEO;Leo;3;actuels;Diminutif porté par plusieurs footballeurs;factuel;2;prénom courant
LEO;Leo;3;actuels;Trois lettres qui évoquent aussi un signe du zodiaque;joueur;1;homonymie
LES;les;3;initiales;Article devant Bleus et devant Verts;factuel;1;pluriel défini
LES;les;3;initiales;Il précède Diables rouges et Lions de l'Atlas;joueur;1;surnoms de sélections
LES;les;3;initiales;Trois lettres devant tous les surnoms de clubs;factuel;1;usage courant
LEU;leu;3;fillfoot;Ancien nom du loup en français;factuel;3;étymologie
LEU;leu;3;fillfoot;À la queue, les joueurs entrent sur la pelouse;joueur;1;expression consacrée
LEU;leu;3;fillfoot;Trois lettres qui se répètent dans une locution;factuel;2;queue leu leu
LFP;L.F.P.;3;vocab;Sigle de l'organisateur du championnat français;factuel;2;Ligue de Football Professionnel
LFP;L.F.P.;3;vocab;Elle fixe le calendrier et vend les droits;factuel;3;missions de la ligue
LFP;L.F.P.;3;vocab;Trois lettres qui vous font jouer le dimanche soir;joueur;2;programmation télévisée
LIE;lie;3;initiales;Ce que le contrat fait entre un joueur et son club;factuel;2;engagement contractuel
LIE;lie;3;initiales;Trois lettres du verbe qui unit les partenaires;joueur;2;jeu collectif
LIE;lie;3;initiales;Verbe lier à la troisième personne;factuel;1;conjugaison
LIS;lis;3;initiales;Fleur héraldique de certains écussons;factuel;2;symbole de blason
LIS;lis;3;initiales;Ce qu'on fait de la feuille de match avant le coup d'en;joueur;2;lecture de la compo
LIS;lis;3;initiales;Impératif du verbe lire;factuel;1;conjugaison
LIT;lit;3;fillfoot;Meuble de la mise au vert;factuel;1;hébergement d'avant-match
LIT;lit;3;fillfoot;Le joueur y est à vingt-deux heures la veille;factuel;1;hygiène de vie
LIT;lit;3;fillfoot;Le fidèle y écoute la fin du match à la radio;joueur;1;suivi nocturne
LOB;lob;3;vocab;Ballon frappé par-dessus le gardien;factuel;2;trajectoire haute
LOB;lob;3;vocab;Piqué, il retombe juste sous la barre;factuel;2;frappe piquée
LOB;lob;3;vocab;Il faut voir le portier trop avancé;joueur;2;exploitation d'un gardien sorti
LOI;loi;3;fillfoot;Il y en a dix-sept qui régissent le jeu;factuel;2;corpus de l'IFAB
LOI;loi;3;fillfoot;Celle de l'avantage laisse jouer;factuel;2;règle bien connue
LOI;loi;3;fillfoot;Faire la sienne chez soi, voilà l'objectif;joueur;1;domination à domicile
LOT;lot;3;vocab;Ensemble d'équipes désignées ensemble;factuel;2;groupe issu du tirage
LOT;lot;3;vocab;En sortir, c'est se distinguer des autres;joueur;1;expression consacrée
LOT;lot;3;vocab;Le sien fait rêver ou fait très peur;joueur;2;résultat du tirage
LOW;Löw;3;coachs;Sélectionneur allemand champion du monde en 2014;factuel;1;titre au Brésil
LOW;Löw;3;coachs;Il est resté quinze ans sur le banc;factuel;2;longévité rare
LOW;Löw;3;coachs;Trois lettres qui signifient bas en anglais;joueur;1;homonymie
LUI;lui;3;initiales;Pronom qui désigne le buteur du soir;factuel;1;troisième personne
LUI;lui;3;initiales;Sans, cette équipe ne vaut plus grand-chose;joueur;1;dépendance à un joueur
LUI;lui;3;initiales;Trois lettres devant tout seul contre onze;joueur;2;exploit individuel
LUZ;Luz;3;stades;Enceinte lisboète surnommée la Lumière;factuel;2;Benfica
LUZ;Luz;3;stades;Un aigle y survole la pelouse avant le match;factuel;2;rituel du club
LUZ;Luz;3;stades;Trois lettres qui signifient lumière en portugais;joueur;1;traduction
LYS;lys;3;fillfoot;Fleur héraldique présente sur des écussons;factuel;2;symbole de blason
LYS;lys;3;fillfoot;Emblème royal repris par des clubs français;factuel;3;héraldique
LYS;lys;3;fillfoot;Il fleurit sur les maillots, jamais sur la pelouse;joueur;2;motif décoratif
MAI;mai;3;fillfoot;Mois où se disputent les finales;factuel;1;fin de saison européenne
MAI;mai;3;fillfoot;Il décide du titre et du maintien;joueur;1;dernières journées
MAI;mai;3;fillfoot;Trois lettres qui font trembler les mal classés;joueur;2;lutte pour le maintien
MAN;Man;3;clubs;City ou United, en version abrégée;factuel;1;clubs de Manchester
MAN;Man;3;clubs;Trois lettres devant deux rivaux d'une même ville;factuel;2;derby anglais
MAN;Man;3;clubs;Abrégé très utilisé dans les tableaux de résultats;joueur;2;notation des classements
MAR;MAR;3;initiales;Code FIFA du demi-finaliste du Mondial 2022;factuel;1;meilleur résultat africain
MAR;MAR;3;initiales;Versé dans le groupe C en 2026 avec le Brésil;factuel;2;tirage de décembre 2025
MAR;MAR;3;initiales;Trois lettres surnommées les Lions de l'Atlas;joueur;1;surnom de la sélection
MAT;mat;3;initiales;Le maillot l'est quand il ne brille pas;factuel;2;aspect du tissu
MAT;mat;3;initiales;Trois lettres qui riment avec échec;joueur;2;homonymie avec les échecs
MAT;mat;3;initiales;Adjectif qui décrit une couleur sans reflet;factuel;1;acception courante
MAX;Max;3;actuels;Prénom abrégé d'un défenseur des Bleus de 2026;factuel;3;diminutif de Maxence
MAX;Max;3;actuels;Trois lettres qui abrègent aussi le maximum;factuel;1;troncation courante
MAX;Max;3;actuels;Prénom fréquent sur les feuilles de match;joueur;2;usage courant
MEC;mec;3;fillfoot;Terme familier pour désigner un coéquipier;factuel;1;langage du groupe
MEC;mec;3;fillfoot;Un bon dans le vestiaire vaut de l'or;joueur;1;qualité humaine
MEC;mec;3;fillfoot;Il fait le boulot sans jamais se plaindre;joueur;1;profil apprécié
MER;mer;3;fillfoot;Étendue salée qui borde certaines enceintes;factuel;1;géographie du stade
MER;mer;3;fillfoot;Le Vélodrome n'en est pas très loin;factuel;2;situation de Marseille
MER;mer;3;fillfoot;Une vague la traverse dans les tribunes;joueur;2;ola du public
MES;mes;3;fillfoot;Possessif de la première personne au pluriel;factuel;1;grammaire française
MES;mes;3;fillfoot;Adjectif devant crampons et devant couleurs;factuel;1;usage courant
MES;mes;3;fillfoot;Trois lettres devant années d'abonnement;joueur;2;fidélité du supporter
MET;met;3;initiales;Il l'y au fond, disent les commentateurs;joueur;1;annonce du but
MET;met;3;initiales;Verbe mettre à la troisième personne;factuel;1;conjugaison
MET;met;3;initiales;Trois lettres devant la pression sur le porteur;joueur;2;phase de pressing
MEX;MEX;3;initiales;Code FIFA d'un coorganisateur du Mondial 2026;factuel;1;avec deux voisins
MEX;MEX;3;initiales;Il avait déjà reçu deux Coupes du monde;factuel;2;1970 et 1986
MEX;MEX;3;initiales;Trois lettres où la ola serait née;joueur;2;Mondial 1986
MIL;mil;3;initiales;Millier, en version ancienne;factuel;2;numération d'autrefois
MIL;mil;3;initiales;Trois lettres qui abrègent le milieu sur les tableaux;joueur;3;notation des effectifs
MIL;mil;3;initiales;Céréale des régions sahéliennes;factuel;3;acception agricole
MIS;mis;3;initiales;Il l'a au fond dès la première minute;joueur;1;annonce du but
MIS;mis;3;initiales;Participe passé du verbe mettre;factuel;1;conjugaison
MIS;mis;3;initiales;Trois lettres devant sur le banc pour trois matchs;joueur;2;mise à l'écart
MLI;MLI;3;selections;Code FIFA du Mali;factuel;3;abréviation officielle
MLI;MLI;3;selections;Sélection surnommée les Aigles;factuel;3;surnom du pays
MLI;MLI;3;selections;Trois lettres finalistes de la CAN en 1972;joueur;3;parcours continental
MLS;M.L.S.;3;competitions;Sigle du championnat nord-américain;factuel;2;Major League Soccer
MLS;M.L.S.;3;competitions;Messi y joue depuis son départ de Paris;factuel;2;club de Floride
MLS;M.L.S.;3;competitions;Trois lettres qui attirent les stars en fin de carrière;joueur;2;destination réputée
MNE;MNE;3;selections;Code FIFA du Monténégro;factuel;3;abréviation officielle
MNE;MNE;3;selections;Sélection née d'une séparation en 2006;factuel;3;indépendance récente
MNE;MNE;3;selections;Trois lettres des Balkans;joueur;3;implantation du pays
MOI;moi;3;initiales;Pronom du sélectionneur qui assume ses choix;factuel;2;première personne
MOI;moi;3;initiales;Trois lettres devant j'aurais tiré, dit la tribune;joueur;1;refaiseur de match
MOI;moi;3;initiales;Pronom tonique de la première personne;factuel;1;grammaire française
MOT;mot;3;fillfoot;Celui de la fin se dit dans le vestiaire;factuel;1;causerie d'après-match
MOT;mot;3;fillfoot;Le dernier revient toujours au technicien;joueur;1;autorité du banc
MOT;mot;3;fillfoot;Il en a eu un de trop avec l'homme au sifflet;joueur;1;expulsion pour contestation
MOU;mou;3;fillfoot;Le ventre du championnat l'est;factuel;2;milieu de tableau
MOU;mou;3;fillfoot;Le jeu l'est quand plus personne ne presse;joueur;1;absence d'intensité
MOU;mou;3;fillfoot;S'y installer, c'est ne plus rien jouer;joueur;1;position sans enjeu
MUE;mue;3;fillfoot;Changement profond que subit un groupe;factuel;1;transformation
MUE;mue;3;fillfoot;Le club en opère une chaque été;factuel;2;renouvellement de l'effectif
MUE;mue;3;fillfoot;Après six départs, elle est complète;joueur;2;refonte de l'effectif
MUG;mug;3;culture;Tasse aux couleurs du club;factuel;1;produit dérivé
MUG;mug;3;culture;On l'offre à un supporter à Noël;joueur;1;cadeau classique
MUG;mug;3;culture;Trois lettres qui signifient chope en anglais;factuel;1;traduction
MUR;mur;3;vocab;Barrière humaine avant un coup franc;factuel;1;disposition défensive
MUR;mur;3;vocab;Il se place à 9,15 m du ballon;factuel;2;distance réglementaire
MUR;mur;3;vocab;On saute tous ensemble, ou presque;joueur;1;réflexe collectif
MUR;mur;3;vocab;Les mains descendent instinctivement;joueur;2;posture sur coup franc
NED;NED;3;initiales;Code FIFA des Pays-Bas;factuel;2;abréviation officielle
NED;NED;3;initiales;Trois lettres finalistes en 1974, 1978 et 2010;factuel;2;trois finales perdues
NED;NED;3;initiales;Le football total est né chez eux;joueur;1;école néerlandaise
NEE;née;3;initiales;Participe qui date la fondation d'un club;factuel;2;année de création
NEE;née;3;initiales;Trois lettres devant en 1932 pour bien des clubs;joueur;3;professionnalisation française
NEE;née;3;initiales;Participe passé féminin du verbe naître;factuel;1;conjugaison
NET;net;3;vocab;Une victoire sans discussion l'est;factuel;1;succès incontestable
NET;net;3;vocab;Anglicisme pour la maille derrière la ligne;factuel;2;terme anglais
NET;net;3;vocab;Le penalty est clair et sans bavure;joueur;1;décision évidente
NEY;Ney;3;actuels;Surnom abrégé d'un Brésilien à quatre Mondiaux;factuel;2;diminutif consacré
NEY;Ney;3;actuels;Diminutif d'un prénom brésilien;factuel;2;usage familier
NEY;Ney;3;actuels;Trois lettres de nouveau scandées au pays;joueur;2;retour au Brésil
NEZ;nez;3;vocab;Il flaire le bon coup avant tout le monde;factuel;2;intuition
NEZ;nez;3;vocab;Le technicien en a quand son changement paie;joueur;1;expression consacrée
NEZ;nez;3;vocab;Le buteur le suit dans la surface;joueur;2;instinct du finisseur
NGA;NGA;3;initiales;Code FIFA du Nigeria;factuel;2;abréviation officielle
NGA;NGA;3;initiales;Trois lettres surnommées les Super Eagles;joueur;2;surnom de la sélection
NGA;NGA;3;initiales;Sélection au maillot vert le plus commenté;joueur;3;tenue remarquée
NIA;nia;3;fillfoot;Verbe nier au passé simple;factuel;2;conjugaison
NIA;nia;3;fillfoot;Le club tout accord avec le Real;factuel;3;démenti de l'été 2026
NIA;nia;3;fillfoot;Trois lettres du directeur sportif en conférence;joueur;3;démenti officiel
NID;nid;3;fillfoot;De poule, il gâche le meilleur des contrôles;factuel;2;défaut de la pelouse
NID;nid;3;fillfoot;L'aigle du blason y aurait sa place;joueur;2;emblème animalier
NID;nid;3;fillfoot;Un terrain de campagne en compte plusieurs;joueur;1;pelouses amateurs
NOM;nom;3;initiales;Il est floqué au dos du maillot;factuel;1;marquage de la tenue
NOM;nom;3;initiales;Trois lettres qu'on scande quand le buteur est annoncé;joueur;1;rituel du speaker
NOM;nom;3;initiales;Ce que le speaker annonce après le numéro;factuel;1;protocole du stade
NON;non;3;fillfoot;Celui du club fait capoter l'opération;factuel;1;refus d'un départ
NON;non;3;fillfoot;Réponse sèche de l'homme au sifflet au capitaine;joueur;1;refus de discuter
NON;non;3;fillfoot;Le vendeur le répète jusqu'au dernier jour;joueur;1;position de négociation
NOR;NOR;3;initiales;Code FIFA du pays du groupe I en 2026;factuel;2;avec la France
NOR;NOR;3;initiales;Sélection d'un buteur à sept réalisations en 2026;factuel;2;podium des artilleurs
NOR;NOR;3;initiales;Trois lettres qui ont longtemps manqué les Mondiaux;joueur;2;retour en phase finale
NOS;nos;3;initiales;Adjectif devant couleurs à défendre;joueur;1;possessif pluriel
NOS;nos;3;initiales;Il précède Bleus dans les gros titres;factuel;1;usage médiatique
NOS;nos;3;initiales;Trois lettres devant chances de qualification;factuel;1;possessif courant
NUE;nue;3;initiales;Cage laissée ainsi, l'attaquant ne peut pas rater;joueur;2;but vide
NUE;nue;3;initiales;Trois lettres féminines de l'adjectif du torse;factuel;2;accord grammatical
NUE;nue;3;initiales;Elle désigne aussi un nuage en poésie;factuel;3;acception littéraire
NUL;nul;3;vocab;Score de parité;factuel;1;match sans vainqueur
NUL;nul;3;vocab;Un point pour chacun;factuel;1;répartition des points
NUL;nul;3;vocab;Vous êtes pas contents ?;joueur;2;vanne de tribune
NUL;nul;3;vocab;Zéro partout et tout le monde siffle;joueur;1;réaction du public
NZL;NZL;3;initiales;Code FIFA du pays du groupe G en 2026;factuel;3;avec la Belgique
NZL;NZL;3;initiales;Sélection océanienne surnommée les All Whites;factuel;3;surnom du pays
NZL;NZL;3;initiales;Trois lettres plus connues pour leur rugby;joueur;2;notoriété sportive
ODE;ode;3;fillfoot;Chant composé en l'honneur du club;factuel;2;hommage lyrique
ODE;ode;3;fillfoot;Poème que le virage entonne à sa façon;joueur;1;chant des tribunes
ODE;ode;3;fillfoot;Ce que devient un but après vingt ans;joueur;2;récit magnifié
OFC;O.F.C.;3;competitions;Confédération du football océanien;factuel;3;instance continentale
OFC;O.F.C.;3;competitions;C'est la plus petite des six confédérations;factuel;3;nombre de fédérations
OFC;O.F.C.;3;competitions;Trois lettres qui envoient rarement au Mondial;joueur;3;quota de qualification
OGC;O.G.C.;3;initiales;Sigle qui précède Nice;factuel;2;club azuréen
OGC;O.G.C.;3;initiales;Il a vendu Boga à la Juventus en 2026;factuel;3;mercato estival
OGC;O.G.C.;3;initiales;Trois lettres rouge et noir sur la Côte d'Azur;joueur;3;couleurs du club
OLA;ola;3;initiales;Vague humaine qui fait le tour des gradins;factuel;1;animation du public
OLA;ola;3;initiales;Elle apparaît quand le match s'endort;joueur;1;signe d'ennui
OLA;ola;3;initiales;Trois lettres qui se lèvent tribune après tribune;joueur;1;propagation de la vague
OLE;olé;3;initiales;Cri des tribunes quand l'équipe fait tourner le ballon;factuel;1;exclamation d'origine espagnole
OLE;olé;3;initiales;Il accompagne chaque passe d'une équipe qui domine;joueur;1;réaction du public
OLE;olé;3;initiales;Trois lettres reprises par tout un stade;joueur;1;chant collectif
ONT;ont;3;initiales;Verbe avoir devant gagné le titre;factuel;1;conjugaison
ONT;ont;3;initiales;Trois lettres devant tout raflé cette saison;joueur;1;bilan d'un club
ONT;ont;3;initiales;Ils l'ont fait, mais en deux mots de plus;joueur;2;exclamation en direct
ORS;ors;3;initiales;Éclat des trophées dans la vitrine du club;factuel;3;métal des coupes
ORS;ors;3;initiales;Trois lettres qui brillent dans la salle des coupes;joueur;3;palmarès exposé
ORS;ors;3;initiales;Pluriel du métal le plus précieux;factuel;2;acception courante
OSA;osa;3;initiales;Verbe au passé de celui qui a tenté le lob;joueur;2;prise de risque
OSA;osa;3;initiales;Il tenta la panenka en finale, et ça passa;joueur;2;geste audacieux
OSA;osa;3;initiales;Verbe oser au passé simple;factuel;2;conjugaison littéraire
OSE;ose;3;initiales;Verbe de celui qui tente la frappe de quarante mètres;factuel;1;prise de risque
OSE;ose;3;initiales;Qui ne tente rien n'a rien, dit le banc;joueur;1;adage consacré
OSE;ose;3;initiales;Trois lettres du courage tactique;joueur;2;jeu offensif
OTA;ôta;3;fillfoot;Verbe ôter au passé simple;factuel;2;conjugaison
OTA;ôta;3;fillfoot;Il son maillot et récolta un avertissement;joueur;2;célébration sanctionnée
OTA;ôta;3;fillfoot;Trois lettres du geste qui coûte un carton;joueur;2;règle de célébration
OTE;ôté;3;initiales;Le maillot l'est, et c'est un avertissement;factuel;2;célébration sanctionnée
OTE;ôté;3;initiales;Trois lettres qui coûtent un carton jaune;joueur;2;règle de célébration
OTE;ôté;3;initiales;Participe passé du verbe ôter;factuel;1;conjugaison
OUF;ouf;3;fillfoot;Interjection de soulagement;factuel;1;exclamation
OUF;ouf;3;fillfoot;Ce qu'on lâche quand le montant sauve tout;joueur;1;frayeur passée
OUF;ouf;3;fillfoot;Le maintien à la dernière journée en arrache un;joueur;1;fin de saison
OUI;oui;3;fillfoot;Celui du joueur débloque enfin l'opération;factuel;1;accord personnel
OUI;oui;3;fillfoot;Réponse que le président attend toute la semaine;joueur;1;attente d'une signature
OUI;oui;3;fillfoot;Trois lettres qui valent quarante millions;joueur;2;accord de transfert
OUT;out;3;vocab;Le ballon a quitté l'aire de jeu;factuel;1;sortie du terrain
OUT;out;3;vocab;Anglicisme pour la balle sortie;factuel;2;terme anglais
OUT;out;3;vocab;Écarté du groupe, il l'est aussi;joueur;2;joueur mis à l'écart
OWN;own;3;vocab;Goal, en anglais, désigne le but contre son camp;factuel;2;terme anglo-saxon
OWN;own;3;vocab;Il précède goal dans les statistiques anglaises;factuel;3;notation officielle
OWN;own;3;vocab;Trois lettres qui signifient propre en anglais;joueur;2;traduction
PAN;pan;3;fillfoot;Portion d'un mur ou d'un dispositif;factuel;1;acception courante
PAN;pan;3;fillfoot;Un de la défense s'écroule sur le contre;factuel;2;faille dans le bloc
PAN;pan;3;fillfoot;Il en manque un, et tout passe;joueur;1;brèche défensive
PAR;PAR;3;initiales|fillfoot;Code FIFA du pays éliminé par les Bleus en 2026;factuel;3;huitième de finale
PAR;PAR;3;initiales|fillfoot;Sélection sud-américaine surnommée l'Albirroja;factuel;3;surnom du pays
PAR;PAR;3;initiales|fillfoot;Trois lettres qui servent aussi de préposition;joueur;1;homonymie
PAR;PAR;3;initiales|fillfoot;Préposition devant coup de pied arrêté;factuel;1;usage courant
PAS;pas;3;fillfoot;Enjambée du joueur lancé en course;factuel;1;unité de la foulée
PAS;pas;3;fillfoot;Un de plus et il était hors-jeu;joueur;1;position limite
PAS;pas;3;fillfoot;Le portier n'a pas le droit d'en faire trop;joueur;2;placement sur la ligne
PAU;Pau;3;clubs;Club béarnais du football professionnel;factuel;3;implantation
PAU;Pau;3;clubs;Sa ville accueille aussi un grand prix automobile;factuel;2;événement local
PAU;Pau;3;clubs;Trois lettres au pied des Pyrénées;joueur;2;géographie
PAZ;Paz;3;actuels;Jeune Argentin découvrant la phase finale;factuel;2;première Coupe du monde
PAZ;Paz;3;actuels;Créateur apprécié du staff après sa saison à Côme;factuel;3;convocation de 2026
PAZ;Paz;3;actuels;Trois lettres qui signifient la paix;joueur;1;homonymie
PEP;pep;3;fillfoot;Surnom d'un technicien catalan réputé;factuel;3;Guardiola
PEP;pep;3;fillfoot;En avoir, c'est déborder d'énergie;factuel;2;dynamisme
PEP;pep;3;fillfoot;Il manque cruellement en fin de saison;joueur;1;baisse de régime
PER;PER;3;initiales;Code FIFA du Pérou;factuel;2;abréviation officielle
PER;PER;3;initiales;Trois lettres à la bande rouge en diagonale;factuel;2;maillot reconnaissable
PER;PER;3;initiales;Sélection surnommée la Blanquirroja;joueur;3;surnom du pays
PES;P.E.S.;3;culture;Sigle du grand rival japonais du jeu de la FIFA;factuel;2;Pro Evolution Soccer
PES;P.E.S.;3;culture;Il avait la réputation d'être plus réaliste;factuel;2;débat entre joueurs
PES;P.E.S.;3;culture;Trois lettres qui divisaient les cours de récré;joueur;1;rivalité des consoles
PEU;peu;3;fillfoot;Quantité minime de temps de jeu;factuel;1;faible utilisation
PEU;peu;3;fillfoot;Il s'en est fallu de ça sur le montant;joueur;1;occasion manquée
PEU;peu;3;fillfoot;De chose, et le score basculait;joueur;1;marge infime
PIC;pic;3;vocab;De forme, il se planifie pour le printemps;factuel;2;périodisation de la saison
PIC;pic;3;vocab;Le préparateur le vise pour les phases finales;factuel;3;planification physique
PIC;pic;3;vocab;Il arrive rarement au bon moment;joueur;2;condition physique
PIE;pie;3;fillfoot;Oiseau noir et blanc, comme un maillot rayé;factuel;2;image consacrée
PIE;pie;3;fillfoot;Volatile qui a donné son surnom à un club anglais;factuel;3;Newcastle
PIE;pie;3;fillfoot;Bavarde, elle ressemble au consultant de plateau;joueur;2;image humoristique
PIF;pif;3;fillfoot;Au jugé, sans la moindre réflexion;factuel;2;terme familier
PIF;pif;3;fillfoot;Le recruteur le suit plus que les données;joueur;1;instinct du scout
PIF;pif;3;fillfoot;Le tireur a envoyé ça au hasard complet;joueur;1;frappe sans viser
PIN;pin;3;culture;Petit insigne à collectionner aux couleurs du club;factuel;2;objet dérivé
PIN;pin;3;culture;Il connut une grande mode dans les années 90;factuel;2;engouement d'époque
PIN;pin;3;culture;Trois lettres qui désignent aussi un arbre;joueur;1;homonymie
PLI;pli;3;fillfoot;La maille en fait un quand le ballon claque;factuel;2;filet du but
PLI;pli;3;fillfoot;Le prendre, c'est finir par s'habituer;joueur;1;expression consacrée
PLI;pli;3;fillfoot;Marque laissée sur le maillot mal rangé;factuel;1;entretien de la tenue
PLU;plu;3;fillfoot;Participe passé de deux verbes différents;factuel;3;pleuvoir et plaire
PLU;plu;3;fillfoot;Il a pendant toute la rencontre;factuel;1;météo du match
PLU;plu;3;fillfoot;Trois lettres qui rendent la pelouse savonneuse;joueur;2;terrain détrempé
POL;POL;3;initiales;Code FIFA de la Pologne;factuel;2;abréviation officielle
POL;POL;3;initiales;Troisième du Mondial en 1974 et en 1982;factuel;3;deux podiums
POL;POL;3;initiales;Trois lettres emmenées par un buteur du Barça;joueur;2;attaquant emblématique
POR;POR;3;initiales;Code FIFA du pays éliminé par la Roja en 2026;factuel;2;huitième de finale
POR;POR;3;initiales;Sa meilleure place mondiale reste un podium de 1966;factuel;3;troisième place
POR;POR;3;initiales;Trois lettres emmenées par un capitaine de 41 ans;joueur;2;Mondial 2026
POT;pot;3;vocab;Le tirage au sort en compte plusieurs;factuel;2;répartition des chapeaux
POT;pot;3;vocab;Être dans le premier évite les gros;factuel;2;classement au tirage
POT;pot;3;vocab;En avoir, c'est marquer sur un ballon fou;joueur;1;expression consacrée
PRE;pré;3;vocab;Rectangle vert, en plus champêtre;factuel;2;synonyme rustique du terrain
PRE;pré;3;vocab;L'herbe y pousse sans arrosage automatique;joueur;2;surface naturelle
PRE;pré;3;vocab;Les gamins y tapent depuis toujours;joueur;1;jeu improvisé
PRO;pro;3;vocab;Statut de celui qui vit du ballon;factuel;1;joueur rémunéré
PRO;pro;3;vocab;En France, son championnat naît en 1932;factuel;3;création du championnat professionnel
PRO;pro;3;vocab;Le contraire du joueur du dimanche;joueur;1;opposition avec l'amateur
PSG;P.S.G.;3;initiales;Sigle du club le plus titré de France;factuel;1;club de la capitale
PSG;P.S.G.;3;initiales;Double vainqueur consécutif de la Ligue des champions;factuel;1;2025 et 2026
PSG;P.S.G.;3;initiales;Trois lettres au Parc des Princes;joueur;1;stade du club
PSV;P.S.V.;3;clubs;Sigle d'un club néerlandais d'Eindhoven;factuel;2;championnat des Pays-Bas
PSV;P.S.V.;3;clubs;Il a remporté la Coupe d'Europe en 1988;factuel;3;titre continental
PSV;P.S.V.;3;clubs;Trois lettres rouge et blanc du Brabant;joueur;3;couleurs du club
PSY;psy;3;vocab;Le préparateur mental de l'effectif;factuel;2;encadrement du club
PSY;psy;3;vocab;Trois lettres devenues banales dans les clubs;factuel;2;professionnalisation du staff
PSY;psy;3;vocab;On l'appelle avant la séance des onze mètres;joueur;2;gestion de la pression
PUB;pub;3;fillfoot;On y regarde le match en Angleterre;factuel;1;lieu de convivialité britannique
PUB;pub;3;fillfoot;Elle finance une bonne part du budget;factuel;2;recettes de sponsoring
PUB;pub;3;fillfoot;Le maillot en est entièrement couvert;joueur;1;sponsors du club
PUR;pur;3;fillfoot;Produit du club, c'est le joueur formé maison;factuel;2;expression consacrée
PUR;pur;3;fillfoot;Il n'a jamais connu qu'un seul maillot;joueur;1;fidélité totale
PUR;pur;3;fillfoot;Le geste l'est quand rien ne dépasse;joueur;2;technique parfaite
QAT;QAT;3;initiales;Code FIFA de l'hôte du Mondial 2022;factuel;1;édition d'hiver
QAT;QAT;3;initiales;Trois lettres au premier Mondial disputé en novembre;factuel;2;calendrier décalé
QAT;QAT;3;initiales;Vainqueur de la Coupe d'Asie en 2019 et 2023;joueur;3;palmarès continental
RAI;Raí;3;legendes;Meneur brésilien capitaine du PSG des années 90;factuel;2;brassard parisien
RAI;Raí;3;legendes;Son frère aîné jouait aussi au très haut niveau;factuel;2;fratrie brésilienne
RAI;Raí;3;legendes;Trois lettres qui ont soulevé une coupe d'Europe;joueur;2;titre parisien de 1996
RAS;ras;3;vocab;Le centre tendu passe à cette hauteur;factuel;2;trajectoire basse
RAS;ras;3;vocab;Le tir qui frôle la pelouse part ainsi;factuel;2;frappe au sol
RAS;ras;3;vocab;Le bol, on l'a quand rien ne rentre;joueur;2;expression consacrée
RCL;R.C.L.;3;initiales;Sigle qui désigne le club sang et or;factuel;2;Racing Club de Lens
RCL;R.C.L.;3;initiales;Il recevra le Trophée des champions à Bollaert;factuel;3;décision de la LFP
RCL;R.C.L.;3;initiales;Trois lettres qui chantent avant le coup d'envoi;joueur;2;ferveur du stade
RCS;R.C.S.;3;initiales;Sigle du club alsacien;factuel;3;Racing Club de Strasbourg
RCS;R.C.S.;3;initiales;Trois lettres bleu et blanc à la Meinau;joueur;3;couleurs et stade
RCS;R.C.S.;3;initiales;Champion de France en 1979;factuel;3;unique titre du club
REI;Rei;3;legendes;Surnom brésilien du triple champion du monde;factuel;1;Pelé
REI;Rei;3;legendes;Il signifie roi en portugais;factuel;1;traduction
REI;Rei;3;legendes;Trois lettres qui portaient le numéro dix;joueur;1;maillot emblématique
RIT;rit;3;initiales;Ce que fait le banc adverse après une bourde;joueur;2;réaction du côté opposé
RIT;rit;3;initiales;Verbe rire à la troisième personne;factuel;1;conjugaison
RIT;rit;3;initiales;Trois lettres qui se transforment vite en grimace;joueur;2;retournement de situation
ROC;roc;3;vocab;Rien ne passe de son côté;factuel;2;défenseur intraitable
ROC;roc;3;vocab;Le central infranchissable en est un;joueur;1;solidité défensive
ROC;roc;3;vocab;Solide comme lui, répète le commentateur;joueur;1;expression consacrée
ROI;roi;3;fillfoot;Le Brésilien le plus titré en porte le surnom;factuel;2;surnom de Pelé
ROI;roi;3;fillfoot;Il n'y en a qu'un, et il portait le dix;joueur;2;surnom consacré
ROI;roi;3;fillfoot;Celui du dribble régnait sur son couloir;joueur;2;expression consacrée
RSA;RSA;3;initiales;Code FIFA de l'Afrique du Sud;factuel;2;abréviation officielle
RSA;RSA;3;initiales;Premier pays africain à recevoir un Mondial;factuel;1;édition de 2010
RSA;RSA;3;initiales;Trois lettres associées aux vuvuzelas;joueur;2;Mondial de 2010
RUE;rue;3;fillfoot;Voie où sont nés bien des dribbleurs;factuel;2;football de quartier
RUE;rue;3;fillfoot;On y joue avec un cartable pour poteau;joueur;1;football improvisé
RUE;rue;3;fillfoot;Le bus des champions la remonte au ralenti;joueur;1;parade du titre
RUS;RUS;3;initiales;Code FIFA de la Russie;factuel;2;abréviation officielle
RUS;RUS;3;initiales;Pays hôte de la Coupe du monde 2018;factuel;1;édition remportée par la France
RUS;RUS;3;initiales;Trois lettres quart-de-finalistes à domicile;joueur;2;parcours de 2018
SAC;sac;3;fillfoot;On y range les crampons après la séance;factuel;1;équipement du joueur
SAC;sac;3;fillfoot;De nœuds, c'est le calendrier de janvier;joueur;2;enchaînement compliqué
SAC;sac;3;fillfoot;Y mettre l'adversaire, c'est le dominer;joueur;1;expression consacrée
SAS;sas;3;fillfoot;Couloir sécurisé par lequel entrent les joueurs;factuel;2;accès au terrain
SAS;sas;3;fillfoot;Les visiteurs y sont filtrés un par un;factuel;2;dispositif de sécurité
SAS;sas;3;fillfoot;On y attend en silence avant d'entrer;joueur;1;instant d'avant-match
SCB;S.C.B.;3;clubs;Sigle du club corse de Haute-Corse;factuel;3;Bastia
SCB;S.C.B.;3;clubs;Il a été finaliste de la Coupe UEFA en 1978;factuel;3;parcours européen
SCB;S.C.B.;3;clubs;Trois lettres bleu ciel de l'île;joueur;3;couleurs du club
SCO;SCO;3;initiales;Code FIFA du pays du groupe C en 2026;factuel;2;avec le Brésil
SCO;SCO;3;initiales;Sigle qui suit Angers dans le nom du club;factuel;3;club angevin
SCO;SCO;3;initiales;Trois lettres au chardon et au tartan;joueur;2;emblèmes du pays
SEC;sec;3;vocab;Le terrain l'est en plein mois d'août;factuel;1;état de la pelouse
SEC;sec;3;vocab;Un à zéro, sans la moindre discussion;joueur;1;victoire minimale
SEC;sec;3;vocab;Le tacle l'est quand il claque;joueur;2;contact franc
SEL;sel;3;fillfoot;On en répand sur les terrains gelés;factuel;2;traitement de la pelouse
SEL;sel;3;fillfoot;Ce qui donne du goût à un derby;joueur;1;piment de la rivalité
SEL;sel;3;fillfoot;Sans lui, une rencontre reste bien fade;joueur;1;absence d'enjeu
SEN;SEN;3;initiales;Code FIFA du vainqueur de la CAN 2025;factuel;2;titre conquis au Maroc
SEN;SEN;3;initiales;Adversaire des Bleus au premier tour en 2026;factuel;1;groupe I
SEN;SEN;3;initiales;Trois lettres de la Teranga;joueur;2;surnom du pays
SES;ses;3;initiales;Adjectif devant coéquipiers et devant buts;factuel;1;possessif pluriel
SES;ses;3;initiales;Il précède trois Ballons d'Or dans une phrase;joueur;2;palmarès individuel
SES;ses;3;initiales;Trois lettres devant crampons du dimanche;joueur;1;possessif courant
SET;set;3;initiales;Manche d'un autre sport, jamais du football;factuel;2;vocabulaire du tennis
SET;set;3;initiales;Un score de tennis, disait-on du six-quatre de Miami;joueur;3;petite finale 2026
SET;set;3;initiales;Trois lettres empruntées à la raquette;joueur;2;emprunt lexical
SIX;six;3;vocab;Mètres de la petite surface;factuel;2;dimension réglementaire
SIX;six;3;vocab;Points récoltés en deux succès;factuel;1;trois points par victoire
SIX;six;3;vocab;Le gardien dégage depuis cette ligne;joueur;1;renvoi depuis la petite surface
SKY;Sky;3;culture;Diffuseur britannique du championnat anglais;factuel;2;chaîne payante
SKY;Sky;3;culture;Mot anglais qui désigne le ciel;factuel;1;traduction
SKY;Sky;3;culture;Trois lettres qui achètent les droits télévisés;joueur;2;économie du football
SOL;sol;3;vocab;Le tacle glissé s'y effectue;factuel;1;intervention au ras de l'herbe
SOL;sol;3;vocab;Le ballon y rebondit avant la reprise;factuel;1;rebond
SOL;sol;3;vocab;Le portier le frappe après une bourde;joueur;2;dépit du gardien
SON;son;3;fillfoot;Celui de l'enceinte grimpe d'un coup au but;factuel;1;volume sonore
SON;son;3;fillfoot;Le porte-voix du capo le porte jusqu'au virage;factuel;2;animation des tribunes
SON;son;3;fillfoot;Coupé, un match perd tout à la télévision;joueur;2;expérience du spectateur
SOU;sou;3;fillfoot;Unité qu'on n'emploie plus dans les transferts;factuel;2;monnaie ancienne
SOU;sou;3;fillfoot;Le club n'en a plus un pour recruter;joueur;1;difficulté financière
SOU;sou;3;fillfoot;Ne pas en avoir n'empêche pas de rêver;joueur;1;petit budget
SRB;SRB;3;initiales;Code FIFA de la Serbie;factuel;3;abréviation officielle
SRB;SRB;3;initiales;Sélection née de la dissolution d'une union balkanique;factuel;3;héritage yougoslave
SRB;SRB;3;initiales;Trois lettres à l'aigle bicéphale;joueur;3;emblème national
SUD;sud;3;vocab;Point cardinal donnant son nom à des gradins;factuel;1;orientation de l'enceinte
SUD;sud;3;vocab;Virage opposé à celui du nord;factuel;1;tribune du stade
SUD;sud;3;vocab;Les chants en partent toujours les premiers;joueur;1;animation des gradins
SUE;sue;3;initiales;Le maillot en est trempé dès la vingtième minute;joueur;1;effort physique
SUE;sue;3;initiales;Verbe suer à la troisième personne;factuel;1;conjugaison
SUE;sue;3;initiales;Trois lettres qui décrivent tout le travail de l'ombre;joueur;2;besogne du récupérateur
SUI;SUI;3;initiales;Code FIFA de la Suisse;factuel;2;abréviation officielle
SUI;SUI;3;initiales;Pays où siège l'instance mondiale du football;factuel;2;siège de la FIFA
SUI;SUI;3;initiales;Trois lettres à la croix blanche;joueur;1;emblème du maillot
SUR;sur;3;initiales;Préposition devant coup de pied arrêté;factuel;1;usage courant
SUR;sur;3;initiales;Il précède le banc quand on n'entre pas;joueur;1;remplaçant non utilisé
SUR;sur;3;initiales;Trois lettres devant penalty et devant corner;factuel;1;préposition de circonstance
SUS;sus;3;vocab;Préposition qui marque l'assaut;factuel;2;acception littéraire
SUS;sus;3;vocab;Courir à l'adversaire, en français ancien;factuel;3;locution consacrée
SUS;sus;3;vocab;Trois lettres devant à l'arbitre dans les gradins;joueur;2;cri de tribune
SVK;SVK;3;initiales;Code FIFA de la Slovaquie;factuel;3;abréviation officielle
SVK;SVK;3;initiales;Il a éliminé l'Italie du Mondial 2010;factuel;3;exploit en phase de groupes
SVK;SVK;3;initiales;Trois lettres de l'ancienne union tchécoslovaque;joueur;3;héritage historique
SWE;SWE;3;initiales;Code FIFA du pays battu trois à zéro par les Bleus;factuel;3;phase finale 2026
SWE;SWE;3;initiales;Il a reçu la Coupe du monde en 1958;factuel;2;édition scandinave
SWE;SWE;3;initiales;Trois lettres jaune et bleu;joueur;1;couleurs du maillot
TAB;T.A.B.;3;initiales;Sigle de l'épreuve qui départage après prolongation;factuel;2;tirs au but
TAB;T.A.B.;3;initiales;Trois lettres qui font pleurer des nations;joueur;1;séance de départage
TAB;T.A.B.;3;initiales;Abréviation courante sur les feuilles de match;factuel;3;notation officielle
TAC;tac;3;fillfoot;Bruit sec du ballon frappé du plat du pied;factuel;2;onomatopée
TAC;tac;3;fillfoot;Y répondre, c'est égaliser dans la foulée;joueur;1;expression consacrée
TAC;tac;3;fillfoot;Deux réalisations en trois minutes, voilà le rythme;joueur;2;échange immédiat
TAF;taf;3;fillfoot;Le travail défensif, en argot;factuel;2;terme familier
TAF;taf;3;fillfoot;Il n'est pas glorieux mais il faut le faire;joueur;1;besogne du récupérateur
TAF;taf;3;fillfoot;Le milieu s'en charge sans jamais briller;joueur;1;rôle ingrat
TAG;tag;3;culture;Signature peinte à la bombe sur un mur;factuel;1;art urbain
TAG;tag;3;culture;Les groupes de supporters en couvrent leur ville;factuel;2;marquage du territoire
TAG;tag;3;culture;Trois lettres qui servent aussi à identifier en ligne;joueur;1;double sens
TAH;Tah;3;actuels;Défenseur central allemand du Bayern;factuel;2;contingent bavarois
TAH;Tah;3;actuels;Il formait le duo axial avec un Madrilène;factuel;3;charnière de la Mannschaft
TAH;Tah;3;actuels;Trois lettres dans l'axe de la défense allemande;joueur;1;poste du joueur
TAS;tas;3;fillfoot;Amoncellement de joueurs après la réalisation;factuel;1;célébration collective
TAS;tas;3;fillfoot;Se former dessus vaut mieux qu'un diplôme;joueur;2;expression consacrée
TAS;tas;3;fillfoot;Les maillots s'y empilent dans le vestiaire;factuel;1;désordre d'après-match
TEL;tel;3;initiales;Adjectif devant père, tel fils, chez les Thuram;joueur;2;filiation footballistique
TEL;tel;3;initiales;Il introduit une comparaison entre deux joueurs;factuel;2;grammaire française
TEL;tel;3;initiales;Trois lettres devant un talent qu'on n'attendait pas;joueur;2;usage comparatif
TES;tes;3;initiales;Adjectif devant crampons et devant chaussettes;factuel;1;possessif pluriel
TES;tes;3;initiales;Il précède couleurs quand on tutoie son club;joueur;2;attachement du supporter
TES;tes;3;initiales;Trois lettres du tutoiement de vestiaire;joueur;1;langage du groupe
TFC;T.F.C.;3;initiales;Sigle qui désigne le club de la Ville rose;factuel;2;Toulouse FC
TFC;T.F.C.;3;initiales;Trois lettres violettes;joueur;2;couleur du maillot
TFC;T.F.C.;3;initiales;Vainqueur de la Coupe de France en 2023;factuel;3;palmarès du club
TGV;T.G.V.;3;fillfoot;L'équipe le prend pour rejoindre le stade adverse;factuel;1;déplacement professionnel
TGV;T.G.V.;3;fillfoot;Trois lettres qui ont remplacé le car chez les pros;joueur;2;confort du haut niveau
TGV;T.G.V.;3;fillfoot;Un contre lancé en a le rythme;joueur;2;image de la vitesse
TIC;tic;3;fillfoot;Geste répété par le tireur avant d'armer;factuel;2;rituel individuel
TIC;tic;3;fillfoot;Manie que les caméras finissent par repérer;factuel;1;habitude visible
TIC;tic;3;fillfoot;Le technicien en a un avec sa montre;joueur;1;manie du banc
TIR;tir;3;vocab;Frappe en direction de la cage;factuel;1;geste offensif de base
TIR;tir;3;vocab;Cadré ou non, il est comptabilisé;factuel;2;statistique de match
TIR;tir;3;vocab;Celui de Roberto Carlos défiait la physique;joueur;3;coup franc de 1997 contre la France
TIR;tir;3;vocab;Parfois il finit dans les tribunes;joueur;1;frappe manquée
TOC;toc;3;fillfoot;Imitation sans la moindre valeur;factuel;1;acception courante
TOC;toc;3;fillfoot;C'en est, dit-on d'un club trop clinquant;joueur;2;expression consacrée
TOC;toc;3;fillfoot;Un palmarès acheté en a un peu le goût;joueur;2;critique récurrente
TOG;TOG;3;selections;Code FIFA du Togo;factuel;3;abréviation officielle
TOG;TOG;3;selections;Sélection surnommée les Éperviers;factuel;3;surnom du pays
TOG;TOG;3;selections;Trois lettres au Mondial une seule fois;joueur;3;édition de 2006
TOI;toi;3;fillfoot;Pronom tonique de la deuxième personne;factuel;1;grammaire française
TOI;toi;3;fillfoot;Pronom que le capitaine emploie sur le terrain;factuel;1;tutoiement
TOI;toi;3;fillfoot;Trois lettres devant tu tires, moi je centre;joueur;2;consigne entre partenaires
TON;ton;3;fillfoot;Hauteur que prend la voix du technicien;factuel;1;expression vocale
TON;ton;3;fillfoot;Le monter dans le vestiaire à la pause;joueur;1;causerie musclée
TON;ton;3;fillfoot;Il baisse d'un cran après trois revers;joueur;1;discours prudent
TOP;top;3;vocab;Signal donné au départ de l'échauffement;factuel;1;consigne du préparateur
TOP;top;3;vocab;Anglicisme pour le sommet du classement;factuel;2;terme anglais
TOP;top;3;vocab;Buteur, c'est le meilleur du championnat;joueur;1;classement des marqueurs
TOT;tôt;3;fillfoot;Il faut se coucher ainsi la veille;factuel;1;hygiène de vie
TOT;tôt;3;fillfoot;Sorti à la demi-heure, c'est bien avant l'heure;factuel;1;changement précoce
TOT;tôt;3;fillfoot;Ouvrir le score trop peut se retourner contre soi;joueur;2;piège de l'avantage précoce
TRI;tri;3;fillfoot;Opération qui réduit trente noms à vingt-trois;factuel;2;réduction du groupe
TRI;tri;3;fillfoot;Le sélectionneur en fait un avant sa liste;factuel;1;choix des convoqués
TRI;tri;3;fillfoot;Il fait toujours un déçu de trop;joueur;1;joueur écarté
TUE;tue;3;initiales;Il le fait au match quand il marque le troisième;joueur;1;expression consacrée
TUE;tue;3;initiales;Verbe de celui qui met fin au suspense;factuel;2;jargon du commentaire
TUE;tue;3;initiales;Trois lettres devant le match en fin de partie;joueur;2;but de la sécurité
TUN;TUN;3;initiales;Code FIFA de la Tunisie;factuel;2;abréviation officielle
TUN;TUN;3;initiales;Trois lettres surnommées les Aigles de Carthage;joueur;2;surnom de la sélection
TUN;TUN;3;initiales;Vainqueur de la CAN en 2004 à domicile;factuel;3;titre continental
TUR;TUR;3;initiales;Code FIFA de la Turquie;factuel;2;abréviation officielle
TUR;TUR;3;initiales;Troisième du Mondial 2002 en Asie;factuel;3;meilleur résultat du pays
TUR;TUR;3;initiales;Trois lettres au croissant et à l'étoile;joueur;2;emblème du maillot
UKR;UKR;3;initiales;Code FIFA du pays battu deux à zéro par les Bleus;factuel;3;qualifications 2026
UKR;UKR;3;initiales;Sélection d'un Ballon d'Or de 2004;factuel;3;attaquant emblématique
UKR;UKR;3;initiales;Trois lettres jaune et bleu;joueur;2;couleurs nationales
UNE;une;3;fillfoot;Première page où s'affiche l'exploit;factuel;1;presse écrite
UNE;une;3;fillfoot;La faire, c'est avoir marqué les esprits;factuel;1;couverture médiatique
UNE;une;3;fillfoot;Le transfert du siècle s'y étale en grand;joueur;1;traitement de l'actualité
UNI;uni;3;vocab;Adjectif contraire de bariolé;factuel;1;acception courante
UNI;uni;3;vocab;Maillot sans rayure ni motif;factuel;2;tenue unicolore
UNI;uni;3;vocab;Trois lettres qui décrivent un vestiaire soudé;joueur;1;cohésion du groupe
URU;URU;3;initiales;Code FIFA du vainqueur du tout premier Mondial;factuel;2;titre de 1930
URU;URU;3;initiales;Versé dans le groupe H en 2026 avec l'Espagne;factuel;3;tirage de décembre 2025
URU;URU;3;initiales;Trois lettres surnommées la Celeste;joueur;2;surnom du pays
USA;U.S.A.;3;fillfoot;Ils ont coorganisé le Mondial 2026;factuel;1;pays hôte avec ses voisins
USA;U.S.A.;3;fillfoot;La finale s'y est jouée près de New York;factuel;2;MetLife Stadium
USA;U.S.A.;3;fillfoot;Trois lettres qui ont accueilli 48 sélections;joueur;2;édition élargie de 2026
USE;use;3;initiales;Le calendrier le fait avec les organismes;factuel;2;fatigue accumulée
USE;use;3;initiales;Trois lettres devant ses crampons sur le banc;joueur;2;joueur peu utilisé
USE;use;3;initiales;Verbe user à la troisième personne;factuel;1;conjugaison
UZB;UZB;3;initiales;Code FIFA du pays battu cinq à zéro par le Portugal;factuel;3;groupe K en 2026
UZB;UZB;3;initiales;Sélection d'Asie centrale au Mondial 2026;factuel;3;participation à la phase finale
UZB;UZB;3;initiales;Trois lettres qui ont encaissé un doublé de Ronaldo;joueur;3;rencontre de juin 2026
VAL;val;3;initiales;Vallée, en version courte;factuel;2;géographie
VAL;val;3;initiales;Début du nom d'un club espagnol de la Liga;joueur;3;club de Valence
VAL;val;3;initiales;Il précède de Marne dans un nom de département;factuel;2;toponymie
VAN;van;3;initiales;Particule néerlandaise de bien des patronymes;factuel;2;Van Basten, Van Persie
VAN;van;3;initiales;Trois lettres devant Hecke chez un défenseur des Spurs;factuel;3;recrue de 2026
VAN;van;3;initiales;Il roule aussi jusqu'au centre d'entraînement;joueur;2;véhicule utilitaire
VAR;VAR;3;vocab;Assistance vidéo à l'arbitrage;factuel;1;sigle anglais de l'assistance vidéo
VAR;VAR;3;vocab;Elle est arrivée au Mondial en 2018;factuel;2;première Coupe du monde avec vidéo
VAR;VAR;3;vocab;Trois minutes d'attente et un cœur brisé;joueur;1;vérification d'un but
VAR;VAR;3;vocab;Elle aurait tué la joie spontanée;joueur;2;critique récurrente des supporters
VAS;vas;3;initiales;Verbe crié depuis le banc au moment d'entrer;joueur;1;encouragement
VAS;vas;3;initiales;Le capitaine encourage ainsi son tireur;joueur;2;soutien avant le penalty
VAS;vas;3;initiales;Verbe aller à la deuxième personne;factuel;1;conjugaison
VAZ;Vaz;3;actuels;Jeune attaquant de l'Olympique de Marseille;factuel;3;espoir du club phocéen
VAZ;Vaz;3;actuels;Buteur formé au club olympien;factuel;3;produit de la formation
VAZ;Vaz;3;actuels;Trois lettres révélées sur la Canebière;joueur;2;éclosion à Marseille
VHS;V.H.S.;3;culture;Sigle du format des cassettes vidéo;factuel;2;support d'époque
VHS;V.H.S.;3;culture;Les compilations de buts s'y vendaient en kiosque;factuel;3;marché de la vidéo
VHS;V.H.S.;3;culture;Trois lettres que plus personne ne sait lire;joueur;2;obsolescence du format
VIA;via;3;initiales;Qualifié grâce aux barrages, en un mot latin;factuel;2;chemin de la qualification
VIA;via;3;initiales;Préposition latine passée dans l'usage;factuel;2;emprunt au latin
VIA;via;3;initiales;Trois lettres devant un couloir dans une action;joueur;2;cheminement du ballon
VIE;vie;3;fillfoot;Elle recommence chaque samedi pour le fidèle;factuel;1;rythme du calendrier
VIE;vie;3;fillfoot;Un technicien célèbre la jugeait moins importante;joueur;3;citation attribuée à Bill Shankly
VIE;vie;3;fillfoot;Le club en fait partie de génération en génération;joueur;1;transmission familiale
VIF;vif;3;vocab;L'attaquant rapide et remuant l'est;factuel;1;qualité physique
VIF;vif;3;vocab;Il prend toujours un mètre au départ;joueur;2;explosivité
VIF;vif;3;vocab;Le débat sur l'arbitrage l'est chaque lundi;joueur;2;discussion animée
VIN;vin;3;fillfoot;La mise au vert l'interdit;factuel;1;règle diététique
VIN;vin;3;fillfoot;On le débouche quand le titre tombe;joueur;1;célébration
VIN;vin;3;fillfoot;Il coule en loge, jamais au virage;joueur;2;différence entre tribunes
VIS;vis;3;fillfoot;Pièce filetée qui fixe les crampons amovibles;factuel;2;équipement de la chaussure
VIS;vis;3;fillfoot;La serrer, c'est durcir la discipline;joueur;1;expression consacrée
VIS;vis;3;fillfoot;Le technicien l'a serrée après trois revers;joueur;1;reprise en main
VIT;vit;3;initiales;Le club le fait de ses supporters;factuel;2;modèle économique
VIT;vit;3;initiales;Trois lettres devant pour ce club depuis toujours;joueur;1;passion du fidèle
VIT;vit;3;initiales;Verbe vivre à la troisième personne;factuel;1;conjugaison
VOL;vol;3;vocab;Plané, il désigne la parade du portier;factuel;2;expression consacrée
VOL;vol;3;vocab;Le ballon en fait un avant de retomber;factuel;1;trajectoire aérienne
VOL;vol;3;vocab;Il précède souvent une reprise de la tête;joueur;2;ballon en suspension
VOS;vos;3;initiales;Adjectif devant places en tribune;factuel;1;possessif pluriel
VOS;vos;3;initiales;Il précède couleurs dans le discours du président;joueur;2;langage institutionnel
VOS;vos;3;initiales;Trois lettres du vouvoiement en pluriel;factuel;1;grammaire française
VUE;vue;3;fillfoot;Sens que le recruteur exerce depuis la tribune;factuel;2;observation du scout
VUE;vue;3;fillfoot;Elle porte loin chez les grands passeurs;factuel;2;vision du jeu
VUE;vue;3;fillfoot;L'homme au sifflet ne l'avait pas sur l'action;joueur;1;décision contestée
WAL;WAL;3;initiales;Code FIFA du pays de Galles;factuel;3;abréviation officielle
WAL;WAL;3;initiales;Demi-finaliste de l'Euro 2016;factuel;3;meilleur parcours du pays
WAL;WAL;3;initiales;Trois lettres au dragon rouge;joueur;2;emblème national
WSL;W.S.L.;3;feminin;Sigle du championnat anglais féminin;factuel;2;Women's Super League
WSL;W.S.L.;3;feminin;Il attire les meilleures joueuses du monde;factuel;2;attractivité de la ligue
WSL;W.S.L.;3;feminin;Trois lettres aux affluences record;joueur;2;public du championnat
ZEN;zen;3;fillfoot;Attitude calme face à un stade hostile;factuel;1;sang-froid
ZEN;zen;3;fillfoot;Le portier l'est ou il ne dure pas;joueur;1;tempérament du poste
ZEN;zen;3;fillfoot;Le technicien l'affiche, mais c'est une façade;joueur;2;calme apparent
ABRI;abri;4;stades;Structure vitrée qui protège les remplaçants;factuel;1;banc de touche
ABRI;abri;4;stades;Le technicien y reste rarement assis;joueur;1;agitation du banc
ABRI;abri;4;stades;Quatre lettres au bord de la ligne de touche;factuel;1;emplacement
AHLY;Ahly;4;clubs;Club égyptien le plus titré du continent africain;factuel;2;record de titres
AHLY;Ahly;4;clubs;Il domine le derby du Caire depuis toujours;factuel;3;rivalité locale
AHLY;Ahly;4;clubs;Quatre lettres rouges du Nil;joueur;3;couleur du maillot
AILE;aile;4;vocab;Couloir longeant la ligne de touche;factuel;1;zone latérale
AILE;aile;4;vocab;On y déborde avant de centrer;joueur;1;action offensive latérale
AILE;aile;4;vocab;Garrincha y faisait pleurer les arrières;joueur;3;ailier droit brésilien légendaire
AIME;Aimé;4;coachs;Prénom du sélectionneur champion du monde 1998;factuel;1;Jacquet
AIME;Aimé;4;coachs;Participe passé du verbe aimer;factuel;1;conjugaison
AIME;Aimé;4;coachs;Quatre lettres qui ont soulevé la coupe à Saint-Denis;joueur;1;titre de 1998
AIRE;aire;4;vocab;Surface délimitée où se déroule la rencontre;factuel;1;terrain de jeu
AIRE;aire;4;vocab;Le ballon qui la quitte arrête l'action;factuel;1;sortie du ballon
AIRE;aire;4;vocab;L'envahir coûte très cher au club;joueur;2;intrusion sanctionnée
AJAX;Ajax;4;clubs;Club d'Amsterdam où naquit le football total;factuel;1;école néerlandaise
AJAX;Ajax;4;clubs;Quatre lettres quatre fois championnes d'Europe;factuel;2;palmarès continental
AJAX;Ajax;4;clubs;Il a formé Cruyff avant tout le monde;joueur;2;centre de formation réputé
ALES;Alès;4;clubs;Ville gardoise à l'ancien club professionnel;factuel;3;football cévenol
ALES;Alès;4;clubs;Cité minière du sud de la France;factuel;3;histoire locale
ALES;Alès;4;clubs;Quatre lettres au pied des Cévennes;joueur;3;géographie
ALEX;Alex;4;legendes;Diminutif porté par de nombreux Brésiliens;factuel;2;usage auriverde
ALEX;Alex;4;legendes;Quatre lettres devant Sandro chez un latéral;factuel;3;défenseur brésilien
ALEX;Alex;4;legendes;Abrégé d'Alexandre ou d'Alexis;joueur;1;forme familière
AMEX;Amex;4;stades;Enceinte de la côte sud anglaise;factuel;3;Brighton
AMEX;Amex;4;stades;Son nom vient d'une compagnie de cartes bancaires;factuel;3;sponsor du stade
AMEX;Amex;4;stades;Quatre lettres au bord de la Manche;joueur;3;situation du club
ANGE;ange;4;fillfoot;Créature ailée des représentations religieuses;factuel;1;acception courante
ANGE;ange;4;fillfoot;Le gardien miraculé en devient un pour la tribune;joueur;1;parade décisive
ANGE;ange;4;fillfoot;Quatre lettres devant gardien dans un compliment;joueur;2;expression d'admiration
AOUT;août;4;fillfoot;Mois de la première journée;factuel;1;reprise du championnat
AOUT;août;4;fillfoot;On y joue par trente degrés;factuel;1;conditions de la reprise
AOUT;août;4;fillfoot;Personne n'y est prêt et tout le monde le sait;joueur;2;début de saison
APRE;âpre;4;vocab;Adjectif d'un duel très disputé;factuel;2;intensité du combat
APRE;âpre;4;vocab;Adjectif contraire de doux;factuel;1;acception courante
APRE;âpre;4;vocab;Quatre lettres qui décrivent une lutte pour le maintien;joueur;2;fin de saison tendue
ARIS;Aris;4;clubs;Club grec de Salonique;factuel;3;championnat local
ARIS;Aris;4;clubs;Son nom est celui du dieu grec de la guerre;factuel;2;mythologie
ARIS;Aris;4;clubs;Quatre lettres jaune et noir;joueur;3;couleurs du club
ARME;arme;4;vocab;Le coup de pied arrêté est la sienne;factuel;1;point fort d'un joueur
ARME;arme;4;vocab;Fatale, elle sort du banc à la 70e;joueur;2;joker décisif
ARME;arme;4;vocab;Elle se dévoile au pire moment pour l'adversaire;joueur;2;atout gardé en réserve
ASEC;A.S.E.C.;4;clubs;Sigle du grand club d'Abidjan;factuel;3;championnat ivoirien
ASEC;A.S.E.C.;4;clubs;Son académie a formé les frères Touré;factuel;3;centre réputé
ASEC;A.S.E.C.;4;clubs;Quatre lettres jaune et noir;joueur;3;couleurs du club
ASIE;Asie;4;competitions;Continent dont la Coupe se joue tous les quatre ans;factuel;2;épreuve continentale
ASIE;Asie;4;competitions;Sa confédération a envoyé huit équipes en 2026;factuel;3;quota du format élargi
ASIE;Asie;4;competitions;Quatre lettres qui ont reçu le Mondial trois fois;joueur;2;2002, 2022 et à venir
ASNL;A.S.N.L.;4;clubs;Sigle du club lorrain;factuel;3;Nancy
ASNL;A.S.N.L.;4;clubs;Il a lancé la carrière de Platini;factuel;3;formation du meneur
ASNL;A.S.N.L.;4;clubs;Quatre lettres rouge et blanc;joueur;3;couleurs du club
ASSE;A.S.S.E.;4;clubs;Sigle du club le plus titré de France;factuel;1;dix titres nationaux
ASSE;A.S.S.E.;4;clubs;Il joue dans une enceinte surnommée le Chaudron;factuel;2;Geoffroy-Guichard
ASSE;A.S.S.E.;4;clubs;Quatre lettres vertes du Forez;joueur;2;couleur du maillot
AUBE;aube;4;fillfoot;Premier moment du jour, avant tout le monde;factuel;1;début de journée
AUBE;aube;4;fillfoot;Heure à laquelle part le car du déplacement;factuel;1;départ matinal
AUBE;aube;4;fillfoot;Celle d'une ère commence par un limogeage;joueur;1;changement de cycle
AUDI;Audi;4;competitions;Marque qui donnait son nom à un tournoi de pré-saison;factuel;3;épreuve amicale munichoise
AUDI;Audi;4;competitions;Quatre lettres aux quatre anneaux;joueur;1;logo de la marque
AUDI;Audi;4;competitions;Constructeur partenaire de grands clubs;factuel;2;sponsoring sportif
BADE;Badé;4;actuels;Défenseur français passé de Sévilla à Leverkusen;factuel;3;transfert de 2025
BADE;Badé;4;actuels;Il avait été formé au Havre;factuel;3;parcours du joueur
BADE;Badé;4;actuels;Quatre lettres très solides dans les duels;joueur;3;style du central
BAIN;bain;4;vocab;Froid, il suit immédiatement la rencontre;factuel;1;protocole de récupération
BAIN;bain;4;vocab;Le vestiaire en compte plusieurs;factuel;2;installations du club
BAIN;bain;4;vocab;De foule, il attend le champion;joueur;1;accueil des supporters
BALE;Bâle;4;clubs|legendes;Club suisse habitué des coupes d'Europe;factuel;2;implantation rhénane
BALE;Bâle;4;clubs|legendes;Ville helvétique au bord du Rhin;factuel;1;géographie
BALE;Bâle;4;clubs|legendes;Quatre lettres à la frontière de trois pays;joueur;2;situation géographique
BALE;Bâle;4;clubs|legendes;Un ailier gallois du Real portait ce nom;factuel;2;cinq Ligues des champions
BANC;banc;4;vocab;Les remplaçants s'y assoient;joueur;1;zone technique
BANC;banc;4;vocab;Il accueille aussi tout le staff;factuel;1;occupants de la zone technique
BANC;banc;4;vocab;Y rester trois mois est une punition;joueur;1;absence de temps de jeu
BARI;Bari;4;clubs;Ville hôte du Mondial 1990;factuel;2;édition italienne
BARI;Bari;4;clubs;Son stade a été dessiné par un grand architecte;factuel;3;enceinte de 1990
BARI;Bari;4;clubs;Quatre lettres du talon de la botte;joueur;2;situation géographique
BATS;Bats;4;legendes;Gardien des Bleus champions d'Europe en 1984;factuel;2;titre à domicile
BATS;Bats;4;legendes;Il a arrêté un penalty en huitième contre le Brésil;factuel;3;Mondial 1986
BATS;Bats;4;legendes;Quatre lettres qui signifient chauves-souris en anglais;joueur;1;homonymie
BEIN;beIN;4;culture;Diffuseur qatari du football en France;factuel;2;chaîne sportive
BEIN;beIN;4;culture;Il est arrivé sur le marché français en 2012;factuel;3;lancement de la chaîne
BEIN;beIN;4;culture;Quatre lettres qui diffusent aussi la Liga;joueur;2;offre de la chaîne
BEST;Best;4;legendes;Ailier nord-irlandais Ballon d'Or en 1968;factuel;2;lauréat mancunien
BEST;Best;4;legendes;Il a gagné la Coupe d'Europe la même année;factuel;3;titre de 1968
BEST;Best;4;legendes;Quatre lettres qui signifient meilleur en anglais;joueur;1;traduction
BLAS;Blas;4;actuels;Milieu offensif français passé par Nantes;factuel;3;carrière en Ligue 1
BLAS;Blas;4;actuels;Il tirait les coups francs des Canaris;factuel;3;spécialité du joueur
BLAS;Blas;4;actuels;Quatre lettres au tout petit gabarit;joueur;3;silhouette du joueur
BLEU;bleu;4;fillfoot;Couleur du maillot de la sélection française;factuel;1;équipe nationale
BLEU;bleu;4;fillfoot;Débutant qui découvre le vestiaire;factuel;2;novice
BLEU;bleu;4;fillfoot;Il en voit trente-six après le choc aérien;joueur;2;expression consacrée
BLOC;bloc;4;vocab;Distance entre la défense et l'attaque;factuel;3;compacité de l'équipe
BLOC;bloc;4;vocab;Bas, il colle à sa propre surface;factuel;2;organisation défensive basse
BLOC;bloc;4;vocab;Haut, il étouffe l'adversaire;joueur;2;pression avancée
BLOG;blog;4;culture;Site personnel où l'on écrit sur son club;factuel;2;média amateur
BLOG;blog;4;culture;Il a précédé les réseaux sociaux;factuel;2;histoire du web
BLOG;blog;4;culture;Quatre lettres formées à partir de deux mots anglais;joueur;2;étymologie
BOCA;Boca;4;clubs;Club argentin de la Bombonera;factuel;1;enceinte mythique
BOCA;Boca;4;clubs;Quatre lettres bleu et jaune de Buenos Aires;factuel;2;couleurs du club
BOCA;Boca;4;clubs;Son derby s'appelle le Superclasico;joueur;2;rivalité avec River
BOGA;Boga;4;actuels;Il a quitté Nice pour la Juventus;factuel;2;transfert de l'été 2026
BOGA;Boga;4;actuels;Ailier ivoirien du championnat de France;factuel;3;profil du joueur
BOGA;Boga;4;actuels;Quatre lettres parties en Serie A;joueur;2;destination du transfert
BOIS;bois;4;vocab;Les trouver, c'est frapper la barre ou le montant;factuel;2;expression consacrée
BOIS;bois;4;vocab;Les poteaux en étaient faits autrefois;factuel;2;matériau historique
BOIS;bois;4;vocab;Le ballon claque dessus et revient en jeu;joueur;1;frappe repoussée
BOLI;Boli;4;legendes;Auteur de la tête victorieuse en finale 1993;factuel;2;Marseille contre Milan
BOLI;Boli;4;legendes;Seul buteur français en finale de Coupe d'Europe;factuel;2;titre de l'OM
BOLI;Boli;4;legendes;Quatre lettres devenues cultes sur la Canebière;joueur;2;idole marseillaise
BOLY;Boly;4;actuels;Défenseur parisien de dix-sept ans;factuel;3;effectif 2026-2027
BOLY;Boly;4;actuels;Latéral droit du groupe professionnel parisien;factuel;3;liste de la saison
BOLY;Boly;4;actuels;Quatre lettres tout juste sorties du centre;joueur;2;jeune du club
BOND;bond;4;vocab;Saut brusque vers l'avant;factuel;1;acception courante
BOND;bond;4;vocab;Détente du gardien vers sa lucarne;factuel;1;geste de la parade
BOND;bond;4;vocab;Quatre lettres qui évoquent aussi un espion;joueur;1;homonymie
BOSS;boss;4;fillfoot;Anglicisme pour le patron du vestiaire;factuel;1;terme anglais
BOSS;boss;4;fillfoot;Le technicien anglais se fait appeler ainsi;factuel;2;usage britannique
BOSS;boss;4;fillfoot;Il décide de tout, même de la couleur du car;joueur;2;autorité du chef
BOUE;boue;4;fillfoot;Elle recouvre les maillots dès janvier;factuel;1;terrain gras
BOUE;boue;4;fillfoot;On ne distingue plus les couleurs à la pause;joueur;1;match sous la pluie
BOUE;boue;4;fillfoot;Y traîner un adversaire, ça ne se fait pas;joueur;2;expression consacrée
BOUT;bout;4;fillfoot;Il en reste toujours un à jouer;factuel;1;fin de rencontre
BOUT;bout;4;fillfoot;Aller jusqu'au sien, c'est atteindre la finale;joueur;1;parcours complet
BOUT;bout;4;fillfoot;Le ballon touché du sien du pied part mal;joueur;2;contact imprécis
BRAS;bras;4;fillfoot;Le ballon qui le touche déclenche le débat;factuel;1;appréciation de la main
BRAS;bras;4;fillfoot;Décollé du corps, il coûte onze mètres;factuel;2;critère d'appréciation
BRAS;bras;4;fillfoot;Le tireur les lève avant même que ça rentre;joueur;1;célébration anticipée
BREF;bref;4;fillfoot;Adjectif d'un discours de mi-temps réussi;factuel;2;causerie efficace
BREF;bref;4;fillfoot;Adjectif contraire de long;factuel;1;acception courante
BREF;bref;4;fillfoot;Quatre lettres qui résument une soirée ratée;joueur;1;conclusion rapide
BUHL;Bühl;4;feminin;Ailière allemande internationale;factuel;3;attaquante de la Mannschaft
BUHL;Bühl;4;feminin;Elle évolue au Bayern Munich;factuel;3;club de la joueuse
BUHL;Bühl;4;feminin;Quatre lettres très rapides sur le côté;joueur;3;qualité de l'ailière
BURY;Bury;4;clubs;Club anglais exclu de la ligue en 2019;factuel;3;faillite du club
BURY;Bury;4;clubs;Il avait remporté la Coupe d'Angleterre deux fois;factuel;3;palmarès ancien
BURY;Bury;4;clubs;Quatre lettres du Grand Manchester;joueur;3;implantation
BUZZ;buzz;4;culture;Bruit médiatique autour d'une action;factuel;1;phénomène en ligne
BUZZ;buzz;4;culture;Un transfert avorté en crée souvent un;joueur;1;emballement des réseaux
BUZZ;buzz;4;culture;Quatre lettres qui imitent un bourdonnement;factuel;1;étymologie
CAEN;Caen;4;clubs;Club normand du football français;factuel;2;implantation
CAEN;Caen;4;clubs;Sa ville accueille aussi un mémorial célèbre;factuel;2;patrimoine local
CAEN;Caen;4;clubs;Quatre lettres bleu et rouge;joueur;3;couleurs du club
CAFE;café;4;fillfoot;On y refait le championnat le lundi matin;factuel;1;discussions de comptoir
CAFE;café;4;fillfoot;La feinte de corps y envoie le défenseur;joueur;1;expression consacrée
CAFE;café;4;fillfoot;Le petit du matin avant la séance;joueur;2;routine du joueur
CAFU;Cafu;4;legendes;Il a disputé trois finales de Coupe du monde;factuel;2;1994, 1998 et 2002
CAFU;Cafu;4;legendes;Capitaine brésilien sacré en 2002;factuel;2;titre asiatique
CAFU;Cafu;4;legendes;Quatre lettres qui montaient et descendaient sans fin;joueur;2;latéral infatigable
CAGE;cage;4;vocab;Deux poteaux et une barre;factuel;1;structure du but
CAGE;cage;4;vocab;Le portier la garde;factuel;1;mission du gardien
CAGE;cage;4;vocab;Vide, elle ne se rate pas;joueur;1;occasion immanquable
CAMP;camp;4;vocab;Celui de l'adversaire, là où l'on veut jouer;factuel;1;moitié de terrain
CAMP;camp;4;vocab;On en change à la pause;factuel;1;inversion des côtés
CAMP;camp;4;vocab;Envoyer la balle dans sa propre cage fait mal;joueur;1;réalisation contre son camp
CAPO;capo;4;culture;Meneur de chants dos au terrain;factuel;2;figure du virage
CAPO;capo;4;culture;Il ne regarde presque jamais le match;joueur;1;particularité du rôle
CAPO;capo;4;culture;Quatre lettres perchées sur un grillage;joueur;2;position dans la tribune
CARL;Carl;4;legendes;Prénom d'origine germanique très porté au Nord;factuel;2;usage scandinave
CARL;Carl;4;legendes;Équivalent nordique de Charles;factuel;1;traduction du prénom
CARL;Carl;4;legendes;Quatre lettres fréquentes dans les vestiaires suédois;joueur;3;prénom courant
CECH;Cech;4;legendes;Gardien tchèque au casque reconnaissable;factuel;2;protection portée en jeu
CECH;Cech;4;legendes;Recordman de clean sheets en Premier League;factuel;3;statistique du portier
CECH;Cech;4;legendes;Quatre lettres passées de Chelsea à Arsenal;joueur;2;carrière londonienne
CENT;cent;4;fillfoot;Nombre de sélections qui ouvre un club très fermé;factuel;2;seuil symbolique
CENT;cent;4;fillfoot;Il faut les atteindre pour être centenaire;factuel;1;âge d'une institution
CENT;cent;4;fillfoot;Le club fête les siens avec un maillot spécial;joueur;1;centenaire d'une institution
CHAN;C.H.A.N.;4;competitions;Épreuve africaine réservée aux joueurs locaux;factuel;3;championnat des nations
CHAN;C.H.A.N.;4;competitions;Elle se distingue de la CAN par son règlement;factuel;3;critère de sélection
CHAN;C.H.A.N.;4;competitions;Quatre lettres pour les championnats locaux;joueur;3;vitrine du continent
CHEF;chef;4;fillfoot;Le capitaine en est un sur la pelouse;factuel;1;autorité sur le terrain
CHEF;chef;4;fillfoot;De file, il ouvre l'entrée des équipes;factuel;2;protocole d'avant-match
CHEF;chef;4;fillfoot;Il change tous les dix-huit mois;joueur;1;rotation des entraîneurs
CHOC;choc;4;vocab;Affiche entre deux prétendants au titre;factuel;1;match au sommet
CHOC;choc;4;vocab;Deux têtes qui se rencontrent en produisent un;factuel;2;contact aérien
CHOC;choc;4;vocab;Il remplit le stade à lui tout seul;joueur;1;attrait de l'affiche
CIEL;ciel;4;fillfoot;Le ballon y monte sur une chandelle;factuel;1;trajectoire haute
CIEL;ciel;4;fillfoot;Le tireur l'a regardé au lieu de viser;joueur;1;frappe au-dessus
CIEL;ciel;4;fillfoot;Il s'y adresse juste avant de frapper;joueur;2;geste de superstition
CISS;Ciss;4;actuels;Milieu sénégalais évoluant à Madrid;factuel;3;club espagnol
CISS;Ciss;4;actuels;Retenu pour le Mondial 2026;factuel;2;liste de Pape Thiaw
CISS;Ciss;4;actuels;Quatre lettres qui ratissent devant la défense;joueur;1;poste du joueur
CITY;City;4;clubs;Deuxième d'Angleterre en 2025-2026 avec 78 points;factuel;1;dauphin des Gunners
CITY;City;4;clubs;Vainqueur de la Coupe de la Ligue anglaise en 2026;factuel;2;neuvième titre dans l'épreuve
CITY;City;4;clubs;Quatre lettres qui désignent une ville en anglais;joueur;1;homonymie
CLAN;clan;4;fillfoot;Groupe soudé autour d'un joueur influent;factuel;2;dynamique de vestiaire
CLAN;clan;4;fillfoot;Le vestiaire s'y divise quand ça va mal;factuel;1;division interne
CLAN;clan;4;fillfoot;Deux d'entre eux et la saison est finie;joueur;2;fracture du groupe
CLIP;clip;4;culture;Extrait vidéo partagé après une action;factuel;1;format court
CLIP;clip;4;culture;C'est par lui qu'on découvre les anciens;joueur;1;transmission moderne
CLIP;clip;4;culture;Quatre lettres qui désignent aussi une vidéo musicale;factuel;1;acception courante
CLOU;clou;4;fillfoot;Petite pointe qui n'a rien à faire sur la pelouse;factuel;1;objet dangereux
CLOU;clou;4;fillfoot;Celui du spectacle, c'est la lucarne à la 90e;joueur;1;moment fort
CLOU;clou;4;fillfoot;River celui d'un rival, c'est le faire taire;joueur;2;expression consacrée
CLUB;club;4;vocab;Structure qui emploie les joueurs;factuel;1;entité sportive
CLUB;club;4;vocab;Formateur, il fabrique ses propres talents;factuel;2;label de formation
CLUB;club;4;vocab;On le quitte rarement sans un pincement;joueur;1;attachement du joueur
COIN;coin;4;vocab;Coup de pied donné depuis cet endroit;factuel;1;corner
COIN;coin;4;vocab;Le fanion y est planté;factuel;1;marquage du terrain
COIN;coin;4;vocab;Le tireur s'y installe et le stade se lève;joueur;1;phase arrêtée
COLE;Cole;4;legendes;Patronyme porté par plusieurs internationaux anglais;factuel;2;nom répandu
COLE;Cole;4;legendes;L'un d'eux fut le meilleur latéral gauche du pays;factuel;2;défenseur de Chelsea
COLE;Cole;4;legendes;Quatre lettres qui riment avec but en anglais;joueur;1;proximité sonore
COMO;Côme;4;clubs;Club italien au bord d'un lac très célèbre;factuel;3;Lombardie
COMO;Côme;4;clubs;Quatre lettres remontées récemment en Serie A;factuel;3;accession du club
COMO;Côme;4;clubs;Ville lombarde prisée des touristes;joueur;2;destination réputée
COPA;Copa;4;competitions;Épreuve continentale sud-américaine;factuel;2;America
COPA;Copa;4;competitions;Elle désigne aussi la Libertadores des clubs;factuel;2;compétition de clubs
COPA;Copa;4;competitions;Quatre lettres qui signifient coupe en espagnol;joueur;1;traduction
COTE;cote;4;vocab;Le bookmaker l'affiche avant le coup d'envoi;factuel;1;probabilité chiffrée
COTE;cote;4;vocab;Plus elle est haute, moins on y croit;factuel;2;logique des paris
COTE;cote;4;vocab;Celle du joueur grimpe après un beau match;joueur;1;valeur marchande
COUP;coup;4;vocab;Celui d'envoi lance la rencontre;factuel;1;début du match
COUP;coup;4;vocab;Franc, il sanctionne une faute;factuel;1;remise en jeu arrêtée
COUP;coup;4;vocab;Du sombrero, il passe au-dessus de l'adversaire;joueur;2;geste technique
CRAN;cran;4;fillfoot;Qualité morale que réclame un stade hostile;factuel;2;solidité mentale
CRAN;cran;4;fillfoot;En monter un, c'est franchir une étape;factuel;1;expression consacrée
CRAN;cran;4;fillfoot;Il en faut pour tirer le dernier des onze mètres;joueur;1;courage sous pression
CRIS;cris;4;fillfoot|legendes;Pluriel de ce que pousse la foule;factuel;1;grammaire française
CRIS;cris;4;fillfoot|legendes;Ils montent des gradins à la réalisation;factuel;1;réaction du public
CRIS;cris;4;fillfoot|legendes;Quatre lettres qui couvrent les consignes du banc;joueur;2;volume des tribunes
CRIS;cris;4;fillfoot|legendes;Un capitaine brésilien de Lyon était ainsi surnommé;factuel;3;défenseur central
CSKA;C.S.K.A.;4;clubs;Sigle porté par des clubs de l'Est;factuel;3;Moscou et Sofia
CSKA;C.S.K.A.;4;clubs;Il a remporté la Coupe UEFA en 2005;factuel;3;titre européen
CSKA;C.S.K.A.;4;clubs;Quatre lettres d'origine militaire;joueur;3;club de l'armée
CUIR;cuir;4;fillfoot;Matière du ballon d'autrefois;factuel;2;fabrication ancienne
CUIR;cuir;4;fillfoot;Matière des chaussures haut de gamme;factuel;1;équipement du joueur
CUIR;cuir;4;fillfoot;Il pesait deux fois plus lourd sous la pluie;joueur;2;ballon d'avant-guerre
CUVE;cuve;4;stades;Surnom de l'enceinte ovale de Rotterdam;factuel;3;De Kuip
CUVE;cuve;4;stades;Sa forme lui a valu ce nom;factuel;3;architecture du lieu
CUVE;cuve;4;stades;Quatre lettres qui gardent le son à l'intérieur;joueur;2;acoustique du stade
DALI;Dali;4;feminin;Milieu française passée par Lyon et le PSG;factuel;3;carrière de la joueuse
DALI;Dali;4;feminin;Elle porte le nom d'un peintre surréaliste;factuel;1;homonymie
DALI;Dali;4;feminin;Quatre lettres au toucher de balle rare;joueur;2;style de la joueuse
DATE;date;4;fillfoot;Celle du match est fixée par la ligue;factuel;1;calendrier officiel
DATE;date;4;fillfoot;Elle figure sur l'écusson de bien des clubs;factuel;2;année de fondation
DATE;date;4;fillfoot;Quatre lettres qui changent au gré des diffuseurs;joueur;2;programmation télévisée
DAZN;DAZN;4;culture;Plateforme de streaming sportif;factuel;2;diffuseur moderne
DAZN;DAZN;4;culture;Elle a acquis des droits du championnat français;factuel;3;marché des droits
DAZN;DAZN;4;culture;Quatre lettres sans une seule voyelle;joueur;2;particularité du nom
DECO;Deco;4;legendes;Il a gagné la C1 avec Porto puis avec le Barça;factuel;2;2004 et 2006
DECO;Deco;4;legendes;Brésilien de naissance devenu international portugais;factuel;2;changement de sélection
DECO;Deco;4;legendes;Quatre lettres au surnom plus court que le prénom;joueur;2;usage brésilien
DEFI;défi;4;fillfoot;Épreuve difficile qu'on accepte quand même;factuel;1;acception courante
DEFI;défi;4;fillfoot;Ce que représente un déplacement à l'Est;factuel;2;difficulté du match
DEFI;défi;4;fillfoot;Quatre lettres lancées la veille du derby;joueur;1;provocation d'avant-match
DENT;dent;4;fillfoot;Elle se serre quand le score l'est aussi;factuel;1;tension du joueur
DENT;dent;4;fillfoot;Il en a une contre l'homme au sifflet;joueur;1;rancune tenace
DENT;dent;4;fillfoot;Se les casser sur un bloc regroupé;joueur;1;expression consacrée
DEUX;deux;4;fillfoot;Nombre de mi-temps dans une rencontre;factuel;1;durée du match
DEUX;deux;4;fillfoot;Il en faut au moins autant pour un doublé;factuel;1;réalisations du buteur
DEUX;deux;4;fillfoot;Quatre lettres devant à zéro à la pause;joueur;1;score de mi-temps
DIAO;Diao;4;actuels;Ailier sénégalais évoluant à Séville;factuel;3;club espagnol
DIAO;Diao;4;actuels;Retenu pour la Coupe du monde 2026;factuel;1;liste de Pape Thiaw
DIAO;Diao;4;actuels;Quatre lettres dans l'attaque des Lions;joueur;1;poste du joueur
DIAS;Dias;4;actuels;Défenseur central portugais évoluant à Manchester;factuel;2;club anglais
DIAS;Dias;4;actuels;Patron de la charnière lusitanienne;factuel;1;poste en sélection
DIAS;Dias;4;actuels;Quatre lettres qui désignent des jours en portugais;joueur;2;homonymie
DIAZ;Díaz;4;actuels;Marocain qui a préféré les Lions à la Roja;factuel;2;choix de sélection
DIAZ;Díaz;4;actuels;Attaquant madrilène retenu pour le Mondial 2026;factuel;1;liste marocaine
DIAZ;Díaz;4;actuels;Quatre lettres et un patronyme très espagnol;joueur;1;origine du nom
DIDA;Dida;4;legendes;Gardien brésilien champion du monde en 2002;factuel;3;titre asiatique
DIDA;Dida;4;legendes;Deux fois champion d'Europe avec Milan;factuel;3;2003 et 2007
DIDA;Dida;4;legendes;Quatre lettres auriverde devant la cage;joueur;2;forme du surnom
DIOP;Diop;4;actuels;Défenseur parti de Fulham à Ipswich;factuel;3;transfert de dix millions
DIOP;Diop;4;actuels;Il a changé de club anglais à l'été 2026;factuel;2;mercato estival
DIOP;Diop;4;actuels;Quatre lettres pour un très grand gabarit;joueur;2;profil du joueur
DIRK;Dirk;4;legendes;Prénom d'un attaquant néerlandais de Liverpool;factuel;3;ailier batave
DIRK;Dirk;4;legendes;Prénom masculin très répandu aux Pays-Bas;factuel;2;usage néerlandais
DIRK;Dirk;4;legendes;Quatre lettres qui sonnent germanique;joueur;2;origine du nom
DOHA;Doha;4;stades;Capitale hôte du Mondial 2022;factuel;1;édition qatarie
DOHA;Doha;4;stades;La finale de 2022 s'est jouée dans sa banlieue;factuel;2;stade de Lusail
DOHA;Doha;4;stades;Quatre lettres climatisées jusque dans les enceintes;joueur;2;particularité du tournoi
DOKU;Doku;4;actuels;Ailier belge titulaire en quart de finale 2026;factuel;2;compo face à l'Espagne
DOKU;Doku;4;actuels;Il animait un couloir des Diables rouges;factuel;1;poste du joueur
DOKU;Doku;4;actuels;Quatre lettres qui dribblent sur un côté;joueur;1;profil du joueur
DOUE;Doué;4;actuels;Meilleur jeune du Mondial des clubs 2025;factuel;3;distinction FIFA
DOUE;Doué;4;actuels;Ailier parisien retenu pour le Mondial 2026;factuel;2;liste de Deschamps
DOUE;Doué;4;actuels;Son patronyme est un compliment tout trouvé;joueur;1;homonymie
DOUE;Doué;4;actuels;Meilleur jeune de la Ligue des champions;factuel;3;édition 2024-2025
DUEL;duel;4;vocab;Un contre un pour la possession;factuel;1;opposition directe
DUEL;duel;4;vocab;Compté gagné ou perdu par les statisticiens;factuel;2;donnée de match
DUEL;duel;4;vocab;Aérien, il fait mal aux nuques;joueur;2;contestation de balle en l'air
DUPE;Dupé;4;actuels;Gardien parti libre en direction de Nantes;factuel;3;mercato de l'été 2026
DUPE;Dupé;4;actuels;Portier ayant quitté Nice sans indemnité;factuel;3;fin de contrat
DUPE;Dupé;4;actuels;Quatre lettres qui évoquent une tromperie;joueur;1;homonymie
ECHO;écho;4;fillfoot;Répétition sonore que renvoie une enceinte vide;factuel;2;phénomène acoustique
ECHO;écho;4;fillfoot;Le chant en trouve un dans un stade désert;factuel;1;acoustique du lieu
ECHO;écho;4;fillfoot;La rumeur du mercato s'y propage;joueur;1;circulation des bruits
EDER;Éder;4;legendes;Auteur du but vainqueur de l'Euro 2016;factuel;2;finale contre la France
EDER;Éder;4;legendes;Il a frappé de loin en prolongation;factuel;2;but de Saint-Denis
EDER;Éder;4;legendes;Quatre lettres entrées en jeu pour tout changer;joueur;2;remplaçant décisif
EDIN;Edin;4;legendes;Prénom d'un buteur bosnien passé par Rome;factuel;3;attaquant balkanique
EDIN;Edin;4;legendes;Prénom masculin répandu dans les Balkans;factuel;2;usage régional
EDIN;Edin;4;legendes;Quatre lettres à une lettre d'une capitale écossaise;joueur;2;proximité orthographique
ELAN;élan;4;vocab;Course qui précède la frappe arrêtée;factuel;1;approche du ballon
ELAN;élan;4;vocab;Le tireur le raccourcit pour tromper le portier;joueur;2;feinte à la course
ELAN;élan;4;vocab;Coupé au mauvais moment, il gâche tout;joueur;2;interruption du geste
EMRE;Emre;4;legendes;Prénom turc porté par plusieurs internationaux;factuel;3;usage courant
EMRE;Emre;4;legendes;Quatre lettres passées par la Premier League;factuel;3;milieu anatolien
EMRE;Emre;4;legendes;Prénom masculin venu d'Anatolie;joueur;2;origine du nom
ENZO;Enzo;4;actuels;Prénom du milieu argentin sacré en 2022;factuel;2;entrejeu albiceleste
ENZO;Enzo;4;actuels;Prénom d'origine italienne très porté en France;factuel;1;usage courant
ENZO;Enzo;4;actuels;Quatre lettres finalistes du Mondial 2026;joueur;2;défaite contre l'Espagne
ERIC;Éric;4;legendes;Prénom du King de Manchester United;factuel;2;attaquant français
ERIC;Éric;4;legendes;Prénom masculin fréquent sur les feuilles de match;factuel;1;usage courant
ERIC;Éric;4;legendes;Quatre lettres au col toujours relevé;joueur;2;silhouette culte
ETAU;étau;4;vocab;Outil de serrage de l'établi;factuel;1;acception courante
ETAU;étau;4;vocab;Le pressing se referme comme lui sur le porteur;factuel;2;image consacrée
ETAU;étau;4;vocab;Quatre lettres qui étouffent la relance adverse;joueur;2;bloc haut
ETOO;Eto'o;4;legendes;Meilleur buteur de l'histoire du Cameroun;factuel;2;record des Lions
ETOO;Eto'o;4;legendes;Quadruple Ballon d'Or africain;factuel;2;palmarès continental
ETOO;Eto'o;4;legendes;Quatre lettres championnes d'Europe avec deux clubs;joueur;3;Barça et Inter
EURO;Euro;4;competitions;Championnat d'Europe des nations;factuel;1;compétition continentale
EURO;Euro;4;competitions;La France l'a gagné en 1984 et en 2000;factuel;1;deux titres tricolores
EURO;Euro;4;competitions;Quatre lettres qui désignent aussi une monnaie;joueur;1;homonymie
EVRA;Evra;4;legendes;Latéral gauche français de Manchester United;factuel;2;carrière anglaise
EVRA;Evra;4;legendes;Il a été capitaine des Bleus en 2010;factuel;2;brassard tricolore
EVRA;Evra;4;legendes;Quatre lettres devenues très populaires sur les réseaux;joueur;1;seconde vie médiatique
FAIM;faim;4;fillfoot;Appétit sportif du jeune qui vient d'arriver;factuel;1;motivation du débutant
FAIM;faim;4;fillfoot;Après trois titres, elle disparaît parfois;joueur;1;usure de la réussite
FAIM;faim;4;fillfoot;Elle vaut mieux que le talent, dit le staff;joueur;1;discours de vestiaire
FAUX;faux;4;fillfoot;Contraire du vrai, en une seule syllabe;factuel;1;acception courante
FAUX;faux;4;fillfoot;Neuf, il décroche au lieu de rester en pointe;factuel;3;rôle tactique moderne
FAUX;faux;4;fillfoot;Le rythme l'est quand plus rien ne fonctionne;joueur;1;jeu déréglé
FCGB;F.C.G.B.;4;clubs;Sigle du club girondin;factuel;3;Bordeaux
FCGB;F.C.G.B.;4;clubs;Il a été champion de France six fois;factuel;2;palmarès national
FCGB;F.C.G.B.;4;clubs;Quatre lettres marine et blanc;joueur;3;couleurs du club
FCSM;F.C.S.M.;4;clubs;Sigle du club fondé par un constructeur automobile;factuel;3;Sochaux
FCSM;F.C.S.M.;4;clubs;Il a été deux fois champion de France;factuel;3;palmarès historique
FCSM;F.C.S.M.;4;clubs;Quatre lettres jaune et bleu;joueur;3;couleurs du club
FEUX;feux;4;culture;De Bengale, ils illuminent le virage;factuel;2;engins pyrotechniques
FEUX;feux;4;culture;Ils sont interdits dans les enceintes;factuel;2;réglementation
FEUX;feux;4;culture;Quatre lettres qui valent une amende au club;joueur;2;sanction disciplinaire
FIFA;FIFA;4;competitions;Instance qui organise la Coupe du monde;factuel;1;fédération internationale
FIFA;FIFA;4;competitions;Quatre lettres dont le siège est en Suisse;factuel;2;implantation à Zurich
FIFA;FIFA;4;competitions;Elle a donné son nom à un jeu vidéo culte;joueur;1;licence de simulation
FIGO;Figo;4;legendes;Ballon d'Or portugais de l'an 2000;factuel;2;milieu offensif
FIGO;Figo;4;legendes;Son transfert du Barça au Real a fait scandale;factuel;2;opération de 2000
FIGO;Figo;4;legendes;Quatre lettres huées à chaque retour en Catalogne;joueur;2;accueil du Camp Nou
FILM;film;4;culture;Format qui a raconté bien des destins de joueurs;factuel;1;genre cinématographique
FILM;film;4;culture;Certains matchs en ont inspiré directement;factuel;2;adaptation d'histoires vraies
FILM;film;4;culture;Quatre lettres qu'on se repasse aussi dans la tête;joueur;1;double sens
FILS;fils;4;fillfoot;Celui de Thuram a joué le Mondial 2026;factuel;2;filiation tricolore
FILS;fils;4;fillfoot;Tel père, tel, dit le proverbe;factuel;1;dicton populaire
FILS;fils;4;fillfoot;Quatre lettres devant de qui vous savez;joueur;2;expression consacrée
FINE;fine;4;vocab;Adjectif féminin contraire de grossier;factuel;1;grammaire française
FINE;fine;4;vocab;La technique l'est chez les tout meilleurs;factuel;1;qualité du geste
FINE;fine;4;vocab;Quatre lettres devant équipe dans un compliment;joueur;2;jeu élégant
FLOP;flop;4;vocab;Anglicisme pour l'échec retentissant;factuel;1;terme anglais
FLOP;flop;4;vocab;Recrue qui n'a jamais rien montré;factuel;2;échec sportif
FLOP;flop;4;vocab;Vingt millions pour ça, soupire la tribune;joueur;2;déception du public
FOIS;fois;4;fillfoot;Deux, c'est le nombre d'étoiles des Bleus;factuel;1;titres mondiaux
FOIS;fois;4;fillfoot;Elle se compte dans un décompte de titres;factuel;1;acception courante
FOIS;fois;4;fillfoot;Quatre lettres devant championne d'Europe;joueur;1;énumération de palmarès
FOND;fond;4;vocab;Ligne derrière laquelle se trouve la cage;factuel;1;délimitation du terrain
FOND;fond;4;vocab;Le ballon sorti par là donne un corner;factuel;2;règle de remise en jeu
FOND;fond;4;vocab;De court, il fatigue les milieux;joueur;2;endurance
FOOT;foot;4;vocab;Le sport le plus pratiqué de la planète;factuel;1;popularité mondiale
FOOT;foot;4;vocab;On y joue à onze contre onze;factuel;1;règle de base
FOOT;foot;4;vocab;Il se refait entièrement au comptoir;joueur;1;discussions de bistrot
FRED;Fred;4;legendes;Attaquant de la Seleção du Mondial 2014;factuel;3;édition à domicile
FRED;Fred;4;legendes;Prénom court porté par plusieurs Brésiliens;factuel;2;usage auriverde
FRED;Fred;4;legendes;Quatre lettres qui sonnent pourtant très anglaises;joueur;2;forme du surnom
GAEL;Gaël;4;legendes;Prénom d'un latéral français passé par Arsenal;factuel;3;défenseur tricolore
GAEL;Gaël;4;legendes;Prénom masculin d'origine bretonne;factuel;2;étymologie
GAEL;Gaël;4;legendes;Quatre lettres qui désignent aussi un peuple celte;joueur;2;homonymie
GAIN;gain;4;fillfoot;Ce que rapporte une victoire au classement;factuel;1;trois points
GAIN;gain;4;fillfoot;Contraire de la perte;factuel;1;acception courante
GAIN;gain;4;fillfoot;Quatre lettres qui remplissent la caisse du club;joueur;2;recettes du match
GALA;gala;4;competitions;Soirée où l'on remet les distinctions individuelles;factuel;2;cérémonie annuelle
GALA;gala;4;competitions;Celui du Ballon d'Or se tient à Paris;factuel;2;remise du trophée
GALA;gala;4;competitions;Quatre lettres devant match dans une rencontre amicale;joueur;1;rencontre d'exhibition
GAND;Gand;4;clubs;Club belge champion national en 2015;factuel;3;titre du club
GAND;Gand;4;clubs;Ville flamande traversée par la Lys;factuel;2;géographie
GAND;Gand;4;clubs;Quatre lettres des Flandres;joueur;2;implantation
GANT;gant;4;vocab;Seul le portier en porte une paire;factuel;1;équipement du gardien
GANT;gant;4;vocab;Il en existe pour la pluie et pour le sec;factuel;2;modèles selon la météo
GANT;gant;4;vocab;Il claque contre le ballon sur la parade;joueur;1;bruit de la parade
GARE;gare;4;fillfoot;Les supporters s'y retrouvent avant le car;factuel;1;point de rendez-vous
GARE;gare;4;fillfoot;La navette la relie à l'enceinte;factuel;2;transport des spectateurs
GARE;gare;4;fillfoot;Quatre lettres devant à toi si tu perds le ballon;joueur;2;avertissement de vestiaire
GARY;Gary;4;legendes;Prénom d'un buteur anglais devenu présentateur;factuel;2;attaquant reconverti
GARY;Gary;4;legendes;Prénom masculin très britannique;factuel;1;usage anglo-saxon
GARY;Gary;4;legendes;Quatre lettres jamais averties de toute une carrière;joueur;3;fair-play exemplaire
GAVI;Gavi;4;actuels;Milieu espagnol champion du monde 2026;factuel;1;titre conquis à New York
GAVI;Gavi;4;actuels;Il fait partie des huit Barcelonais sacrés;factuel;2;contingent catalan
GAVI;Gavi;4;actuels;Quatre lettres pour un hargneux du milieu;joueur;1;profil du joueur
GAYA;Gayà;4;actuels;Capitaine du FC Valence;factuel;2;brassard du club che
GAYA;Gayà;4;actuels;Latéral gauche espagnol de la Liga;factuel;3;poste du joueur
GAYA;Gayà;4;actuels;Quatre lettres qui portent un club à bout de bras;joueur;2;rôle du capitaine
GENK;Genk;4;clubs;Club belge du Limbourg;factuel;3;championnat de Belgique
GENK;Genk;4;clubs;Il a formé plusieurs internationaux belges;factuel;3;centre de formation
GENK;Genk;4;clubs;Quatre lettres bleu et blanc;joueur;3;couleurs du club
GENS;gens;4;fillfoot;Pluriel qui désigne un ensemble de personnes;factuel;1;grammaire française
GENS;gens;4;fillfoot;Ils sont du voyage lors des déplacements;factuel;2;supporters visiteurs
GENS;gens;4;fillfoot;Quatre lettres qui remplissent les gradins;joueur;1;public du stade
GIGI;Gigi;4;legendes;Diminutif d'un gardien italien légendaire;factuel;2;portier de la Squadra
GIGI;Gigi;4;legendes;Quatre lettres championnes du monde en 2006;factuel;2;titre allemand
GIGI;Gigi;4;legendes;Surnom doublé d'un prénom transalpin;joueur;2;usage italien
GOAL;goal;4;vocab;Anglicisme familier pour le portier;factuel;1;terme anglais
GOAL;goal;4;vocab;Le seul de l'équipe à porter des gants;joueur;1;équipement du gardien
GOAL;goal;4;vocab;Dans les cours d'école, personne ne veut l'être;joueur;1;poste boudé
GOAT;GOAT;4;culture;Sigle anglais du meilleur de tous les temps;factuel;1;greatest of all time
GOAT;GOAT;4;culture;Le débat entre deux joueurs ne finit jamais;joueur;1;querelle sans fin
GOAT;GOAT;4;culture;Quatre lettres qui signifient chèvre en anglais;joueur;1;traduction littérale
GRAZ;Graz;4;clubs;Deuxième ville d'Autriche au club du Sturm;factuel;3;championnat autrichien
GRAZ;Graz;4;clubs;Cité de Styrie au sud du pays;factuel;3;géographie
GRAZ;Graz;4;clubs;Quatre lettres qui finissent par un Z;joueur;2;particularité orthographique
GUTI;Guti;4;legendes;Milieu espagnol aux passes venues d'ailleurs;factuel;2;style du joueur
GUTI;Guti;4;legendes;Il a passé toute sa carrière au Real;factuel;2;fidélité au club
GUTI;Guti;4;legendes;Quatre lettres à la passe du talon légendaire;joueur;2;geste culte
HAGI;Hagi;4;legendes;Meneur roumain surnommé le Maradona des Carpates;factuel;2;surnom du joueur
HAGI;Hagi;4;legendes;Il a porté la Roumanie en quart de finale;factuel;3;Mondial 1994
HAGI;Hagi;4;legendes;Quatre lettres gauchères passées par Madrid;joueur;3;carrière espagnole
HAIE;haie;4;fillfoot;D'honneur, elle salue le champion;factuel;1;protocole de respect
HAIE;haie;4;fillfoot;Les adversaires applaudissent en la formant;factuel;2;geste de reconnaissance
HAIE;haie;4;fillfoot;La faire pour son rival fait grincer des dents;joueur;2;situation embarrassante
HAMM;Hamm;4;feminin;Pionnière américaine des années quatre-vingt-dix;factuel;2;légende du soccer
HAMM;Hamm;4;feminin;Elle a longtemps détenu le record de buts;factuel;2;marque internationale
HAMM;Hamm;4;feminin;Quatre lettres qui ont fait décoller le foot féminin;joueur;2;rôle historique
HAUT;haut;4;vocab;Le bloc l'est quand on presse chez l'adversaire;factuel;2;organisation avancée
HAUT;haut;4;vocab;Contraire de bas, en tactique comme ailleurs;factuel;1;acception courante
HAUT;haut;4;vocab;Quatre lettres devant le ballon dans la lucarne;joueur;1;trajectoire de la frappe
HEMP;Hemp;4;feminin;Ailière anglaise internationale;factuel;2;attaquante des Lionesses
HEMP;Hemp;4;feminin;Elle a été championne d'Europe en 2022;factuel;2;titre à domicile
HEMP;Hemp;4;feminin;Quatre lettres qui dribblent dans un mouchoir;joueur;2;style de l'ailière
HERO;héros;4;fillfoot;Le portier l'est après trois parades;factuel;1;homme du match
HERO;héros;4;fillfoot;Celui qui marque à la dernière seconde;factuel;1;auteur du but décisif
HERO;héros;4;fillfoot;Il l'est le samedi et oublié le mardi;joueur;1;gloire éphémère
HOTE;hôte;4;competitions;Pays qui reçoit la compétition;factuel;1;organisateur
HOTE;hôte;4;competitions;En 2026, ils étaient trois pour la première fois;factuel;1;Amérique du Nord
HOTE;hôte;4;competitions;Quatre lettres qualifiées d'office;joueur;2;privilège de l'organisateur
HOWE;Howe;4;coachs;Technicien anglais de Newcastle;factuel;2;banc des Magpies
HOWE;Howe;4;coachs;Il a offert au club un trophée après des décennies;factuel;2;Coupe de la Ligue 2025
HOWE;Howe;4;coachs;Quatre lettres passées par Bournemouth;joueur;2;carrière du coach
HUES;huées;4;vocab;Pluriel de la marque de mécontentement;factuel;1;réaction des gradins
HUES;huées;4;vocab;Elles accompagnent la sortie du numéro dix;factuel;1;désaveu du public
HUES;huées;4;vocab;Quatre lettres qui saluent l'ancien du club;joueur;2;accueil hostile
HUGO;Hugo;4;legendes;Prénom du gardien capitaine des Bleus en 2018;factuel;2;portier tricolore
HUGO;Hugo;4;legendes;Prénom masculin très en vogue en France;factuel;1;usage courant
HUGO;Hugo;4;legendes;Quatre lettres qui ont soulevé la coupe à Moscou;joueur;2;finale de 2018
HUIT;huit;4;fillfoot;Ième de finale, le tour des seize équipes;factuel;1;phase du tableau
HUIT;huit;4;fillfoot;Chiffre de la seconde partie du tableau final;factuel;2;tour de compétition
HUIT;huit;4;fillfoot;Y arriver, c'est déjà une belle saison;joueur;1;objectif d'un club moyen
HULK;Hulk;4;legendes;Attaquant brésilien à la frappe surpuissante;factuel;2;réputation du joueur
HULK;Hulk;4;legendes;Buteur passé par le Portugal puis la Russie;factuel;3;carrière du joueur
HULK;Hulk;4;legendes;Quatre lettres empruntées à un héros tout vert;joueur;1;origine du surnom
HULL;Hull;4;clubs;Club anglais du Yorkshire de l'Est;factuel;3;championnat anglais
HULL;Hull;4;clubs;Ville portuaire du nord de l'Angleterre;factuel;2;géographie
HULL;Hull;4;clubs;Quatre lettres noir et ambre;joueur;3;couleurs du club
IBRA;Ibra;4;legendes;Diminutif d'un attaquant suédois très sûr de lui;factuel;1;surnom consacré
IBRA;Ibra;4;legendes;Il a marqué dans dix championnats différents;factuel;2;carrière itinérante
IBRA;Ibra;4;legendes;Quatre lettres pratiquant aussi le taekwondo;joueur;2;formation du joueur
IDEE;idée;4;fillfoot;Ce qui vient à celui qui tente la Panenka;factuel;2;initiative du tireur
IDEE;idée;4;fillfoot;Le technicien en manque en fin de match;joueur;1;panne d'inspiration
IDEE;idée;4;fillfoot;Quatre lettres qui débloquent une rencontre fermée;joueur;2;éclair de génie
IFAB;I.F.A.B.;4;competitions;Instance qui rédige et révise les lois du jeu;factuel;2;gardien du règlement
IFAB;I.F.A.B.;4;competitions;Elle se réunit chaque année pour trancher;factuel;3;assemblée annuelle
IFAB;I.F.A.B.;4;competitions;Quatre lettres plus anciennes que la FIFA;joueur;3;fondée en 1886
IGOR;Igor;4;legendes;Prénom slave porté par des gardiens de l'Est;factuel;3;usage régional
IGOR;Igor;4;legendes;Prénom masculin d'origine scandinave puis russe;factuel;2;étymologie
IGOR;Igor;4;legendes;Quatre lettres devenues un classique du cinéma;joueur;1;homonymie
IKER;Iker;4;legendes;Prénom du capitaine espagnol sacré en 2010;factuel;2;gardien de la Roja
IKER;Iker;4;legendes;Prénom basque porté par des internationaux;factuel;3;origine du nom
IKER;Iker;4;legendes;Quatre lettres qui ont soulevé la coupe en 2010;joueur;2;finale sud-africaine
INCE;Ince;4;legendes;Milieu anglais de United puis de l'Inter;factuel;3;carrière du joueur
INCE;Ince;4;legendes;Premier capitaine noir de la sélection anglaise;factuel;2;jalon historique
INCE;Ince;4;legendes;Quatre lettres surnommées le Gouverneur;joueur;3;surnom du joueur
INDE;Inde;4;selections;Sélection jamais qualifiée pour un Mondial;factuel;2;absence historique
INDE;Inde;4;selections;Le cricket y domine largement;factuel;1;culture sportive locale
INDE;Inde;4;selections;Quatre lettres au marché immense pour le football;joueur;2;potentiel du pays
IRAK;Irak;4;selections;Sélection battue trois à zéro par les Bleus en 2026;factuel;2;phase de groupes
IRAK;Irak;4;selections;Elle a gagné la Coupe d'Asie en 2007;factuel;3;titre continental
IRAK;Irak;4;selections;Quatre lettres surnommées les Lions de Mésopotamie;joueur;3;surnom du pays
IRAN;Iran;4;selections;Sélection asiatique surnommée Team Melli;factuel;3;surnom du pays
IRAN;Iran;4;selections;Elle était dans le groupe de la Belgique en 2026;factuel;3;tirage du Mondial
IRAN;Iran;4;selections;Quatre lettres habituées des phases finales;joueur;2;régularité du pays
ISAK;Isak;4;actuels;Transfert record de l'histoire de la Premier League;factuel;1;cent quarante-cinq millions
ISAK;Isak;4;actuels;Il a quitté Newcastle pour Liverpool;factuel;1;mercato de 2025
ISAK;Isak;4;actuels;Quatre lettres et un record britannique;joueur;2;montant de l'opération
ISCO;Isco;4;actuels;Milieu espagnol relancé au Real Betis;factuel;2;seconde carrière
ISCO;Isco;4;actuels;Sous contrat en Andalousie jusqu'en 2027;factuel;3;durée d'engagement
ISCO;Isco;4;actuels;Quatre lettres pour un créateur retrouvé;joueur;1;renaissance du joueur
IVAN;Ivan;4;legendes;Prénom slave répandu dans les vestiaires;factuel;2;usage courant
IVAN;Ivan;4;legendes;Quatre lettres portées par un ailier croate;factuel;3;international balkanique
IVAN;Ivan;4;legendes;Prénom d'un tsar réputé terrible;joueur;1;homonymie
JAIR;Jair;4;legendes;Ailier brésilien champion du monde en 1970;factuel;3;titre mexicain
JAIR;Jair;4;legendes;Attaquant de la Seleção la plus admirée;factuel;3;équipe de 1970
JAIR;Jair;4;legendes;Quatre lettres qui ont marqué à chaque tour;joueur;3;parcours du buteur
JEAN;Jean;4;legendes;Prénom d'un membre du carré magique;factuel;2;milieu des années 80
JEAN;Jean;4;legendes;Prénom masculin le plus répandu du siècle passé;factuel;1;usage courant
JEAN;Jean;4;legendes;Quatre lettres devant Pierre chez un Ballon d'Or;joueur;2;attaquant marseillais
JENA;Jena;4;clubs;Ville allemande de Thuringe au club historique;factuel;3;football est-allemand
JENA;Jena;4;clubs;Son club fut finaliste d'une Coupe des coupes;factuel;3;édition de 1981
JENA;Jena;4;clubs;Quatre lettres universitaires de l'ancienne RDA;joueur;3;histoire locale
JEUX;jeux;4;fillfoot;Ceux d'été comptent aussi un tournoi de football;factuel;2;épreuve olympique
JEUX;jeux;4;fillfoot;Pluriel du mot qui désigne ce sport;factuel;1;grammaire française
JEUX;jeux;4;fillfoot;Quatre lettres devant vidéo dans un rayon;joueur;1;simulation sportive
JOAO;João;4;actuels;Prénom de plusieurs internationaux portugais;factuel;2;Neves, Félix et Cancelo
JOAO;João;4;actuels;Équivalent lusitanien de Jean;factuel;2;traduction du prénom
JOAO;João;4;actuels;Quatre lettres avec un tilde en version d'origine;joueur;2;orthographe portugaise
JOEL;Joël;4;legendes;Prénom du gardien des Bleus du Mondial 1986;factuel;3;portier tricolore
JOEL;Joël;4;legendes;Prénom masculin d'origine biblique;factuel;2;étymologie
JOEL;Joël;4;legendes;Quatre lettres avec un tréma sur la voyelle;joueur;2;orthographe du prénom
JOIE;joie;4;fillfoot;Émotion qui explose sur un but égalisateur;factuel;1;réaction du public
JOIE;joie;4;fillfoot;Le drapeau se lève et elle retombe;joueur;1;hors-jeu signalé
JOIE;joie;4;fillfoot;Elle envahit la pelouse au coup de sifflet final;joueur;1;célébration du titre
JOSE;José;4;coachs;Prénom du Special One;factuel;2;technicien portugais
JOSE;José;4;coachs;Prénom masculin le plus répandu du monde ibérique;factuel;1;usage hispanique
JOSE;José;4;coachs;Quatre lettres qui adorent la provocation;joueur;2;style en conférence
JOTA;Jota;4;actuels;Prénom court porté par des joueurs portugais;factuel;2;usage lusitanien
JOTA;Jota;4;actuels;Il désigne la lettre J en espagnol;factuel;2;alphabet hispanique
JOTA;Jota;4;actuels;Quatre lettres très répandues en péninsule Ibérique;joueur;2;prénom courant
JUAN;Juan;4;legendes;Prénom hispanique fréquent chez les footballeurs;factuel;1;usage courant
JUAN;Juan;4;legendes;Quatre lettres portées par un défenseur brésilien;factuel;3;central de la Seleção
JUAN;Juan;4;legendes;Prénom du don le plus célèbre de la littérature;joueur;1;homonymie
JUDE;Jude;4;actuels;Prénom du troisième buteur du Mondial 2026;factuel;2;milieu anglais
JUDE;Jude;4;actuels;Prénom masculin d'origine biblique;factuel;2;étymologie
JUDE;Jude;4;actuels;Quatre lettres qui ont scellé la petite finale;joueur;2;but à la 90e+7
KAHN;Kahn;4;legendes;Gardien allemand finaliste du Mondial 2002;factuel;2;défaite contre le Brésil
KAHN;Kahn;4;legendes;Seul portier élu meilleur joueur d'un Mondial;factuel;2;distinction unique
KAHN;Kahn;4;legendes;Quatre lettres surnommées le Titan;joueur;2;surnom du gardien
KAKA;Kaká;4;legendes;Ballon d'Or brésilien de 2007;factuel;2;lauréat milanais
KAKA;Kaká;4;legendes;Meneur passé du Milan au Real;factuel;2;carrière du joueur
KAKA;Kaká;4;legendes;Quatre lettres avec deux fois la même syllabe;joueur;2;forme du surnom
KANE;Kane;4;actuels;Cinquième du classement des buteurs 2026;factuel;2;six réalisations
KANE;Kane;4;actuels;Capitaine anglais absent de la petite finale;factuel;3;onze largement remanié
KANE;Kane;4;actuels;Quatre lettres pour un avant-centre de référence;joueur;1;profil du joueur
KANU;Kanu;4;legendes;Attaquant nigérian passé par l'Ajax et Arsenal;factuel;2;carrière européenne
KANU;Kanu;4;legendes;Il a gagné l'or olympique avec son pays en 1996;factuel;2;titre à Atlanta
KANU;Kanu;4;legendes;Quatre lettres aux jambes interminables;joueur;2;silhouette du joueur
KARL;Karl;4;actuels;Jeune Bavarois retenu pour le Mondial 2026;factuel;2;contingent du Bayern
KARL;Karl;4;actuels;Il complète le septuor munichois de la liste;factuel;3;sept joueurs du club
KARL;Karl;4;actuels;Quatre lettres qui sont aussi un prénom;joueur;1;homonymie
KEPA;Kepa;4;actuels;Gardien espagnol longtemps le plus cher du monde;factuel;2;transfert de 2018
KEPA;Kepa;4;actuels;Il avait refusé de sortir en finale de coupe;factuel;3;épisode très commenté
KEPA;Kepa;4;actuels;Quatre lettres au diminutif basque;joueur;2;forme du prénom
KERR;Kerr;4;feminin;Attaquante australienne vedette de Chelsea;factuel;1;buteuse des Matildas
KERR;Kerr;4;feminin;Elle célèbre par un salto arrière;factuel;1;geste reconnaissable
KERR;Kerr;4;feminin;Quatre lettres capitaines du pays hôte en 2023;joueur;1;Mondial océanien
KIEV;Kiev;4;clubs;Club ukrainien vainqueur de deux Coupes des coupes;factuel;3;1975 et 1986
KIEV;Kiev;4;clubs;Capitale de l'Ukraine;factuel;1;implantation
KIEV;Kiev;4;clubs;Quatre lettres au bord du Dniepr;joueur;2;géographie
KINE;kiné;4;coachs;Il soigne les joueurs sur le bord du terrain;factuel;1;membre du staff
KINE;kiné;4;coachs;Il entre en courant quand un joueur reste au sol;factuel;1;intervention en match
KINE;kiné;4;coachs;Quatre lettres abrégées d'un mot bien plus long;joueur;1;troncation courante
KOKE;Koke;4;legendes;Milieu espagnol capitaine de l'Atlético;factuel;3;brassard madrilène
KOKE;Koke;4;legendes;Il a joué toute sa carrière dans le même club;factuel;2;fidélité absolue
KOKE;Koke;4;legendes;Quatre lettres au diminutif très espagnol;joueur;2;forme du surnom
KONE;Koné;4;actuels;Milieu tricolore découvrant le Mondial 2026;factuel;2;première phase finale
KONE;Koné;4;actuels;Il portait le numéro six chez les Bleus;factuel;3;numéro au Mondial
KONE;Koné;4;actuels;Quatre lettres pour l'entrejeu français;joueur;1;patronyme court
KOPA;Kopa;4;legendes;Premier Ballon d'Or français;factuel;2;lauréat de 1958
KOPA;Kopa;4;legendes;Il a joué au Real avec Di Stéfano;factuel;3;carrière madrilène
KOPA;Kopa;4;legendes;Quatre lettres nées dans le bassin minier;joueur;3;origines du joueur
KUYT;Kuyt;4;legendes;Attaquant néerlandais infatigable de Liverpool;factuel;2;carrière anglaise
KUYT;Kuyt;4;legendes;Il a joué partout devant sans jamais se plaindre;factuel;2;polyvalence du joueur
KUYT;Kuyt;4;legendes;Quatre lettres qui couraient pour dix;joueur;2;volume de travail
LAHM;Lahm;4;legendes;Capitaine allemand champion du monde en 2014;factuel;1;titre au Brésil
LAHM;Lahm;4;legendes;Latéral capable de jouer des deux côtés;factuel;2;polyvalence du joueur
LAHM;Lahm;4;legendes;Quatre lettres qui n'ont jamais fait une faute;joueur;2;propreté du défenseur
LARS;Lars;4;legendes;Prénom scandinave très répandu;factuel;2;usage nordique
LARS;Lars;4;legendes;Équivalent nordique de Laurent;factuel;2;traduction du prénom
LARS;Lars;4;legendes;Quatre lettres fréquentes en Bundesliga;joueur;3;prénom courant
LATO;Lato;4;legendes;Meilleur buteur du Mondial 1974;factuel;3;sept réalisations
LATO;Lato;4;legendes;Ailier polonais troisième du monde;factuel;3;podium en Allemagne
LATO;Lato;4;legendes;Quatre lettres d'une génération dorée;joueur;3;Pologne de 1974
LEAO;Leão;4;actuels;Ailier portugais évoluant à Milan;factuel;2;club italien
LEAO;Leão;4;actuels;Gaucher explosif de la Seleção das Quinas;factuel;2;profil du joueur
LEAO;Leão;4;actuels;Quatre lettres qui signifient lion en portugais;joueur;1;homonymie
LENS;Lens;4;clubs;Club sang et or du bassin minier;factuel;1;couleurs artésiennes
LENS;Lens;4;clubs;Il recevra le Trophée des champions à Bollaert;factuel;3;décision de la LFP
LENS;Lens;4;clubs;Quatre lettres dont le stade chante sans arrêt;joueur;2;ferveur de l'enceinte
LENT;lent;4;vocab;Adjectif d'un jeu qui endort les tribunes;factuel;1;absence de rythme
LENT;lent;4;vocab;Adjectif contraire de rapide;factuel;1;acception courante
LENT;lent;4;vocab;Quatre lettres reprochées au défenseur vieillissant;joueur;2;critique récurrente
LEON;León;4;clubs;Club mexicain du championnat local;factuel;3;première division mexicaine
LEON;León;4;clubs;Ville espagnole de Castille;factuel;2;géographie
LEON;León;4;clubs;Quatre lettres qui évoquent aussi un fauve;joueur;1;homonymie
LIEU;lieu;4;fillfoot;Endroit où se déroule quelque chose;factuel;1;acception courante
LIEU;lieu;4;fillfoot;Celui du match figure sur le billet;factuel;1;information pratique
LIEU;lieu;4;fillfoot;Quatre lettres devant commun dans une causerie ratée;joueur;2;discours convenu
LIGA;Liga;4;competitions;Championnat espagnol de première division;factuel;1;élite ibérique
LIGA;Liga;4;competitions;Mbappé en a été le meilleur buteur en 2025-2026;factuel;2;vingt-cinq réalisations
LIGA;Liga;4;competitions;Quatre lettres dominées par deux clubs depuis toujours;joueur;2;duopole historique
LIKE;like;4;culture;Approbation d'une publication en un clic;factuel;1;usage numérique
LIKE;like;4;culture;Un joueur peut se faire piéger en en mettant un;joueur;2;polémique des réseaux
LIKE;like;4;culture;Quatre lettres qui signifient aimer en anglais;factuel;1;traduction
LIMA;Lima;4;stades;Capitale péruvienne;factuel;1;géographie
LIMA;Lima;4;stades;Elle a reçu une finale continentale sud-américaine;factuel;3;Copa Libertadores
LIMA;Lima;4;stades;Quatre lettres au bord du Pacifique;joueur;2;situation géographique
LINZ;Linz;4;clubs;Ville autrichienne au club du LASK;factuel;3;championnat autrichien
LINZ;Linz;4;clubs;Cité industrielle au bord du Danube;factuel;3;géographie
LINZ;Linz;4;clubs;Quatre lettres qui finissent l'alphabet;joueur;2;particularité du nom
LION;lion;4;fillfoot;Fauve qui rugit sur bien des écussons;factuel;1;emblème de club
LION;lion;4;fillfoot;Il figure sur les armoiries de plusieurs villes;factuel;2;héraldique
LION;lion;4;fillfoot;Jouer comme lui, c'est ne rien lâcher;joueur;1;expression consacrée
LOCO;Loco;4;legendes;Surnom d'un technicien argentin réputé obsessionnel;factuel;2;Bielsa
LOCO;Loco;4;legendes;Il signifie fou en espagnol;factuel;1;traduction
LOCO;Loco;4;legendes;Quatre lettres accroupies sur une glacière;joueur;2;posture célèbre du banc
LOGE;loge;4;vocab;Espace vitré réservé aux invités;factuel;1;hospitalité du stade
LOGE;loge;4;vocab;Elle rapporte plus que dix rangs de gradins;factuel;2;modèle économique
LOGE;loge;4;vocab;Les dirigeants y regardent le match au chaud;joueur;1;tribune privilégiée
LOIC;Loïc;4;legendes;Prénom d'un attaquant français passé par Chelsea;factuel;3;buteur tricolore
LOIC;Loïc;4;legendes;Prénom masculin d'origine bretonne;factuel;2;étymologie
LOIC;Loïc;4;legendes;Quatre lettres avec un tréma sur la voyelle;joueur;2;orthographe du prénom
LOIS;lois;4;vocab;Il y en a dix-sept qui régissent le jeu;factuel;2;corpus de l'IFAB
LOIS;lois;4;vocab;Elles sont révisées chaque année;factuel;3;mise à jour annuelle
LOIS;lois;4;vocab;Elles ne satisfont jamais tout le monde;joueur;1;débats d'arbitrage
LOSC;L.O.S.C.;4;clubs;Sigle du club nordiste;factuel;2;Lille
LOSC;L.O.S.C.;4;clubs;Il a été champion de France en 2011 et 2021;factuel;2;palmarès récent
LOSC;L.O.S.C.;4;clubs;Quatre lettres rouge et blanc des Flandres;joueur;2;couleurs du club
LOTO;Loto;4;culture;Jeu de pronostics sportifs d'une autre époque;factuel;2;pari du week-end
LOTO;Loto;4;culture;Il fallait cocher des cases sur une grille;factuel;2;mécanique du jeu
LOTO;Loto;4;culture;Quatre lettres remplacées par les applications;joueur;1;évolution du secteur
LOUP;loup;4;fillfoot;Animal emblème d'un club de la capitale italienne;factuel;3;symbole romain
LOUP;loup;4;fillfoot;Vieux, il connaît toutes les ficelles;joueur;1;joueur expérimenté
LOUP;loup;4;fillfoot;Il hurle avec la meute du virage;joueur;2;image des tribunes
LUCA;Luca;4;legendes;Prénom italien porté par un avant-centre champion 2006;factuel;3;buteur transalpin
LUCA;Luca;4;legendes;Prénom masculin très répandu en Italie;factuel;1;usage transalpin
LUCA;Luca;4;legendes;Quatre lettres à une lettre d'un meneur croate;joueur;2;proximité orthographique
LUIS;Luis;4;coachs;Prénom du technicien espagnol du PSG;factuel;2;entraîneur asturien
LUIS;Luis;4;coachs;Il est aussi porté par le sélectionneur espagnol;factuel;3;champion du monde 2026
LUIS;Luis;4;coachs;Quatre lettres très répandues dans le monde hispanique;joueur;1;prénom courant
LUKA;Luka;4;legendes;Prénom du Ballon d'Or croate de 2018;factuel;2;milieu du Real
LUKA;Luka;4;legendes;Prénom masculin répandu dans les Balkans;factuel;2;usage régional
LUKA;Luka;4;legendes;Quatre lettres finalistes du Mondial 2018;joueur;2;défaite contre la France
LYON;Lyon;4;clubs;Club rhodanien sept fois champion d'affilée;factuel;1;série de 2002 à 2008
LYON;Lyon;4;clubs;Quatre lettres au confluent de deux fleuves;factuel;1;implantation
LYON;Lyon;4;clubs;Son équipe féminine domine l'Europe;joueur;2;palmarès continental
MAIN;main;4;vocab;Interdite à tous sauf au portier;factuel;1;loi du jeu
MAIN;main;4;vocab;Celle de Maradona en 1986;factuel;2;but litigieux contre l'Angleterre
MAIN;main;4;vocab;Involontaire, elle divise les arbitres;joueur;2;appréciation subjective
MANE;Mané;4;actuels;Attaquant sénégalais légende de sa sélection;factuel;1;cadre des Lions
MANE;Mané;4;actuels;Il évoluait en Arabie saoudite avant le Mondial;factuel;2;club saoudien
MANE;Mané;4;actuels;Quatre lettres attendues face aux Bleus;joueur;1;groupe I du Mondial
MARA;Mara;4;actuels;Attaquant renvoyé à Strasbourg au terme d'un prêt;factuel;3;mercato de l'été 2026
MARA;Mara;4;actuels;Il a changé de club à l'été 2026;factuel;2;mouvement officialisé
MARA;Mara;4;actuels;Quatre lettres rentrées de prêt;joueur;2;retour au club
MARC;Marc;4;legendes;Prénom d'un jeune défenseur espagnol du Barça;factuel;3;central catalan
MARC;Marc;4;legendes;Prénom masculin fréquent en Europe;factuel;1;usage courant
MARC;Marc;4;legendes;Quatre lettres devant André chez un gardien allemand;joueur;3;portier du Barça
MARK;Mark;4;legendes;Prénom masculin très britannique;factuel;1;usage anglo-saxon
MARK;Mark;4;legendes;Prénom d'un attaquant gallois devenu entraîneur;factuel;3;reconversion
MARK;Mark;4;legendes;Quatre lettres qui désignaient aussi une monnaie;joueur;2;homonymie
MBOW;Mbow;4;actuels;Défenseur sénégalais écarté au dernier moment;factuel;3;réduction de 28 à 26
MBOW;Mbow;4;actuels;Il fait partie des deux recalés de la présélection;factuel;3;coupe finale de la liste
MBOW;Mbow;4;actuels;Quatre lettres restées à quai;joueur;2;non-sélection
MEAD;Mead;4;feminin;Meilleure buteuse de l'Euro 2022;factuel;2;six réalisations
MEAD;Mead;4;feminin;Elle joue à Arsenal;factuel;2;club de la joueuse
MEAD;Mead;4;feminin;Quatre lettres élues meilleure joueuse du tournoi;joueur;2;distinction de l'Euro
MEME;mème;4;culture;Image détournée qui circule après un match;factuel;1;humour en ligne
MEME;mème;4;culture;Un raté peut en générer des milliers;joueur;1;viralité de l'échec
MEME;mème;4;culture;Quatre lettres qui s'écrivent comme un adverbe;factuel;2;homographie
MENU;menu;4;fillfoot;Liste des rencontres à venir;factuel;1;calendrier
MENU;menu;4;fillfoot;Il annonce un derby pour samedi soir;joueur;1;programme de la journée
MENU;menu;4;fillfoot;Copieux, il aligne trois matchs en huit jours;joueur;2;calendrier chargé
METZ;Metz;4;clubs;Club lorrain aux couleurs grenat;factuel;2;implantation mosellane
METZ;Metz;4;clubs;Club formateur réputé du football français;factuel;3;qualité du centre
METZ;Metz;4;clubs;Quatre lettres qui finissent par un Z;joueur;2;particularité orthographique
MHSC;M.H.S.C.;4;clubs;Sigle du club héraultais;factuel;3;Montpellier
MHSC;M.H.S.C.;4;clubs;Il a été champion de France en 2012;factuel;2;titre surprise
MHSC;M.H.S.C.;4;clubs;Quatre lettres bleu et orange;joueur;3;couleurs du club
MISE;mise;4;culture;Somme engagée sur un pronostic;factuel;1;vocabulaire du pari
MISE;mise;4;culture;Celle au vert isole l'équipe avant un match;factuel;1;double sens
MISE;mise;4;culture;Quatre lettres qu'on ne récupère pas souvent;joueur;1;réalité du parieur
MOIS;mois;4;fillfoot;Une récompense distingue le meilleur du sien;factuel;1;trophée mensuel
MOIS;mois;4;fillfoot;Celui d'août rime avec reprise;factuel;1;calendrier
MOIS;mois;4;fillfoot;Trois sans victoire et le siège s'éjecte;joueur;1;série noire
MONS;Mons;4;clubs;Ville belge du Hainaut au club disparu;factuel;3;football wallon
MONS;Mons;4;clubs;Cité belge classée au patrimoine mondial;factuel;3;patrimoine local
MONS;Mons;4;clubs;Quatre lettres qui finissent par un S;joueur;2;forme du nom
MURS;murs;4;vocab;Pluriel de la barrière humaine du coup franc;factuel;1;phase arrêtée
MURS;murs;4;vocab;Ils se dressent à neuf mètres quinze;factuel;2;distance réglementaire
MURS;murs;4;vocab;Quatre lettres qui sautent toutes ensemble;joueur;1;réflexe collectif
NANI;Nani;4;legendes;Ailier portugais champion d'Europe en 2016;factuel;2;titre conquis en France
NANI;Nani;4;legendes;Il a marqué en finale de l'Euro 2016;factuel;3;but contre les Bleus
NANI;Nani;4;legendes;Quatre lettres passées par Manchester United;joueur;2;carrière anglaise
NETO;Neto;4;actuels;Ailier portugais du onze type du Mondial 2026;factuel;2;titulaire lusitanien
NETO;Neto;4;actuels;Attaquant de couloir retenu par Martínez;factuel;1;liste de 2026
NETO;Neto;4;actuels;Il signifie petit-fils en portugais;joueur;2;homonymie
NEUF;neuf;4;fillfoot;Numéro traditionnel de l'avant-centre;factuel;1;maillot du finisseur
NEUF;neuf;4;fillfoot;Faux, il décroche au lieu de rester en pointe;factuel;3;rôle tactique moderne
NEUF;neuf;4;fillfoot;Il attend son ballon et ne fait que ça;joueur;1;rôle du buteur
NGOY;Ngoy;4;actuels;Défenseur central belge titulaire en quart;factuel;3;compo face à l'Espagne
NGOY;Ngoy;4;actuels;Il complétait la charnière au SoFi Stadium;factuel;3;quart de finale 2026
NGOY;Ngoy;4;actuels;Quatre lettres dans l'axe des Diables rouges;joueur;1;poste du joueur
NICE;Nice;4;clubs;Club azuréen aux couleurs rouge et noir;factuel;2;implantation sur la Côte d'Azur
NICE;Nice;4;clubs;Il a vendu Boga à la Juventus en 2026;factuel;3;mercato estival
NICE;Nice;4;clubs;Quatre lettres qui signifient agréable en anglais;joueur;1;homonymie
NIKE;Nike;4;culture;Équipementier de l'équipe de France;factuel;2;partenaire de la fédération
NIKE;Nike;4;culture;Marque au nom d'une déesse grecque;factuel;2;étymologie
NIKE;Nike;4;culture;Quatre lettres à la virgule célèbre;joueur;1;logo de la marque
NINO;Niño;4;legendes;Surnom d'un buteur espagnol champion du monde;factuel;2;Fernando Torres
NINO;Niño;4;legendes;Il signifie l'enfant en espagnol;factuel;1;traduction
NINO;Niño;4;legendes;Quatre lettres qui ont marqué en finale de l'Euro 2008;joueur;2;but contre l'Allemagne
NOEL;Noël;4;fillfoot;Le boxing day s'accroche juste après;factuel;2;calendrier anglais
NOEL;Noël;4;fillfoot;Période où le championnat français s'arrête;factuel;1;trêve hivernale
NOEL;Noël;4;fillfoot;Les Anglais jouent quand les autres digèrent;joueur;1;particularité britannique
NOIR;noir;4;fillfoot;Couleur traditionnelle de la tenue arbitrale;factuel;1;habit des officiels
NOIR;noir;4;fillfoot;La série qui l'est dure quatre journées;joueur;1;mauvaise passe
NOIR;noir;4;fillfoot;Tout l'est le lendemain d'une descente;joueur;1;moral du club
NORD;nord;4;vocab;Point cardinal donnant son nom à des gradins;factuel;1;orientation du stade
NORD;nord;4;vocab;Virage occupé par les plus bruyants;factuel;2;tribune de supporters
NORD;nord;4;vocab;Il répond au virage d'en face toute la soirée;joueur;1;dialogue entre tribunes
NOTE;note;4;culture;Signe de la musique et de l'école;factuel;1;acception courante
NOTE;note;4;culture;Celle du journal sanctionne la performance;factuel;1;évaluation de presse
NOTE;note;4;culture;Quatre lettres sur dix après un match raté;joueur;1;barème des médias
NUIT;nuit;4;fillfoot;Les rencontres continentales s'y disputent;factuel;1;coups d'envoi en soirée
NUIT;nuit;4;fillfoot;Les projecteurs la repoussent au-dessus du terrain;factuel;1;éclairage de l'enceinte
NUIT;nuit;4;fillfoot;Blanche pour le fidèle rentré en car;joueur;1;déplacement des supporters
NUNO;Nuno;4;actuels;Prénom du latéral gauche portugais du PSG;factuel;2;couloir lusitanien
NUNO;Nuno;4;actuels;Prénom masculin très courant au Portugal;factuel;2;usage lusitanien
NUNO;Nuno;4;actuels;Quatre lettres aussi portées par un technicien;joueur;3;entraîneur portugais
NUSA;Nusa;4;actuels;Jeune ailier norvégien de Leipzig;factuel;3;espoir de Bundesliga
NUSA;Nusa;4;actuels;Il avait éclos au Club Bruges;factuel;3;parcours du joueur
NUSA;Nusa;4;actuels;Quatre lettres au dribble chaloupé;joueur;3;style de l'ailier
NWSL;N.W.S.L.;4;feminin;Sigle du championnat américain féminin;factuel;2;ligue nord-américaine
NWSL;N.W.S.L.;4;feminin;Il fonctionne avec des play-offs;factuel;2;format du championnat
NWSL;N.W.S.L.;4;feminin;Quatre lettres qui n'ont pas de relégation;joueur;3;particularité du système
OEIL;œil;4;fillfoot;Le recruteur en a un pour repérer les talents;factuel;1;flair du scout
OEIL;œil;4;fillfoot;Il ne quitte pas le ballon sur le centre;factuel;1;concentration du portier
OEIL;œil;4;fillfoot;L'homme au sifflet n'en a que deux, et ça se voit;joueur;1;vanne de tribune
OGCN;O.G.C.N.;4;clubs;Sigle du club azuréen;factuel;3;Nice
OGCN;O.G.C.N.;4;clubs;Il a été quatre fois champion de France;factuel;3;palmarès national
OGCN;O.G.C.N.;4;clubs;Quatre lettres rouge et noir de la Côte d'Azur;joueur;3;couleurs du club
OGRE;ogre;4;fillfoot;Créature dont on affuble le grand favori;factuel;2;image consacrée
OGRE;ogre;4;fillfoot;Le gros club qui dévore les petits;joueur;1;domination d'une équipe
OGRE;ogre;4;fillfoot;Il en a mangé sept en une seule soirée;joueur;2;très large victoire
OLEG;Oleg;4;legendes;Prénom du Ballon d'Or ukrainien de 1975;factuel;3;ailier de Kiev
OLEG;Oleg;4;legendes;Prénom masculin d'origine slave;factuel;2;étymologie
OLEG;Oleg;4;legendes;Quatre lettres devenues sélectionneur ensuite;joueur;3;reconversion sur le banc
OLMO;Olmo;4;actuels;Titulaire espagnol de la finale du Mondial 2026;factuel;2;onze de départ
OLMO;Olmo;4;actuels;Milieu offensif sacré champion du monde;factuel;1;titre de 2026
OLMO;Olmo;4;actuels;Quatre lettres pour un créateur de la Roja;joueur;1;patronyme court
OMAN;Oman;4;selections;Sélection de la péninsule Arabique;factuel;2;confédération asiatique
OMAN;Oman;4;selections;Sultanat au bord de la mer d'Arabie;factuel;1;géographie
OMAN;Oman;4;selections;Quatre lettres du golfe Persique;joueur;2;situation du pays
OMAR;Omar;4;legendes;Prénom porté par des internationaux nord-africains;factuel;2;usage courant
OMAR;Omar;4;legendes;Prénom masculin d'origine arabe;factuel;1;étymologie
OMAR;Omar;4;legendes;Quatre lettres à une lettre d'un sultanat;joueur;2;proximité orthographique
ONZE;onze;4;vocab;Effectif aligné au coup d'envoi;factuel;1;joueurs par équipe
ONZE;onze;4;vocab;Le titulaire y figure;factuel;1;composition de départ
ONZE;onze;4;vocab;De départ, il fait débat toute la semaine;joueur;2;spéculation avant match
OSER;oser;4;fillfoot;Tenter la frappe de quarante mètres, c'est ça;factuel;1;prise de risque
OSER;oser;4;fillfoot;Il faut le faire pour gagner à l'extérieur;joueur;1;audace nécessaire
OSER;oser;4;fillfoot;Verbe que le technicien prudent n'emploie jamais;joueur;2;jeu fermé
OSLO;Oslo;4;stades;Capitale du pays du buteur norvégien;factuel;2;Norvège
OSLO;Oslo;4;stades;Ville scandinave au fond d'un fjord;factuel;1;géographie
OSLO;Oslo;4;stades;Quatre lettres où l'on joue parfois sous la neige;joueur;2;climat nordique
OTTO;Otto;4;coachs;Prénom du technicien allemand de la Grèce en 2004;factuel;3;champion d'Europe
OTTO;Otto;4;coachs;Prénom germanique porté par des entraîneurs;factuel;2;usage courant
OTTO;Otto;4;coachs;Quatre lettres qui se lisent dans les deux sens;joueur;1;palindrome
OURS;ours;4;fillfoot;Plantigrade servant d'emblème à des clubs;factuel;2;symbole animalier
OURS;ours;4;fillfoot;Le technicien mal luné en est un;joueur;1;caractère bourru
OURS;ours;4;fillfoot;Il sort de sa tanière au mois de mai;joueur;2;réveil tardif
OWEN;Owen;4;legendes;Ballon d'Or anglais de 2001;factuel;2;attaquant de Liverpool
OWEN;Owen;4;legendes;Son slalom contre l'Argentine en 1998 reste célèbre;factuel;3;but du Mondial
OWEN;Owen;4;legendes;Quatre lettres révélées à dix-huit ans;joueur;2;précocité du buteur
OZIL;Özil;4;legendes;Passeur allemand champion du monde en 2014;factuel;1;titre au Brésil
OZIL;Özil;4;legendes;Il voyait des passes que personne n'imaginait;factuel;1;vision du jeu
OZIL;Özil;4;legendes;Quatre lettres aux yeux très écarquillés;joueur;1;silhouette du joueur
PAIX;paix;4;fillfoot;Contraire de la guerre;factuel;1;acception courante
PAIX;paix;4;fillfoot;Ce que le derby suspend pour un après-midi;joueur;1;rivalité locale
PAIX;paix;4;fillfoot;Quatre lettres revenues au vestiaire après la crise;joueur;2;apaisement du groupe
PAOK;P.A.O.K.;4;clubs;Sigle d'un grand club de Salonique;factuel;3;championnat grec
PAOK;P.A.O.K.;4;clubs;Il a été champion de Grèce en 2019;factuel;3;titre national
PAOK;P.A.O.K.;4;clubs;Quatre lettres noir et blanc;joueur;3;couleurs du club
PAPA;papa;4;feminin;Il tient la main courante le samedi matin;factuel;1;rôle des parents
PAPA;papa;4;feminin;Il refait le match dans la voiture du retour;joueur;1;scène familière
PAPA;papa;4;feminin;Quatre lettres qui lavent le maillot le dimanche;factuel;1;quotidien des familles
PARC;parc;4;fillfoot;Des Princes, c'est une enceinte parisienne;factuel;1;stade du PSG
PARC;parc;4;fillfoot;Espace vert où les gamins improvisent des matchs;factuel;1;terrain de fortune
PARC;parc;4;fillfoot;Automobile, il en dit long sur les salaires;joueur;2;train de vie des joueurs
PARI;pari;4;fillfoot;Ce que fait le technicien en alignant un jeune;factuel;1;choix risqué
PARI;pari;4;fillfoot;Quatre lettres devant sportif dans une publicité;factuel;2;secteur des mises
PARI;pari;4;fillfoot;Il se perd plus souvent qu'il ne se gagne;joueur;1;réalité du parieur
PARK;Park;4;legendes;Milieu sud-coréen de Manchester United;factuel;2;carrière anglaise
PARK;Park;4;legendes;Il a atteint la demi-finale du Mondial à domicile;factuel;2;édition 2002
PARK;Park;4;legendes;Quatre lettres aux poumons infatigables;joueur;2;volume de course
PATO;Pato;4;legendes;Attaquant brésilien révélé très jeune au Milan;factuel;2;précocité du buteur
PATO;Pato;4;legendes;Son surnom signifie canard en portugais;factuel;2;traduction
PATO;Pato;4;legendes;Quatre lettres qui promettaient encore plus;joueur;2;carrière contrariée
PAUL;Paul;4;legendes;Prénom d'un champion du monde 2018 au milieu;factuel;2;milieu tricolore
PAUL;Paul;4;legendes;Prénom masculin très répandu en France;factuel;1;usage courant
PAUL;Paul;4;legendes;Quatre lettres portées aussi par un Argentin;joueur;3;attaquant albiceleste
PELE;Pelé;4;legendes;Le Roi aux trois Coupes du monde;factuel;1;1958, 1962 et 1970
PELE;Pelé;4;legendes;Quatre lettres sacrées à dix-sept ans;factuel;2;Mondial de 1958
PELE;Pelé;4;legendes;Il a fait du numéro dix une légende;joueur;1;maillot emblématique
PENO;péno;4;vocab;Argot des tribunes pour les onze mètres;factuel;1;terme familier
PENO;péno;4;vocab;Le public le réclame au moindre contact;joueur;1;réaction du stade
PENO;péno;4;vocab;Il se transforme ou il se rate, rien d'autre;joueur;2;issue binaire
PEPE;Pepe;4;legendes;Défenseur portugais champion d'Europe en 2016;factuel;2;titre conquis en France
PEPE;Pepe;4;legendes;Central du Real longtemps international;factuel;2;carrière madrilène
PEPE;Pepe;4;legendes;Quatre lettres avec deux fois la même syllabe;joueur;1;forme du surnom
PERE;père;4;fillfoot;Celui de Thuram a soulevé la coupe en 1998;factuel;2;filiation tricolore
PERE;père;4;fillfoot;Il emmène son enfant au stade la première fois;factuel;1;rituel du supporter
PERE;père;4;fillfoot;Quatre lettres devant et fils dans bien des tribunes;joueur;1;transmission familiale
PEUR;peur;4;fillfoot;Sentiment qui saisit le tireur au moment d'armer;factuel;1;pression du moment
PEUR;peur;4;fillfoot;Jouer avec elle, c'est reculer de vingt mètres;joueur;2;bloc bas subi
PEUR;peur;4;fillfoot;Elle se lit sur les visages à zéro-un à la 88e;joueur;1;fin de match tendue
PIBE;Pibe;4;legendes;Surnom du meneur colombien à la crinière blonde;factuel;2;Valderrama
PIBE;Pibe;4;legendes;Il signifie le gamin en espagnol d'Argentine;factuel;2;traduction
PIBE;Pibe;4;legendes;Quatre lettres reconnaissables à leur coiffure;joueur;1;silhouette culte
PIED;pied;4;vocab;Gauche ou droit, il définit un profil;factuel;1;latéralité du joueur
PIED;pied;4;vocab;Messi n'en utilise presque qu'un;factuel;2;gaucher quasi exclusif
PIED;pied;4;vocab;Il y a ceux qui l'ont, et les autres;joueur;1;expression consacrée
PIGE;pige;4;coachs;Mission courte confiée à un technicien;factuel;2;contrat de dépannage
PIGE;pige;4;coachs;Elle dure parfois quelques matchs seulement;factuel;2;durée de la mission
PIGE;pige;4;coachs;Quatre lettres empruntées au journalisme;joueur;2;origine du terme
PINO;Pino;4;actuels;Ailier espagnol du groupe sacré en 2026;factuel;2;effectif de la Roja
PINO;Pino;4;actuels;Attaquant passé par Villarreal;factuel;2;formation castellonense
PINO;Pino;4;actuels;Quatre lettres qui désignent aussi un arbre;joueur;1;homonymie
PION;pion;4;vocab;Argot pour le ballon au fond des filets;factuel;2;terme familier
PION;pion;4;vocab;L'avant-centre en plante trois;joueur;1;expression consacrée
PION;pion;4;vocab;On le pose et on rentre à la maison;joueur;2;avantage suffisant
PIRE;pire;4;fillfoot;Comparatif irrégulier de mauvais;factuel;1;grammaire française
PIRE;pire;4;fillfoot;Adjectif du classement après trois défaites;factuel;1;dégradation
PIRE;pire;4;fillfoot;Quatre lettres devant saison de l'histoire du club;joueur;1;année catastrophique
PISE;Pise;4;clubs;Ville toscane à la tour penchée;factuel;1;monument célèbre
PISE;Pise;4;clubs;Quatre lettres qui ont eu un club en Serie A;factuel;3;championnat italien
PISE;Pise;4;clubs;Son monument tient debout par miracle;joueur;1;tour inclinée
PLAN;plan;4;fillfoot;Organisation prévue avant le coup d'envoi;factuel;1;préparation tactique
PLAN;plan;4;fillfoot;B, on le sort quand le premier échoue;factuel;1;solution de repli
PLAN;plan;4;fillfoot;Celui de jeu tient rarement dix minutes;joueur;1;théorie et terrain
PLIE;plié;4;vocab;Le résultat est acquis avant l'heure de jeu;factuel;1;rencontre décidée
PLIE;plié;4;vocab;À quatre à zéro, tout l'est déjà;joueur;1;issue jouée d'avance
PLIE;plié;4;vocab;Le genou l'est sur le tacle glissé;factuel;2;position du geste
PLOT;plot;4;vocab;Cône orange de l'échauffement;factuel;1;matériel d'entraînement
PLOT;plot;4;vocab;Le slalom entre eux ouvre la séance;joueur;1;exercice classique
PLOT;plot;4;vocab;Il ne réplique jamais au dribble;joueur;2;adversaire immobile
PLUS;plus;4;fillfoot;Adverbe de comparaison;factuel;1;grammaire française
PLUS;plus;4;fillfoot;Celui qu'apporte un joueur au collectif;factuel;1;apport individuel
PLUS;plus;4;fillfoot;Quatre lettres devant beau but de la saison;joueur;1;superlatif
POLE;pôle;4;feminin;Structure fédérale de formation des espoirs;factuel;2;filière du haut niveau
POLE;pôle;4;feminin;Chaque région française en compte un;factuel;2;maillage territorial
POLE;pôle;4;feminin;Quatre lettres qui désignent aussi le Nord ou le Sud;joueur;1;homonymie
PONT;pont;4;vocab;Petit, il passe entre les jambes;factuel;1;geste technique
PONT;pont;4;vocab;Le plus humiliant des gestes;joueur;1;réaction du public
PONT;pont;4;vocab;Après lui, le stade se lève;joueur;2;célébration du geste
POPE;Pope;4;actuels;Gardien anglais des Magpies;factuel;3;Newcastle
POPE;Pope;4;actuels;Il a longtemps gardé les buts de Burnley;factuel;3;carrière du joueur
POPE;Pope;4;actuels;Quatre lettres qui signifient pape en anglais;joueur;1;traduction
POPP;Popp;4;feminin;Attaquante allemande capitaine de sa sélection;factuel;2;brassard national
POPP;Popp;4;feminin;Elle a marqué dans tous les matchs d'un Euro;factuel;2;édition 2022
POPP;Popp;4;feminin;Quatre lettres redoutables de la tête;joueur;2;jeu aérien de la buteuse
POTE;pote;4;culture;Celui avec qui on regarde tous les matchs;factuel;1;compagnon du spectateur
POTE;pote;4;culture;Il supporte souvent le club adverse;joueur;1;source de vannes
POTE;pote;4;culture;Quatre lettres familières pour un ami;factuel;1;registre du mot
PRET;prêt;4;vocab;Départ temporaire vers un autre club;factuel;1;opération du mercato
PRET;prêt;4;vocab;Avec option d'achat, il arrange tout le monde;factuel;2;montage contractuel
PRET;prêt;4;vocab;Le jeune y part pour enfin jouer;joueur;1;recherche de temps de jeu
PRIX;prix;4;fillfoot;Celui du billet grimpe les soirs de derby;factuel;1;billetterie
PRIX;prix;4;fillfoot;Quatre lettres qui s'affichent dans un transfert;factuel;2;montant de l'opération
PRIX;prix;4;fillfoot;Il n'a aucun rapport avec le talent, dit-on;joueur;2;critique du marché
PUEL;Puel;4;coachs;Technicien français passé par Lyon et Leicester;factuel;2;carrière du coach
PUEL;Puel;4;coachs;Il avait mené Monaco en finale de C1 en 2004;factuel;2;parcours européen
PUEL;Puel;4;coachs;Quatre lettres réputées pour lancer les jeunes;joueur;2;philosophie du coach
PUGH;Pugh;4;feminin;Ailière américaine internationale;factuel;3;attaquante des États-Unis
PUGH;Pugh;4;feminin;Elle a été championne olympique en 2024;factuel;3;titre à Paris
PUGH;Pugh;4;feminin;Quatre lettres révélées très jeune en sélection;joueur;3;précocité de la joueuse
PUMA;Puma;4;culture;Équipementier au félin bondissant;factuel;2;logo de la marque
PUMA;Puma;4;culture;Marque née d'une rivalité entre deux frères;factuel;3;histoire de l'entreprise
PUMA;Puma;4;culture;Fauve qui habille aussi des sélections;joueur;2;partenaire d'équipes nationales
QUIZ;quiz;4;culture;Jeu de questions sur la culture footballistique;factuel;1;format ludique
QUIZ;quiz;4;culture;Les émissions en proposent avant les matchs;factuel;1;animation télévisée
QUIZ;quiz;4;culture;Quatre lettres où l'on découvre ce qu'on ignore;joueur;1;plaisir du jeu
RAFA;Rafa;4;coachs;Diminutif d'un technicien espagnol vainqueur en 2005;factuel;3;finale d'Istanbul
RAFA;Rafa;4;coachs;Abrégé de Rafael, très courant en Espagne;factuel;1;forme familière
RAFA;Rafa;4;coachs;Quatre lettres qui ont renversé Milan à la pause;joueur;3;remontada d'Istanbul
RAGE;rage;4;fillfoot;Sentiment que le carton vient calmer;factuel;2;emportement sanctionné
RAGE;rage;4;fillfoot;Celle de vaincre porte les fins de match;factuel;1;détermination
RAGE;rage;4;fillfoot;Elle sort d'un coup sur une réalisation refusée;joueur;1;réaction à la décision
RAJA;Raja;4;clubs;Club casablancais rival du Wydad;factuel;3;derby marocain
RAJA;Raja;4;clubs;Il a été finaliste du Mondial des clubs en 2013;factuel;3;parcours mondial
RAJA;Raja;4;clubs;Quatre lettres vertes de Casablanca;joueur;3;couleur du maillot
RANG;rang;4;fillfoot;Celui du club au classement final;factuel;1;position au tableau
RANG;rang;4;fillfoot;Il se gagne journée après journée;factuel;1;progression au classement
RANG;rang;4;fillfoot;Quatre lettres devant du fond dans une tribune;joueur;1;place au stade
RAUL;Raúl;4;legendes;Buteur emblématique et capitaine du Real;factuel;2;idole madrilène
RAUL;Raúl;4;legendes;Longtemps recordman de buts en Coupe d'Europe;factuel;3;marque continentale
RAUL;Raúl;4;legendes;Il embrassait son alliance en célébrant;joueur;3;geste reconnaissable
RAYA;Raya;4;actuels;Meilleur gardien de Premier League en 2025-2026;factuel;1;dix-neuf clean sheets
RAYA;Raya;4;actuels;Portier espagnol du champion d'Angleterre;factuel;2;titre d'Arsenal
RAYA;Raya;4;actuels;Il avait déjà été distingué la saison précédente;factuel;3;deux distinctions de suite
RAYA;Raya;4;actuels;Quatre lettres derrière la meilleure défense;joueur;2;vingt-sept buts encaissés
RAYO;Rayo;4;clubs;Club madrilène du quartier de Vallecas;factuel;3;championnat espagnol
RAYO;Rayo;4;clubs;Pathé Ciss y a évolué au milieu;factuel;3;international sénégalais
RAYO;Rayo;4;clubs;Quatre lettres à l'éclair rouge sur le maillot;joueur;3;motif de la tenue
RCSA;R.C.S.A.;4;clubs;Sigle du club alsacien;factuel;3;Strasbourg
RCSA;R.C.S.A.;4;clubs;Il joue à la Meinau;factuel;3;enceinte du club
RCSA;R.C.S.A.;4;clubs;Quatre lettres bleu et blanc;joueur;3;couleurs du club
REAL;Real;4;clubs;Club madrilène le plus titré d'Europe;factuel;1;record de Coupes d'Europe
REAL;Real;4;clubs;Aucun de ses Espagnols n'était au Mondial 2026;factuel;3;liste de De la Fuente
REAL;Real;4;clubs;Quatre lettres tout de blanc vêtues;joueur;1;couleur du maillot
REDS;Reds;4;clubs;Surnom des joueurs du club de la Mersey;factuel;1;Liverpool
REDS;Reds;4;clubs;Ils ont remporté six Coupes d'Europe;factuel;2;palmarès continental
REDS;Reds;4;clubs;Quatre lettres qui signifient rouges en anglais;joueur;1;traduction
REMY;Rémy;4;legendes;Prénom ou patronyme d'un attaquant international;factuel;3;buteur tricolore
REMY;Rémy;4;legendes;Prénom masculin d'origine latine;factuel;2;étymologie
REMY;Rémy;4;legendes;Quatre lettres qui évoquent aussi un saint de Reims;joueur;2;homonymie
RENE;René;4;coachs;Prénom de techniciens français au long parcours;factuel;3;usage courant
RENE;René;4;coachs;Prénom masculin qui signifie renaître;factuel;2;étymologie latine
RENE;René;4;coachs;Quatre lettres rares sur les feuilles de match;joueur;2;prénom d'une autre époque
REUS;Reus;4;legendes;Milieu allemand fidèle à Dortmund;factuel;2;idole du club
REUS;Reus;4;legendes;Il a soulevé la Coupe d'Allemagne en capitaine;factuel;3;titre de 2021
REUS;Reus;4;legendes;Quatre lettres qui ont manqué bien des rendez-vous;joueur;2;malchance du joueur
REVE;rêve;4;fillfoot;Celui de tout gamin : fouler cette pelouse;factuel;1;ambition d'enfance
REVE;rêve;4;fillfoot;Il vire au cauchemar après trois encaissés;joueur;1;retournement
REVE;rêve;4;fillfoot;L'équipe idéale que l'on aligne au comptoir;joueur;1;composition imaginaire
RICE;Rice;4;actuels;Il a ouvert le score dès la troisième minute;factuel;2;petite finale de 2026
RICE;Rice;4;actuels;Milieu anglais médaillé de bronze en 2026;factuel;1;troisième place mondiale
RICE;Rice;4;actuels;Quatre lettres qui désignent le riz en anglais;joueur;1;homonymie
RIEN;rien;4;fillfoot;Pronom qui exprime l'absence totale;factuel;1;grammaire française
RIEN;rien;4;fillfoot;Ce que le nul rapporte au spectateur;joueur;1;rencontre sans but
RIEN;rien;4;fillfoot;Quatre lettres devant à signaler, hélas;joueur;2;match sans relief
RIGA;Riga;4;stades;Capitale d'un pays balte;factuel;2;Lettonie
RIGA;Riga;4;stades;Elle a accueilli une Supercoupe d'Europe;factuel;3;édition de 2018
RIGA;Riga;4;stades;Quatre lettres au bord de la Baltique;joueur;2;géographie
RIOU;Riou;4;actuels;Gardien parti libre à l'été 2026;factuel;3;fin de contrat
RIOU;Riou;4;actuels;Portier vétéran du championnat de France;factuel;3;profil du joueur
RIOU;Riou;4;actuels;Quatre lettres sans club au premier juillet;joueur;2;joueur libre
ROJA;Roja;4;selections;Surnom de la sélection espagnole;factuel;1;couleur du maillot
ROJA;Roja;4;selections;Elle est championne du monde depuis 2026;factuel;1;titre conquis à New York
ROJA;Roja;4;selections;Quatre lettres qui signifient rouge en espagnol;joueur;1;traduction
ROJO;Rojo;4;legendes;Défenseur argentin finaliste du Mondial 2014;factuel;3;défaite contre l'Allemagne
ROJO;Rojo;4;legendes;Central passé par Manchester United;factuel;3;carrière anglaise
ROJO;Rojo;4;legendes;Quatre lettres qui signifient rouge en espagnol;joueur;1;traduction
ROLE;rôle;4;vocab;Celui du numéro six est de récupérer;factuel;1;fonction dans l'équipe
ROLE;rôle;4;vocab;Il est attribué par le technicien;factuel;2;consigne tactique
ROLE;rôle;4;vocab;En avoir un ingrat, c'est courir sans le ballon;joueur;2;tâche de l'ombre
ROMA;Roma;4;clubs;Club romain jaune et rouge;factuel;2;couleurs du club
ROMA;Roma;4;clubs;Quatre lettres dont Totti fut le capitaine;factuel;1;idole du club
ROMA;Roma;4;clubs;La louve figure sur son écusson;joueur;2;emblème de la ville
ROME;Rome;4;clubs;Ville italienne à deux clubs rivaux;factuel;1;derby de la capitale
ROME;Rome;4;clubs;Elle a reçu la Coupe du monde en 1934 et en 1990;factuel;2;deux éditions
ROME;Rome;4;clubs;Quatre lettres où tous les chemins mènent;joueur;1;expression consacrée
ROND;rond;4;fillfoot;Central, il marque le milieu du terrain;factuel;1;tracé au sol
ROND;rond;4;fillfoot;Neuf mètres quinze de rayon;factuel;2;dimension réglementaire
ROND;rond;4;fillfoot;Le ballon l'est, ce qui explique bien des choses;joueur;1;adage consacré
ROUE;roue;4;fillfoot;Pièce ronde du car qui emmène les fidèles;factuel;1;véhicule du déplacement
ROUE;roue;4;fillfoot;Elle tourne, dit-on après une série noire;joueur;1;expression consacrée
ROUE;roue;4;fillfoot;La faire, c'est parader après le succès;joueur;2;attitude m'as-tu-vu
RUIZ;Ruiz;4;actuels;Milieu du trio espagnol maître du tempo;factuel;2;entrejeu champion du monde
RUIZ;Ruiz;4;actuels;Il a laissé sa place contre l'Arabie saoudite;factuel;3;rotation en phase de poules
RUIZ;Ruiz;4;actuels;Quatre lettres pour un gaucher de l'entrejeu;joueur;1;profil du joueur
RUSE;ruse;4;vocab;Arme du renard des surfaces;factuel;2;qualité du finisseur
RUSE;ruse;4;vocab;Elle sert aussi à provoquer une faute;factuel;2;malice du joueur
RUSE;ruse;4;vocab;Quatre lettres qui valent mieux que la vitesse;joueur;1;adage consacré
RUSH;rush;4;vocab;Course lancée balle au pied;factuel;2;anglicisme
RUSH;rush;4;vocab;Final, il renverse tout en dix minutes;joueur;1;fin de match
RUSH;rush;4;vocab;Il traverse le terrain et fait lever le stade;joueur;2;action individuelle
RUUD;Ruud;4;legendes;Prénom d'un Ballon d'Or néerlandais de 1987;factuel;3;milieu à dreadlocks
RUUD;Ruud;4;legendes;Il est aussi porté par un buteur de United;factuel;3;attaquant batave
RUUD;Ruud;4;legendes;Quatre lettres très répandues aux Pays-Bas;joueur;2;prénom courant
SADD;Sadd;4;clubs;Club qatari le plus titré du pays;factuel;3;championnat local
SADD;Sadd;4;clubs;Xavi y a joué puis entraîné;factuel;3;passage du Catalan
SADD;Sadd;4;clubs;Quatre lettres blanches de Doha;joueur;3;couleur du maillot
SAGA;saga;4;culture;Feuilleton d'un transfert qui n'en finit pas;factuel;1;récit de mercato
SAGA;saga;4;culture;Elle dure parfois tout l'été;joueur;1;durée du feuilleton
SAGA;saga;4;culture;Quatre lettres empruntées aux récits nordiques;factuel;2;étymologie
SAGE;sage;4;fillfoot;Adjectif contraire de turbulent;factuel;1;acception courante
SAGE;sage;4;fillfoot;L'équipe l'est trop quand elle ne tente rien;joueur;1;manque d'audace
SAGE;sage;4;fillfoot;Quatre lettres devant comme une image au vestiaire;joueur;2;discipline du groupe
SAKA;Saka;4;actuels;Auteur d'un triplé lors de la petite finale 2026;factuel;1;trois buts contre la France
SAKA;Saka;4;actuels;Il a conclu son triplé sur un penalty;factuel;2;réalisation à la 87e minute
SAKA;Saka;4;actuels;Quatre lettres qui ont fait très mal aux Bleus;joueur;1;performance à Miami
SANE;Sané;4;legendes;Ailier allemand passé de Manchester City au Bayern;factuel;2;carrière du joueur
SANE;Sané;4;legendes;Il a été élu meilleur jeune de Premier League;factuel;3;distinction anglaise
SANE;Sané;4;legendes;Quatre lettres à la pointe de vitesse impressionnante;joueur;2;profil de l'ailier
SANG;sang;4;fillfoot;Neuf, il désigne les jeunes arrivés au groupe;factuel;2;expression consacrée
SANG;sang;4;fillfoot;Froid, il fait la différence aux onze mètres;joueur;1;maîtrise sous pression
SANG;sang;4;fillfoot;Il bout dès que le derby s'échauffe;joueur;1;tension du match
SARR;Sarr;4;actuels;Patronyme d'un ailier et d'un milieu des Lions;factuel;2;deux sélectionnés
SARR;Sarr;4;actuels;Un troisième homonyme a été écarté de la liste;factuel;3;absent notable
SARR;Sarr;4;actuels;Quatre lettres qui reviennent souvent chez les Lions;joueur;1;nom répandu
SAUL;Saul;4;legendes;Son slalom a battu le Bayern en demi-finale;factuel;3;Ligue des champions 2016
SAUL;Saul;4;legendes;Milieu espagnol formé à l'Atlético;factuel;3;produit du club
SAUL;Saul;4;legendes;Quatre lettres qui sont aussi un prénom biblique;joueur;1;homonymie
SAUT;saut;4;vocab;Détente pour aller chercher la balle en l'air;factuel;1;impulsion
SAUT;saut;4;vocab;Il précède immédiatement le coup de tête;factuel;1;geste préparatoire
SAUT;saut;4;vocab;Le grand central le fait mieux que quiconque;joueur;1;domination aérienne
SAWA;Sawa;4;feminin;Meilleure joueuse du monde japonaise en 2011;factuel;2;année du titre mondial
SAWA;Sawa;4;feminin;Elle a disputé six Coupes du monde;factuel;2;longévité en sélection
SAWA;Sawa;4;feminin;Quatre lettres capitaines des championnes de 2011;joueur;2;brassard japonais
SENS;Sens;4;clubs;Ville de l'Yonne au club amateur;factuel;3;football régional
SENS;Sens;4;clubs;Celui du jeu manque à certaines équipes;factuel;1;qualité tactique
SENS;Sens;4;clubs;Quatre lettres devant du but chez un finisseur;joueur;1;instinct du buteur
SEPT;sept;4;fillfoot;Numéro traditionnel de l'ailier;factuel;1;maillot du couloir
SEPT;sept;4;fillfoot;Chiffre encaissé lors des soirées cauchemar;factuel;1;déroute
SEPT;sept;4;fillfoot;Le porter impose une certaine pression;joueur;1;symbolique du numéro
SETE;Sète;4;clubs;Premier champion de France de l'histoire;factuel;3;titre de 1934
SETE;Sète;4;clubs;Premier vainqueur du doublé coupe-championnat;factuel;3;exploit de 1934
SETE;Sète;4;clubs;Quatre lettres du port singulier;joueur;3;ville méditerranéenne
SEUL;seul;4;vocab;Face au portier, il ne doit pas trembler;factuel;1;occasion franche
SEUL;seul;4;vocab;Il part de son camp et traverse tout;joueur;2;action individuelle
SEUL;seul;4;vocab;Devant, il ne touche pas un ballon;joueur;1;attaquant isolé
SHAW;Shaw;4;actuels;Meilleure buteuse du championnat anglais féminin;factuel;2;vingt et une réalisations
SHAW;Shaw;4;actuels;Attaquante de Manchester City;factuel;2;club champion en 2026
SHAW;Shaw;4;actuels;Quatre lettres au sommet du football féminin anglais;joueur;2;classement des buteuses
SION;Sion;4;clubs;Club valaisan au riche palmarès en coupe;factuel;3;épreuve helvétique
SION;Sion;4;clubs;Ville suisse du canton du Valais;factuel;2;géographie
SION;Sion;4;clubs;Quatre lettres au pied des Alpes;joueur;3;situation géographique
SLOT;Slot;4;coachs;Technicien néerlandais successeur de Klopp;factuel;1;Liverpool
SLOT;Slot;4;coachs;Il a été champion d'Angleterre dès sa première saison;factuel;1;titre de 2025
SLOT;Slot;4;coachs;Quatre lettres qui signifient serrure en néerlandais;joueur;2;traduction
SODA;soda;4;culture;Boisson servie à la buvette du stade;factuel;1;restauration du public
SODA;soda;4;culture;Un fabricant sponsorise la Coupe du monde;factuel;2;partenaire de la FIFA
SODA;soda;4;culture;Quatre lettres qui pétillent devant l'écran;joueur;1;rituel du spectateur
SOIF;soif;4;fillfoot;Celle de victoire se lit dans les duels;factuel;1;détermination
SOIF;soif;4;fillfoot;La buvette y répond pendant la pause;joueur;1;besoin du spectateur
SOIF;soif;4;fillfoot;Il en a autant qu'un gamin de vingt ans;joueur;1;appétit intact
SOIR;soir;4;fillfoot;Moment où se disputent les rencontres européennes;factuel;1;programmation en semaine
SOIR;soir;4;fillfoot;Les projecteurs s'allument à sa tombée;factuel;1;éclairage du stade
SOIR;soir;4;fillfoot;Celui de coupe a une odeur particulière;joueur;1;ambiance des matchs couperets
SOLO;solo;4;vocab;Action menée sans aucun partenaire;factuel;1;exploit individuel
SOLO;solo;4;vocab;Maradona en a signé un contre l'Angleterre;factuel;2;longue course en 1986
SOLO;solo;4;vocab;Il fait oublier les dix autres;joueur;2;exploit personnel
SONO;sono;4;culture;Installation qui diffuse la musique dans le stade;factuel;1;équipement de l'enceinte
SONO;sono;4;culture;Elle annonce les compositions avant le coup d'envoi;factuel;1;protocole d'avant-match
SONO;sono;4;culture;Quatre lettres couvertes par le virage;joueur;1;puissance du public
SORT;sort;4;vocab;Le tirage s'y remet pour former les groupes;factuel;1;désignation aléatoire
SORT;sort;4;vocab;Les urnes le tranchent devant les caméras;factuel;2;cérémonie du tirage
SORT;sort;4;vocab;Il décide parfois plus que le talent;joueur;1;part de chance
SOUS;sous;4;fillfoot;Préposition devant la barre transversale;factuel;1;usage courant
SOUS;sous;4;fillfoot;Pluriel familier qui désigne l'argent;factuel;1;acception courante
SOUS;sous;4;fillfoot;Quatre lettres devant contrat jusqu'en 2029;joueur;2;situation d'un joueur
SPAL;S.P.A.L.;4;clubs;Club italien installé à Ferrare;factuel;3;championnat transalpin
SPAL;S.P.A.L.;4;clubs;Sigle d'un club au nom d'origine latine;factuel;3;dénomination du club
SPAL;S.P.A.L.;4;clubs;Quatre lettres bleu et blanc d'Émilie;joueur;3;couleurs du club
SRFC;S.R.F.C.;4;clubs;Sigle du club breton de la capitale régionale;factuel;3;Rennes
SRFC;S.R.F.C.;4;clubs;Il a gagné la Coupe de France en 1965, 1971 et 2019;factuel;3;palmarès du club
SRFC;S.R.F.C.;4;clubs;Quatre lettres rouge et noir;joueur;3;couleurs du club
STAM;Stam;4;legendes;Défenseur néerlandais du triplé de United en 1999;factuel;2;saison historique
STAM;Stam;4;legendes;Son crâne rasé le rendait reconnaissable de loin;factuel;2;silhouette du joueur
STAM;Stam;4;legendes;Quatre lettres que personne ne passait;joueur;1;solidité du central
STAR;star;4;vocab;Anglicisme pour la vedette de l'effectif;factuel;1;terme anglais
STAR;star;4;vocab;Le club construit son équipe autour d'elle;factuel;2;joueur cadre
STAR;star;4;vocab;Elle vend les maillots à elle toute seule;joueur;1;attrait commercial
SVEN;Sven;4;coachs;Prénom du technicien suédois de l'Angleterre;factuel;3;sélectionneur des années 2000
SVEN;Sven;4;coachs;Prénom masculin très répandu en Scandinavie;factuel;2;usage nordique
SVEN;Sven;4;coachs;Quatre lettres sur un banc étranger à leur pays;joueur;3;sélectionneur expatrié
SYLI;Syli;4;selections;Il précède national dans le surnom guinéen;factuel;3;éléphant en soussou
SYLI;Syli;4;selections;La sélection a été finaliste de la CAN en 1976;factuel;3;meilleur parcours
SYLI;Syli;4;selections;Quatre lettres rouge, jaune et vert;joueur;3;couleurs du drapeau
TAPE;tape;4;fillfoot;Petit coup donné de la main;factuel;1;acception courante
TAPE;tape;4;fillfoot;Celle dans le dos du remplaçant qui entre;factuel;1;geste d'encouragement
TAPE;tape;4;fillfoot;Amicale, elle vaut mieux qu'un long discours;joueur;1;communication du staff
TARD;tard;4;fillfoot;Le changement arrivé à la 88e l'est;factuel;1;entrée tardive
TARD;tard;4;fillfoot;Égaliser ainsi rend le point plus doux;joueur;1;but de fin de match
TARD;tard;4;fillfoot;Il n'est jamais trop pour y croire;joueur;1;expression consacrée
TAUX;taux;4;fillfoot;Celui de possession s'affiche à la mi-temps;factuel;1;statistique de match
TAUX;taux;4;fillfoot;Celui de remplissage mesure l'affluence;factuel;2;indicateur du club
TAUX;taux;4;fillfoot;Quatre lettres en pourcentage sur l'écran géant;joueur;2;affichage du stade
TETE;tête;4;vocab;Reprise aérienne du ballon;factuel;1;geste technique
TETE;tête;4;vocab;Geste favori de Cristiano Ronaldo;factuel;1;jeu aérien réputé
TETE;tête;4;vocab;Zidane en a donné une de trop en 2006;joueur;1;expulsion en finale de Coupe du monde
TETE;tête;4;vocab;Au penalty, il faut la garder froide;joueur;2;expression consacrée
THEO;Théo;4;actuels;Prénom du latéral gauche français de Milan;factuel;2;couloir tricolore
THEO;Théo;4;actuels;Prénom masculin très répandu chez les jeunes;factuel;1;usage courant
THEO;Théo;4;actuels;Quatre lettres dont le frère joue aussi en Bleu;joueur;2;fratrie tricolore
TIFO;tifo;4;vocab;Grande fresque déployée dans les gradins;factuel;2;animation de supporters
TIFO;tifo;4;vocab;Il se prépare des semaines en secret;joueur;2;travail des groupes
TIFO;tifo;4;vocab;Les caméras le filment avant le coup d'envoi;joueur;1;image d'avant-match
TIMO;Timo;4;legendes;Prénom d'un attaquant allemand passé par Chelsea;factuel;3;buteur de la Mannschaft
TIMO;Timo;4;legendes;Prénom masculin répandu en Allemagne et en Finlande;factuel;2;usage nordique
TIMO;Timo;4;legendes;Quatre lettres qui finissent par une voyelle;joueur;2;forme du prénom
TIRS;tirs;4;vocab;Ceux au but départagent après la prolongation;factuel;1;séance de départage
TIRS;tirs;4;vocab;Ils sont comptés cadrés ou non;factuel;2;statistique de match
TIRS;tirs;4;vocab;Certains finissent très haut dans les gradins;joueur;1;frappes manquées
TITE;Tite;4;coachs;Sélectionneur brésilien des années 2010;factuel;2;banc de la Seleção
TITE;Tite;4;coachs;Il a dansé avec ses joueurs après un but;factuel;2;Mondial 2022
TITE;Tite;4;coachs;Quatre lettres au surnom très court;joueur;2;forme du nom
TITI;Titi;4;legendes;Surnom du meilleur buteur de l'histoire d'Arsenal;factuel;2;Thierry Henry
TITI;Titi;4;legendes;Il désigne aussi un gamin de Paris;factuel;1;acception courante
TITI;Titi;4;legendes;Quatre lettres formées au centre de Clairefontaine;joueur;2;parcours du joueur
TOIT;toit;4;vocab;Les enceintes modernes en ont un rétractable;factuel;2;architecture des stades
TOIT;toit;4;vocab;Le ballon passe par-dessus celui de la cage;factuel;2;au-dessus du but
TOIT;toit;4;vocab;De l'Europe, on y monte en soulevant la coupe;joueur;1;expression consacrée
TONI;Toni;4;legendes;Prénom du milieu allemand champion en 2014;factuel;2;métronome du Real
TONI;Toni;4;legendes;Il est aussi porté par un buteur italien de 2006;factuel;3;champion du monde
TONI;Toni;4;legendes;Diminutif d'un prénom bien plus long;joueur;1;forme familière
TOUR;tour;4;vocab;Étape d'une compétition à élimination;factuel;1;phase du tableau
TOUR;tour;4;vocab;D'honneur, il se fait après le sacre;joueur;1;célébration
TOUR;tour;4;vocab;Le grand central en est une;joueur;2;gabarit imposant
TOUT;tout;4;fillfoot;Pronom qui désigne la totalité;factuel;1;grammaire française
TOUT;tout;4;fillfoot;Le club a gagné en une seule saison;factuel;2;saison parfaite
TOUT;tout;4;fillfoot;Quatre lettres devant donner sur la pelouse;joueur;1;engagement maximal
TRIO;trio;4;vocab;Arbitral, il compte le central et ses assistants;factuel;1;équipe arbitrale
TRIO;trio;4;vocab;Offensif, il fait trembler les défenses;factuel;2;trois attaquants
TRIO;trio;4;vocab;À trois devant, on ne s'ennuie jamais;joueur;1;dispositif offensif
TROU;trou;4;vocab;Espace laissé béant dans la ligne défensive;factuel;1;faille défensive
TROU;trou;4;vocab;Y glisser une passe et tout s'ouvre;joueur;1;transmission dans l'intervalle
TROU;trou;4;vocab;Normand, il ne tranche jamais la question;joueur;2;expression consacrée
TUBE;tube;4;culture;Chanson qui accompagne une compétition;factuel;1;hymne officiel
TUBE;tube;4;culture;Celui de l'été tourne dans tous les vestiaires;joueur;1;bande-son de la saison
TUBE;tube;4;culture;Quatre lettres qui désignent aussi un cylindre;factuel;1;acception courante
TURF;Turf;4;stades;Il précède Moor dans le nom d'un stade anglais;factuel;3;Burnley
TURF;Turf;4;stades;Le mot désigne aussi le gazon en anglais;factuel;1;traduction
TURF;Turf;4;stades;Quatre lettres qui évoquent aussi les courses;joueur;1;homonymie
UEFA;UEFA;4;competitions;Instance du football européen;factuel;1;confédération continentale
UEFA;UEFA;4;competitions;Elle organise la Ligue des champions;factuel;1;compétition de clubs
UEFA;UEFA;4;competitions;Quatre lettres qui règnent sur le Vieux Continent;joueur;2;autorité régionale
URNE;urne;4;competitions;Récipient d'où l'on tire les boules du sort;factuel;2;cérémonie du tirage
URNE;urne;4;competitions;Elle décide de tout un parcours;factuel;1;composition des groupes
URNE;urne;4;competitions;Quatre lettres qui servent aussi aux élections;joueur;1;homonymie
VAVA;Vavá;4;legendes;Buteur brésilien des sacres de 1958 et 1962;factuel;3;deux titres mondiaux
VAVA;Vavá;4;legendes;Il a marqué dans les deux finales;factuel;3;performance très rare
VAVA;Vavá;4;legendes;Quatre lettres avec deux fois la même syllabe;joueur;2;forme du surnom
VENT;vent;4;fillfoot;Il dévie les corners et désole les tireurs;factuel;1;condition météo
VENT;vent;4;fillfoot;On en change de côté à la mi-temps, pas lui;joueur;2;inversion des camps
VENT;vent;4;fillfoot;L'adversaire semé n'a vu qu'un courant d'air;joueur;1;expression consacrée
VERT;vert;4;fillfoot;Couleur du rectangle où l'on joue;factuel;1;pelouse
VERT;vert;4;fillfoot;La mise à cette couleur isole le groupe;factuel;2;mise au vert
VERT;vert;4;fillfoot;Le feu qui débloque enfin la signature;joueur;1;accord donné
VIDE;vide;4;fillfoot;Le stade l'est un soir de match sans enjeu;factuel;1;affluence faible
VIDE;vide;4;fillfoot;La cage l'est, et l'attaquant rate quand même;joueur;1;occasion immanquable
VIDE;vide;4;fillfoot;Quatre lettres devant grenier après un mercato raté;joueur;2;effectif dégarni
VIRE;viré;4;coachs;Ce que devient un entraîneur après six défaites;joueur;1;sort du technicien
VIRE;viré;4;coachs;Participe passé du verbe virer;factuel;1;conjugaison
VIRE;viré;4;coachs;Quatre lettres annoncées par un communiqué;factuel;1;procédure du club
VITE;vite;4;vocab;Adverbe de celui qui part en contre;factuel;1;rapidité de l'action
VITE;vite;4;vocab;Adverbe contraire de lentement;factuel;1;acception courante
VITE;vite;4;vocab;Quatre lettres criées depuis le banc;joueur;1;consigne du technicien
VOIE;voie;4;fillfoot;Chemin tracé, au propre comme au figuré;factuel;1;acception courante
VOIE;voie;4;fillfoot;Celle du titre passe par un déplacement difficile;joueur;1;chemin vers le sacre
VOIE;voie;4;fillfoot;Quatre lettres devant royale vers la finale;joueur;2;parcours favorable
VOIX;voix;4;fillfoot;Celle du commentateur se casse sur le but;factuel;1;émotion en direct
VOIX;voix;4;fillfoot;Le capitaine la porte dans le vestiaire;joueur;1;autorité du leader
VOIX;voix;4;fillfoot;Elles ne portent plus après tout un match;joueur;1;fatigue des tribunes
VOIX;voix;4;fillfoot;Elles ne portent plus après nonante minutes;joueur;1;fatigue des tribunes
VRAI;vrai;4;fillfoot;Adjectif contraire de faux;factuel;1;acception courante
VRAI;vrai;4;fillfoot;Le supporter l'est douze mois sur douze;joueur;1;fidélité du public
VRAI;vrai;4;fillfoot;Quatre lettres devant faux dans un débat d'arbitrage;joueur;2;discussion d'après-match
WAKA;Waka;4;culture;Premier mot du refrain du Mondial 2010;factuel;1;hymne sud-africain
WAKA;Waka;4;culture;Il est répété deux fois dans le titre;factuel;1;construction du refrain
WAKA;Waka;4;culture;Quatre lettres que tout le monde a chantées;joueur;1;succès planétaire
WEAH;Weah;4;legendes;Seul Africain lauréat du Ballon d'Or;factuel;2;distinction de 1995
WEAH;Weah;4;legendes;Il est devenu président de son pays;factuel;2;reconversion politique
WEAH;Weah;4;legendes;Quatre lettres passées de Monaco au Milan;joueur;2;carrière européenne
XABI;Xabi;4;legendes;Prénom basque d'un milieu champion du monde;factuel;3;métronome de la Roja
XABI;Xabi;4;legendes;Il est devenu entraîneur à Leverkusen puis Madrid;factuel;3;reconversion
XABI;Xabi;4;legendes;Quatre lettres à ne pas confondre avec le Catalan;joueur;2;patronyme voisin
XAVI;Xavi;4;legendes;Métronome du Barça champion du monde;factuel;1;titre de 2010
XAVI;Xavi;4;legendes;Il est devenu entraîneur du club de sa vie;factuel;2;retour au Barça
XAVI;Xavi;4;legendes;Quatre lettres qui ne perdaient jamais un ballon;joueur;2;maîtrise technique
YANN;Yann;4;legendes;Prénom d'un gardien suisse international;factuel;3;portier helvétique
YANN;Yann;4;legendes;Équivalent breton de Jean;factuel;2;traduction du prénom
YANN;Yann;4;legendes;Quatre lettres avec deux N à la fin;joueur;2;orthographe du prénom
YORO;Yoro;4;actuels;Défenseur français parti de Lille à United;factuel;2;transfert de 2024
YORO;Yoro;4;actuels;Il était titulaire en Ligue 1 à dix-sept ans;factuel;2;précocité du central
YORO;Yoro;4;actuels;Quatre lettres très prometteuses;joueur;2;espoir du poste
YURI;Yuri;4;legendes;Prénom slave porté par des internationaux de l'Est;factuel;3;usage régional
YURI;Yuri;4;legendes;Équivalent russe de Georges;factuel;2;traduction du prénom
YURI;Yuri;4;legendes;Quatre lettres qui évoquent aussi un cosmonaute;joueur;1;homonymie
YVES;Yves;4;coachs;Prénom d'anciens techniciens du football français;factuel;3;usage courant
YVES;Yves;4;coachs;Prénom masculin d'origine bretonne;factuel;2;étymologie
YVES;Yves;4;coachs;Quatre lettres devenues rares dans les vestiaires;joueur;2;prénom démodé
ZAHA;Zaha;4;legendes;Ailier ivoirien emblématique de Crystal Palace;factuel;2;idole londonienne
ZAHA;Zaha;4;legendes;Il a choisi la Côte d'Ivoire après l'Angleterre;factuel;3;changement de sélection
ZAHA;Zaha;4;legendes;Quatre lettres qui dribblaient tout le monde;joueur;2;style de l'ailier
ZERO;zéro;4;fillfoot;Score de la rencontre la plus fermée;factuel;1;match sans but
ZERO;zéro;4;fillfoot;Chiffre que la meilleure défense adore;factuel;1;clean sheet
ZERO;zéro;4;fillfoot;Quatre lettres devant à zéro sur le tableau;joueur;1;affichage du stade
ZICO;Zico;4;legendes;Surnommé le Pelé blanc;factuel;2;meneur brésilien
ZICO;Zico;4;legendes;Meneur de la Seleção de 1982;factuel;2;équipe mythique
ZICO;Zico;4;legendes;Quatre lettres redoutées sur coup franc;joueur;2;spécialiste des phases arrêtées
ZOFF;Zoff;4;legendes;Gardien capitaine champion du monde en 1982;factuel;2;titre espagnol
ZOFF;Zoff;4;legendes;Quatre lettres sacrées à quarante ans;factuel;3;âge du portier
ZOFF;Zoff;4;legendes;Il a soulevé le trophée en doyen du tournoi;joueur;2;record de longévité
ZOLA;Zola;4;legendes;Attaquant italien adoré à Chelsea;factuel;2;idole de Stamford Bridge
ZOLA;Zola;4;legendes;Il a joué avec Maradona à Naples;factuel;3;début de carrière
ZOLA;Zola;4;legendes;Quatre lettres qui portent aussi le nom d'un écrivain;joueur;1;homonymie
ZONE;zone;4;vocab;Défense sans marquage individuel;factuel;2;système défensif
ZONE;zone;4;vocab;Celle de vérité est devant la cage;joueur;2;expression consacrée
ZONE;zone;4;vocab;Rouge, elle inquiète au classement;joueur;1;bas de tableau
ABILY;Abily;5;feminin;Milieu française aux plus de 180 sélections;factuel;3;record de la joueuse
ABILY;Abily;5;feminin;Elle a gagné cinq Ligues des champions avec Lyon;factuel;3;palmarès continental
ABILY;Abily;5;feminin;Cinq lettres capitaines des Bleues;joueur;3;brassard tricolore
ACCRA;Accra;5;stades;Capitale du Ghana;factuel;2;géographie
ACCRA;Accra;5;stades;Cinq lettres au bord du golfe de Guinée;factuel;2;situation du pays
ACCRA;Accra;5;stades;Ville des Black Stars;joueur;2;surnom de la sélection
ACUNA;Acuña;5;actuels;Latéral sacré en 2022, absent quatre ans après;factuel;2;non retenu en 2026
ACUNA;Acuña;5;actuels;Champion du monde qui n'a pas défendu son titre;factuel;2;absent de la liste
ACUNA;Acuña;5;actuels;Cinq lettres restées à la maison;joueur;2;non-sélection
ADAMS;Adams;5;legendes;Capitaine emblématique d'Arsenal;factuel;2;brassard londonien
ADAMS;Adams;5;legendes;Il a joué toute sa carrière dans le même club;factuel;2;fidélité absolue
ADAMS;Adams;5;legendes;Cinq lettres qui levaient le bras pour le hors-jeu;joueur;2;geste du défenseur
AFTER;After;5;culture;Émission de radio diffusée tard le soir;factuel;2;programme sportif
AFTER;After;5;culture;Les auditeurs y appellent pour donner leur avis;factuel;2;format participatif
AFTER;After;5;culture;Cinq lettres qui signifient après en anglais;joueur;1;traduction
AIGLE;aigle;5;fillfoot;Rapace qui plane sur beaucoup d'écussons;factuel;1;emblème de club
AIGLE;aigle;5;fillfoot;Certains clubs en lâchent un avant le coup d'envoi;factuel;2;animation d'avant-match
AIGLE;aigle;5;fillfoot;Il fond sur le ballon comme sur une proie;joueur;1;image du gardien
AIMAR;Aimar;5;legendes;Meneur argentin idole de jeunesse de Messi;factuel;2;joueur préféré du numéro dix
AIMAR;Aimar;5;legendes;Il a brillé à Valence au début des années 2000;factuel;3;carrière espagnole
AIMAR;Aimar;5;legendes;Cinq lettres au toucher de balle rare;joueur;2;style du meneur
ALABA;Alaba;5;legendes;Défenseur autrichien du Bayern puis du Real;factuel;2;carrière du joueur
ALABA;Alaba;5;legendes;Il pouvait jouer latéral, central ou milieu;factuel;2;polyvalence du joueur
ALABA;Alaba;5;legendes;Cinq lettres redoutables sur coup franc;joueur;2;spécialité du joueur
ALBUM;album;5;culture;Support où l'on colle les vignettes;factuel;1;objet de collection
ALBUM;album;5;culture;Le finir complet relève de l'exploit;joueur;1;défi du collectionneur
ALBUM;album;5;culture;Cinq lettres qui désignent aussi un disque;factuel;1;homonymie
ALGER;Alger;5;stades;Capitale de l'Algérie;factuel;1;géographie
ALGER;Alger;5;stades;Cinq lettres surnommées la Blanche;factuel;2;surnom de la ville
ALGER;Alger;5;stades;Ville des Fennecs;joueur;2;surnom de la sélection
ALLER;aller;5;fillfoot;Rencontre qui précède le retour;factuel;1;double confrontation
ALLER;aller;5;fillfoot;La phase qui l'est s'achève à la trêve;factuel;1;première moitié de saison
ALLER;aller;5;fillfoot;Le gagner ne suffit jamais vraiment;joueur;1;prudence avant le retour
ALLEZ;allez;5;culture;Premier mot de bien des chants de supporters;factuel;1;encouragement collectif
ALLEZ;allez;5;culture;Il précède le nom du club dans le refrain;factuel;1;structure du chant
ALLEZ;allez;5;culture;Cinq lettres reprises par cinquante mille voix;joueur;1;puissance du virage
ALVES;Alves;5;legendes;Joueur le plus titré de l'histoire du football;factuel;1;plus de quarante trophées
ALVES;Alves;5;legendes;Latéral droit brésilien du Barça et de la Juventus;factuel;1;carrière du joueur
ALVES;Alves;5;legendes;Cinq lettres qui montaient plus que les ailiers;joueur;2;style du latéral
AMIRI;Amiri;5;actuels;Surprise du milieu dans la liste allemande;factuel;2;rappel inattendu
AMIRI;Amiri;5;actuels;Il évoluait à Mayence avant le Mondial;factuel;3;club allemand
AMIRI;Amiri;5;actuels;Cinq lettres qu'on n'attendait plus;joueur;2;sélection surprise
AMOUR;amour;5;culture;Ce qu'un supporter dit éprouver pour ses couleurs;factuel;1;lien affectif
AMOUR;amour;5;culture;Il se déclare sur les banderoles;factuel;2;message des tribunes
AMOUR;amour;5;culture;Cinq lettres plus fortes que les résultats;joueur;1;inconditionnalité
ANDRE;André;5;legendes;Prénom masculin très répandu au siècle dernier;factuel;1;usage courant
ANDRE;André;5;legendes;Prénom porté par des internationaux brésiliens;factuel;3;usage auriverde
ANDRE;André;5;legendes;Cinq lettres devenues rares dans les vestiaires;joueur;2;prénom démodé
ANGLE;angle;5;vocab;Fermé, il complique sérieusement la frappe;factuel;2;position excentrée
ANGLE;angle;5;vocab;Le portier le ferme en avançant;factuel;2;réduction de la cible
ANGLE;angle;5;vocab;Marquer de là relève de l'exploit;joueur;2;réalisation excentrée
ANTON;Anton;5;actuels;Défenseur allemand du contingent de Dortmund;factuel;2;quatre joueurs du club
ANTON;Anton;5;actuels;Retenu pour la Coupe du monde 2026;factuel;1;liste de Nagelsmann
ANTON;Anton;5;actuels;Cinq lettres qui sont aussi un prénom;joueur;1;homonymie
ANTRE;antre;5;stades;Repaire d'une équipe à domicile;factuel;2;image consacrée
ANTRE;antre;5;stades;Le mot évoque la tanière d'un fauve;factuel;1;registre du terme
ANTRE;antre;5;stades;Cinq lettres où l'adversaire n'est pas le bienvenu;joueur;1;avantage du terrain
APERO;apéro;5;culture;Ce qui précède le coup d'envoi entre amis;factuel;1;rituel du spectateur
APERO;apéro;5;culture;Il commence deux heures avant le match;joueur;1;habitude du groupe
APERO;apéro;5;culture;Cinq lettres abrégées d'un mot plus long;factuel;1;troncation courante
APOEL;APOEL;5;clubs;Club chypriote de Nicosie;factuel;3;championnat local
APOEL;APOEL;5;clubs;Il a atteint les quarts de la C1 en 2012;factuel;3;exploit européen
APOEL;APOEL;5;clubs;Cinq lettres bleu et jaune;joueur;3;couleurs du club
APPEL;appel;5;vocab;Course qui réclame le ballon;factuel;2;démarquage offensif
APPEL;appel;5;vocab;Sans lui, le passeur n'a personne à servir;joueur;2;condition de la transmission
APPEL;appel;5;vocab;Feint puis inversé, il ouvre l'espace;joueur;3;geste de rupture
APPUI;appui;5;competitions;Match qui départageait avant les tirs au but;factuel;3;règlement d'autrefois
APPUI;appui;5;competitions;Il se rejouait sur terrain neutre;factuel;3;procédure ancienne
APPUI;appui;5;competitions;Cinq lettres devenues inutiles depuis 1970;joueur;3;évolution du règlement
ARENA;Arena;5;stades;Mot présent dans le nom de bien des stades modernes;factuel;1;dénomination courante
ARENA;Arena;5;stades;Celle d'Amsterdam porte le nom d'un Ballon d'Or;factuel;2;hommage à Cruyff
ARENA;Arena;5;stades;Cinq lettres empruntées au latin;joueur;1;étymologie
ARENE;arène;5;stades;Enceinte où le public entoure le terrain;factuel;2;architecture du stade
ARENE;arène;5;stades;La ville de Nîmes en possède une, romaine;factuel;2;patrimoine local
ARENE;arène;5;stades;Cinq lettres qui évoquent aussi les gladiateurs;joueur;1;image romaine
ARLES;Arles;5;clubs;Club provençal monté en Ligue 1 en 2010;factuel;3;accession du club
ARLES;Arles;5;clubs;Sa ville abrite des arènes romaines;factuel;2;patrimoine local
ARLES;Arles;5;clubs;Cinq lettres qui ont inspiré Van Gogh;joueur;2;histoire de l'art
ARRET;arrêt;5;vocab;Geste défensif du portier;factuel;1;parade du gardien
ARRET;arrêt;5;vocab;De jeu, il ajoute des minutes;factuel;1;temps additionnel
ARRET;arrêt;5;vocab;Réflexe, il fait lever tout le stade;joueur;1;parade spectaculaire
ASTON;Aston;5;clubs;Mot qui précède Villa dans le nom d'un club;factuel;2;quartier de Birmingham
ASTON;Aston;5;clubs;Ce club a fini quatrième d'Angleterre en 2026;factuel;2;soixante-cinq points
ASTON;Aston;5;clubs;Cinq lettres devant Martin chez un constructeur;joueur;1;homonymie
ATLAS;Atlas;5;selections;Il suit Lions de dans le surnom marocain;factuel;1;chaîne de montagnes
ATLAS;Atlas;5;selections;La sélection a été demi-finaliste en 2022;factuel;1;épopée au Qatar
ATLAS;Atlas;5;selections;Cinq lettres qui désignent aussi un recueil de cartes;joueur;1;homonymie
ATOUT;atout;5;vocab;Force sur laquelle l'équipe s'appuie;factuel;1;point fort
ATOUT;atout;5;vocab;Le jeu de tête en est un sur coup arrêté;factuel;2;qualité collective
ATOUT;atout;5;vocab;On le garde dans la manche jusqu'à la 70e;joueur;2;joker offensif
AVANT;avant;5;vocab;Centre, il attend les ballons dans la surface;factuel;1;poste de pointe
AVANT;avant;5;vocab;Ils étaient cinq dans les années trente;factuel;3;dispositif historique
AVANT;avant;5;vocab;Il touche trois ballons et marque quand même;joueur;1;efficacité du finisseur
AYALA;Ayala;5;legendes;Défenseur central argentin des années 2000;factuel;3;charnière albiceleste
AYALA;Ayala;5;legendes;Il a disputé trois Coupes du monde;factuel;3;longévité en sélection
AYALA;Ayala;5;legendes;Cinq lettres surnommées le Souris;joueur;3;surnom du joueur
BACHA;Bacha;5;feminin;Latérale gauche française internationale;factuel;2;défenseure des Bleues
BACHA;Bacha;5;feminin;Elle a joué à Paris puis à Lyon;factuel;2;carrière de la joueuse
BACHA;Bacha;5;feminin;Cinq lettres qui centrent du gauche;joueur;2;qualité de la latérale
BACHE;bâche;5;culture;Grande toile peinte accrochée au grillage;factuel;2;emblème d'un groupe
BACHE;bâche;5;culture;La perdre est une humiliation pour un groupe;factuel;3;code des tribunes
BACHE;bâche;5;culture;Cinq lettres qui protègent aussi du soleil;joueur;1;acception courante
BADGE;badge;5;culture;Petit insigne épinglé sur une écharpe;factuel;2;objet de collection
BADGE;badge;5;culture;Il donne aussi accès aux zones réservées;factuel;1;laissez-passer
BADGE;badge;5;culture;Cinq lettres accrochées au revers de la veste;joueur;2;usage du collectionneur
BAENA;Baena;5;actuels;Milieu titularisé contre l'Arabie saoudite;factuel;3;rotation en phase de poules
BAENA;Baena;5;actuels;Champion du monde 2026 avec la Roja;factuel;1;titre conquis à New York
BAENA;Baena;5;actuels;Créateur gaucher de la sélection ibérique;joueur;2;profil du joueur
BALDE;Balde;5;actuels;Latéral gauche espagnol du Barça;factuel;2;couloir catalan
BALDE;Balde;5;actuels;Il a été formé à la Masia;factuel;2;centre du club
BALDE;Balde;5;actuels;Cinq lettres à la pointe de vitesse impressionnante;joueur;2;profil du latéral
BALLE;balle;5;vocab;Elle circule de pied en pied;factuel;1;objet du jeu
BALLE;balle;5;vocab;Perdue, elle offre une contre-attaque;factuel;2;perte de possession
BALLE;balle;5;vocab;De match, elle décide de tout;joueur;2;occasion décisive
BAMBA;Bamba;5;actuels;Deux joueurs le portaient sur le mercato 2026;factuel;3;un départ libre et un transfert
BAMBA;Bamba;5;actuels;Il a quitté Monaco pour Newcastle contre 41,5 millions;factuel;2;transfert du 24 juillet
BAMBA;Bamba;5;actuels;Cinq lettres vendues à prix d'or;joueur;2;montant de l'opération
BANDA;Banda;5;feminin;Attaquante zambienne au parcours remarqué;factuel;3;pionnière africaine
BANDA;Banda;5;feminin;Elle a marqué deux triplés aux Jeux olympiques;factuel;3;performance de 2021
BANDA;Banda;5;feminin;Cinq lettres qui désignent aussi un orchestre;joueur;1;homonymie
BANKS;Banks;5;legendes;Gardien anglais champion du monde en 1966;factuel;2;titre à Wembley
BANKS;Banks;5;legendes;Sa parade sur Pelé en 1970 est restée célèbre;factuel;2;arrêt du siècle
BANKS;Banks;5;legendes;Cinq lettres qui désignent des banques en anglais;joueur;1;homonymie
BARCA;Barça;5;clubs;Club catalan aux couleurs bleu et grenat;factuel;1;identité visuelle
BARCA;Barça;5;clubs;Il a fourni huit champions du monde en 2026;factuel;2;contingent espagnol
BARCA;Barça;5;clubs;Cinq lettres plus qu'un club, dit la devise;joueur;1;slogan du club
BARCO;Barco;5;actuels;Argentin retenu en 2026 après une saison européenne;factuel;3;première phase finale
BARCO;Barco;5;actuels;Il n'était pas du groupe sacré au Qatar;factuel;2;nouveau chez l'Albiceleste
BARCO;Barco;5;actuels;Cinq lettres qui désignent un bateau en espagnol;joueur;1;homonymie
BARRA;barra;5;culture;Groupe de supporters argentins, en version courte;factuel;3;terme sud-américain
BARRA;barra;5;culture;Elle est parfois très organisée;factuel;3;structure des groupes
BARRA;barra;5;culture;Cinq lettres qui ne s'assoient jamais;joueur;2;habitude des tribunes
BARRE;barre;5;vocab;Élément horizontal de la cage;factuel;1;transversale du but
BARRE;barre;5;vocab;Elle culmine à 2,44 m du sol;factuel;2;hauteur réglementaire
BARRE;barre;5;vocab;Elle repousse et elle désespère;joueur;1;frappe sur le montant haut
BEACH;beach;5;competitions;Soccer joué pieds nus sur le sable;factuel;2;variante de la FIFA
BEACH;beach;5;competitions;Sa Coupe du monde existe depuis 2005;factuel;3;épreuve reconnue
BEACH;beach;5;competitions;Cinq lettres qui signifient plage en anglais;joueur;1;traduction
BEIER;Beier;5;actuels;Surprise offensive de la liste allemande;factuel;2;rappel inattendu
BEIER;Beier;5;actuels;Il n'avait pas été appelé aux deux derniers stages;factuel;3;absent en novembre et en mars
BEIER;Beier;5;actuels;Cinq lettres revenues de nulle part;joueur;2;sélection surprise
BELLE;belle;5;competitions;Match d'appui qui départageait autrefois;factuel;3;règlement d'époque
BELLE;belle;5;competitions;Elle a disparu avec les tirs au but;factuel;3;évolution des règles
BELLE;belle;5;competitions;Cinq lettres qui qualifient aussi une affiche;joueur;1;homonymie
BERNE;Berne;5;clubs;Capitale suisse au club des Young Boys;factuel;3;championnat helvétique
BERNE;Berne;5;clubs;Ville fédérale de la Confédération;factuel;2;géographie
BERNE;Berne;5;clubs;Cinq lettres qui ont coorganisé un Euro;joueur;3;édition de 2008
BETIS;Betis;5;clubs;Club sévillan rival du FC Séville;factuel;2;derby andalou
BETIS;Betis;5;clubs;Isco y a relancé sa carrière;factuel;3;parcours du joueur
BETIS;Betis;5;clubs;Cinq lettres vert et blanc;joueur;2;couleurs du club
BIERE;bière;5;fillfoot;On la sert au comptoir de l'enceinte;factuel;1;consommation au stade
BIERE;bière;5;fillfoot;Elle est interdite dans certaines enceintes;factuel;2;réglementation locale
BIERE;bière;5;fillfoot;Elle coule dès que le titre est acquis;joueur;1;célébration
BILAN;bilan;5;vocab;Compte des victoires et des revers;factuel;1;récapitulatif de saison
BILAN;bilan;5;vocab;On le tire en juin, jamais en novembre;joueur;1;évaluation de fin de saison
BILAN;bilan;5;vocab;Comptable, il ne dit rien du contenu;joueur;2;limite des chiffres
BLANC;blanc;5;fillfoot;Couleur du maillot d'un grand club madrilène;factuel;2;identité visuelle
BLANC;blanc;5;fillfoot;La saison qui l'est n'a produit aucun trophée;joueur;1;année sans titre
BLANC;blanc;5;fillfoot;Le chèque qu'aucun président ne signe jamais;joueur;2;expression consacrée
BLEUS;Bleus;5;selections;Surnom de l'équipe de France;factuel;1;couleur du maillot
BLEUS;Bleus;5;selections;Deux fois champions du monde;factuel;1;1998 et 2018
BLEUS;Bleus;5;selections;Quatrièmes du Mondial 2026;joueur;1;petite finale perdue
BLUES;Blues;5;clubs;Surnom des joueurs d'un club de l'ouest de Londres;factuel;1;Chelsea
BLUES;Blues;5;clubs;Ils ont réalisé le plus gros transfert de l'été 2026;factuel;2;Rogers à 137 millions
BLUES;Blues;5;clubs;Cinq lettres qui désignent aussi un genre musical;joueur;1;homonymie
BOBAN;Boban;5;legendes;Milieu croate troisième du Mondial 1998;factuel;3;podium en France
BOBAN;Boban;5;legendes;Champion d'Europe avec Milan en 1994;factuel;3;titre continental
BOBAN;Boban;5;legendes;Cinq lettres devenues dirigeantes après la carrière;joueur;3;reconversion
BOUEE;bouée;5;fillfoot;Objet flottant servant d'image au club en danger;factuel;2;métaphore consacrée
BOUEE;bouée;5;fillfoot;Le point du maintien en est une;joueur;1;image du sauvetage
BOUEE;bouée;5;fillfoot;La saisir, c'est se sauver à la dernière journée;joueur;1;sauvetage in extremis
BOULE;boule;5;fillfoot;Forme du ballon avant qu'on l'appelle autrement;factuel;2;objet rond
BOULE;boule;5;fillfoot;L'avoir au ventre juste avant la finale;joueur;1;expression consacrée
BOULE;boule;5;fillfoot;Elle serre l'estomac du tireur désigné;joueur;1;angoisse du moment
BOWEN;Bowen;5;actuels;Il a pleuré après la relégation de West Ham;factuel;2;dernière journée 2025-2026
BOWEN;Bowen;5;actuels;Ailier anglais du club de l'est de Londres;factuel;2;profil du joueur
BOWEN;Bowen;5;actuels;Cinq lettres en larmes le 24 mai;joueur;2;fin de saison cruelle
BRAGA;Braga;5;clubs;Club portugais au stade taillé dans la roche;factuel;3;enceinte spectaculaire
BRAGA;Braga;5;clubs;Cinq lettres du nord du Portugal;factuel;2;géographie
BRAGA;Braga;5;clubs;Il est surnommé les Guerriers du Minho;joueur;3;surnom du club
BRAND;Brand;5;feminin;Ailière allemande internationale;factuel;3;attaquante de la sélection
BRAND;Brand;5;feminin;Elle a longtemps joué à Wolfsburg;factuel;3;carrière allemande
BRAND;Brand;5;feminin;Cinq lettres qui signifient marque en anglais;joueur;1;traduction
BRAVO;Bravo;5;legendes;Gardien capitaine du Chili sacré en Copa América;factuel;3;2015 et 2016
BRAVO;Bravo;5;legendes;Il a joué au Barça puis à Manchester City;factuel;3;carrière du joueur
BRAVO;Bravo;5;legendes;Cinq lettres qu'on crie aussi pour applaudir;joueur;1;homonymie
BREME;Brême;5;clubs;Club hanséatique champion d'Allemagne en 2004;factuel;3;dernier titre
BREME;Brême;5;clubs;Sa ville est célèbre pour un conte de musiciens;factuel;2;patrimoine littéraire
BREME;Brême;5;clubs;Cinq lettres vert et blanc du nord;joueur;3;couleurs du club
BREST;Brest;5;clubs;Club finistérien de Ligue 1;factuel;2;implantation bretonne
BREST;Brest;5;clubs;Cinq lettres qualifiées pour la Ligue des champions;factuel;2;saison 2023-2024
BREST;Brest;5;clubs;Port militaire du bout du monde;joueur;2;situation géographique
BROOS;Broos;5;coachs;Technicien belge sélectionneur du Cameroun sacré;factuel;2;CAN 2017
BROOS;Broos;5;coachs;Il a ensuite pris l'Afrique du Sud;factuel;2;banc des Bafana
BROOS;Broos;5;coachs;Cinq lettres qui entraînent encore après septante ans;joueur;2;longévité du coach
BRUNO;Bruno;5;actuels;Prénom du meilleur joueur de Premier League 2026;factuel;2;milieu portugais
BRUNO;Bruno;5;actuels;Prénom masculin d'origine germanique;factuel;2;étymologie
BRUNO;Bruno;5;actuels;Cinq lettres à vingt et une passes décisives;joueur;3;record de la saison
BUTER;buter;5;vocab;Ce qu'on fait sur une défense regroupée;factuel;2;expression consacrée
BUTER;buter;5;vocab;Verbe qui signifie aussi trébucher;factuel;1;acception courante
BUTER;buter;5;vocab;Cinq lettres de la famille de l'objectif du jeu;joueur;2;dérivation lexicale
CADET;cadet;5;vocab;Catégorie de jeunes du club;factuel;2;classe d'âge
CADET;cadet;5;vocab;Il joue le samedi matin sur le terrain annexe;joueur;1;football de formation
CADET;cadet;5;vocab;Il rêve du groupe professionnel;joueur;1;parcours de formation
CADIZ;Cadix;5;clubs;Club andalou au maillot jaune;factuel;3;championnat espagnol
CADIZ;Cadix;5;clubs;Port réputé le plus ancien d'Occident;factuel;3;histoire de la ville
CADIZ;Cadix;5;clubs;Cinq lettres qui finissent l'alphabet;joueur;2;particularité du nom
CADRE;cadre;5;vocab;Délimité par les poteaux et la barre;factuel;1;structure de la cage
CADRE;cadre;5;vocab;Statistique des frappes qui le trouvent;factuel;2;tirs cadrés
CADRE;cadre;5;vocab;Une frappe dedans, c'est déjà ça;joueur;1;tirs non cadrés fréquents
CANAL;Canal;5;culture;Diffuseur historique du championnat de France;factuel;1;chaîne cryptée
CANAL;Canal;5;culture;Il a lancé le football payant dans le pays;factuel;2;modèle économique
CANAL;Canal;5;culture;Cinq lettres qui désignent aussi une voie d'eau;joueur;1;homonymie
CANON;canon;5;vocab;Frappe d'une puissance rare;factuel;1;tir violent
CANON;canon;5;vocab;Le portier la voit passer sans bouger;joueur;1;tir imparable
CANON;canon;5;vocab;Roberto Carlos en avait un dans le pied gauche;joueur;3;réputation de frappeur
CAPES;capes;5;selections;Nombre de matchs disputés avec son pays;factuel;2;anglicisme du décompte
CAPES;capes;5;selections;Ronaldo en compte plus de deux cents;factuel;1;record portugais
CAPES;capes;5;selections;Cinq lettres qui désignent aussi des vêtements;joueur;1;homonymie
CARLO;Carlo;5;coachs;Prénom du sélectionneur du Brésil depuis 2025;factuel;2;technicien italien
CARLO;Carlo;5;coachs;Équivalent italien de Charles;factuel;2;traduction du prénom
CARLO;Carlo;5;coachs;Cinq lettres devant Monte dans une principauté;joueur;1;homonymie
CARRE;carré;5;fillfoot;Figure à quatre côtés, comme une surface;factuel;2;géométrie du terrain
CARRE;carré;5;fillfoot;Le VIP accueille les invités du président;factuel;1;espace du stade
CARRE;carré;5;fillfoot;Magique, il désignait le milieu des Bleus des années 80;joueur;3;Platini Giresse Tigana Fernández
CARTE;carte;5;culture;Support à collectionner ou à jouer;factuel;1;objet de collection
CARTE;carte;5;culture;Dans les jeux vidéo, elle a une note globale;factuel;2;mécanique du mode Ultimate
CARTE;carte;5;culture;Cinq lettres dorées quand le joueur est très fort;joueur;1;rareté dans le jeu
CELTA;Celta;5;clubs;Club espagnol installé à Vigo;factuel;3;championnat de Liga
CELTA;Celta;5;clubs;Son nom évoque un peuple ancien;factuel;2;étymologie
CELTA;Celta;5;clubs;Cinq lettres bleu ciel de Galice;joueur;3;couleurs du club
CESAR;César;5;legendes;Gardien brésilien du triplé de l'Inter;factuel;3;saison 2009-2010
CESAR;César;5;legendes;Il a encaissé sept buts en demi-finale à domicile;factuel;2;Mondial 2014
CESAR;César;5;legendes;Cinq lettres qui portent aussi le nom d'un empereur;joueur;1;homonymie
CHANT;chant;5;fillfoot;Il monte du virage dès l'échauffement;factuel;1;animation des tribunes
CHANT;chant;5;fillfoot;Celui du club se reprend en chœur;factuel;1;hymne du stade
CHANT;chant;5;fillfoot;Il couvre les consignes du technicien;joueur;2;volume du public
CHILI;Chili;5;selections;Sélection deux fois championne d'Amérique du Sud;factuel;2;2015 et 2016
CHILI;Chili;5;selections;Elle a reçu le Mondial en 1962;factuel;3;édition sud-américaine
CHILI;Chili;5;selections;Cinq lettres qui désignent aussi un piment;joueur;1;homonymie
CHINE;Chine;5;selections;Sélection qualifiée une seule fois pour un Mondial;factuel;2;édition de 2002
CHINE;Chine;5;selections;Le pays compte pourtant le plus d'habitants;factuel;1;paradoxe démographique
CHINE;Chine;5;selections;Cinq lettres qui rêvent d'organiser la compétition;joueur;2;ambition annoncée
CHIPS;chips;5;culture;Ce qui vide le placard un soir de match;factuel;1;habitude du spectateur
CHIPS;chips;5;culture;Le paquet ne survit jamais à la mi-temps;joueur;1;réalité du canapé
CHIPS;chips;5;culture;Cinq lettres empruntées à l'anglais;factuel;1;origine du mot
CHOIX;choix;5;fillfoot;Celui du sélectionneur fait débat un mois durant;factuel;1;composition de la liste
CHOIX;choix;5;fillfoot;Le second, c'est le remplaçant attitré;factuel;2;hiérarchie au poste
CHOIX;choix;5;fillfoot;Il n'y en avait pas d'autre, jure le technicien;joueur;1;justification d'après-match
CHUTE;chute;5;vocab;Dans la surface, elle appelle le sifflet;factuel;2;réclamation d'un penalty
CHUTE;chute;5;vocab;Elle est parfois très théâtrale;joueur;1;simulation
CHUTE;chute;5;vocab;Libre de tout contact, elle vaut un carton;joueur;2;simulation sanctionnée
CIBLE;cible;5;vocab;Ce que l'avant-centre vise en armant;factuel;1;objectif du tir
CIBLE;cible;5;vocab;Le portier la réduit en avançant;factuel;2;fermeture de l'angle
CIBLE;cible;5;vocab;Prioritaire, elle est en haut de la liste;joueur;2;objectif de recrutement
CISSE;Cissé;5;coachs;Sélectionneur sénégalais vainqueur de la CAN 2021;factuel;2;premier titre du pays
CISSE;Cissé;5;coachs;Il avait été capitaine de la même sélection;factuel;2;joueur puis coach
CISSE;Cissé;5;coachs;Cinq lettres au calme légendaire;joueur;2;image du technicien
CLUBS;clubs;5;competitions;La Coupe du monde des se joue depuis 2000;factuel;2;épreuve de la FIFA
CLUBS;clubs;5;competitions;Son édition de 2025 a été élargie à trente-deux;factuel;2;nouveau format
CLUBS;clubs;5;competitions;Cinq lettres opposées aux sélections;joueur;1;distinction fondamentale
COACH;coach;5;vocab;Il donne les consignes depuis le bord;factuel;1;entraîneur
COACH;coach;5;vocab;Il saute quand plus rien ne va;joueur;1;limogeage fréquent
COACH;coach;5;vocab;Debout, il use la pelouse du couloir;joueur;2;agitation en zone technique
COEUR;cœur;5;fillfoot;Organe que la fin de match met à l'épreuve;factuel;1;émotion physique
COEUR;cœur;5;fillfoot;Le joueur qui en met partout est adopté;joueur;1;engagement apprécié
COEUR;cœur;5;fillfoot;Y aller avec, c'est ne rien lâcher;joueur;1;expression consacrée
COMAN;Coman;5;legendes;Son but a offert la C1 au Bayern en 2020;factuel;1;finale contre le PSG
COMAN;Coman;5;legendes;Ailier français formé au centre parisien;factuel;2;produit du club
COMAN;Coman;5;legendes;Cinq lettres qui ont battu leur club formateur;joueur;2;ironie de la finale
COMPO;compo;5;coachs;Liste des onze titulaires, en version courte;factuel;1;abréviation courante
COMPO;compo;5;coachs;Elle est annoncée une heure avant le match;factuel;1;protocole officiel
COMPO;compo;5;coachs;Cinq lettres commentées avant même le coup d'envoi;joueur;1;débat des supporters
CONGO;Congo;5;selections;Sélection qui a tenu le Portugal en échec en 2026;factuel;3;match d'ouverture du groupe
CONGO;Congo;5;selections;Elle est surnommée les Léopards;factuel;2;emblème du pays
CONGO;Congo;5;selections;Cinq lettres qui désignent aussi un fleuve;joueur;1;homonymie
CONTE;Conte;5;coachs;Technicien italien champion avec Naples en 2023;factuel;2;titre napolitain
CONTE;Conte;5;coachs;Il a aussi été sacré avec la Juventus et Chelsea;factuel;2;palmarès du coach
CONTE;Conte;5;coachs;Cinq lettres qui hurlent pendant nonante minutes;joueur;1;image du banc
CONTI;Conti;5;legendes;Ailier italien champion du monde en 1982;factuel;3;titre espagnol
CONTI;Conti;5;legendes;Il a passé toute sa carrière à Rome;factuel;3;fidélité au club
CONTI;Conti;5;legendes;Cinq lettres titulaires en finale à Madrid;joueur;3;sacre de la Squadra
COPPA;Coppa;5;competitions;Coupe nationale italienne;factuel;2;épreuve transalpine
COPPA;Coppa;5;competitions;Son vainqueur se qualifie pour l'Europe;factuel;2;enjeu de l'épreuve
COPPA;Coppa;5;competitions;Cinq lettres qui désignent aussi une charcuterie;joueur;1;homonymie
COREE;Corée;5;selections;Demi-finaliste surprise à domicile en 2002;factuel;2;parcours asiatique
COREE;Corée;5;selections;Son capitaine a longtemps joué à Tottenham;factuel;2;Son Heung-min
COREE;Corée;5;selections;Cinq lettres qui jouent en rouge;joueur;1;couleur du maillot
CORNE;corne;5;fillfoot;Épaississement de la peau sous le pied;factuel;1;conséquence des crampons
CORNE;corne;5;fillfoot;De brume, elle beugle depuis le virage;factuel;2;instrument des tribunes
CORNE;corne;5;fillfoot;Elle sonne pour réveiller une équipe endormie;joueur;1;animation sonore
CORPS;corps;5;fillfoot;Le joueur le place devant le ballon;factuel;1;protection de balle
CORPS;corps;5;fillfoot;La feinte du sien envoie le défenseur au bar;factuel;2;geste technique
CORPS;corps;5;fillfoot;Il dit stop bien avant la tête;joueur;2;limite physique
COSTA;Costa;5;actuels;Gardien titulaire de la sélection portugaise;factuel;1;poste en sélection
COSTA;Costa;5;actuels;Il portait le numéro un lusitanien;factuel;2;hiérarchie des portiers
COSTA;Costa;5;actuels;Cinq lettres qui désignent une côte en portugais;joueur;1;homonymie
COUPE;coupe;5;competitions;On espère la ramener à la maison;joueur;1;chant des supporters
COUPE;coupe;5;competitions;Trophée doré de plus de six kilos;factuel;2;poids officiel
COUPE;coupe;5;competitions;Celle de France se joue à élimination directe;factuel;1;format de l'épreuve
CRACK;crack;5;culture;Joueur exceptionnellement doué;factuel;1;terme d'admiration
CRACK;crack;5;culture;On l'emploie beaucoup en Amérique du Sud;factuel;2;usage hispanique
CRACK;crack;5;culture;Cinq lettres qui claquent comme un compliment;joueur;1;sonorité du mot
CRIER;crier;5;culture;Ce que fait la tribune au moment du but;factuel;1;réaction du public
CRIER;crier;5;culture;Le capitaine le fait pour replacer sa défense;factuel;1;communication sur le terrain
CRIER;crier;5;culture;Cinq lettres qui laissent la voix en miettes;joueur;1;lendemain de match
CRISE;crise;5;fillfoot;Trois revers de suite et la voilà;factuel;1;série négative
CRISE;crise;5;fillfoot;Elle finit souvent par un limogeage;factuel;1;conséquence sportive
CRISE;crise;5;fillfoot;Le mot que le technicien refuse d'employer;joueur;1;discours de conférence
CROIX;croix;5;fillfoot;Motif héraldique de nombreux écussons;factuel;2;symbole de blason
CROIX;croix;5;fillfoot;Elle figure sur le drapeau de plusieurs sélections;factuel;1;emblème national
CROIX;croix;5;fillfoot;En faire une dessus, c'est renoncer au titre;joueur;1;expression consacrée
CROSS;cross;5;vocab;Anglicisme pour le ballon venu du couloir;factuel;2;terme anglais
CROSS;cross;5;vocab;Il vise la tête de l'avant-centre;factuel;1;objectif du geste
CROSS;cross;5;vocab;Les Anglais adorent ce mot et ce geste;joueur;2;culture britannique
CULTE;culte;5;fillfoot;Vénération que le virage voue à un ancien;factuel;1;attachement des supporters
CULTE;culte;5;fillfoot;Le joueur qui l'est n'a souvent rien gagné;joueur;2;statut affectif
CULTE;culte;5;fillfoot;Une réalisation improbable suffit à le créer;joueur;1;naissance d'une légende
CUNHA;Cunha;5;actuels;Attaquant brésilien retenu pour le Mondial 2026;factuel;2;liste d'Ancelotti
CUNHA;Cunha;5;actuels;Il complétait l'arsenal offensif auriverde;factuel;2;secteur offensif
CUNHA;Cunha;5;actuels;Cinq lettres dans l'attaque brésilienne;joueur;1;poste du joueur
DAKAR;Dakar;5;stades;Capitale du Sénégal;factuel;1;géographie
DAKAR;Dakar;5;stades;Cinq lettres qui ont fêté la CAN 2025;factuel;2;titre des Lions
DAKAR;Dakar;5;stades;Ville la plus occidentale du continent;joueur;2;situation géographique
DALOT;Dalot;5;actuels;Latéral droit portugais de Manchester United;factuel;2;club anglais
DALOT;Dalot;5;actuels;Il tenait son couloir sans réelle concurrence;factuel;2;statut de titulaire
DALOT;Dalot;5;actuels;Cinq lettres pour occuper un côté droit;joueur;1;poste du joueur
DANSE;danse;5;culture;Célébration chorégraphiée après un but;factuel;1;geste collectif
DANSE;danse;5;culture;Certaines viennent directement d'un jeu vidéo;factuel;1;influence numérique
DANSE;danse;5;culture;Cinq lettres reprises dans toutes les cours d'école;joueur;1;diffusion du geste
DANTE;Dante;5;actuels;Défenseur parti libre de Nice à l'été 2026;factuel;2;fin de contrat
DANTE;Dante;5;actuels;Vétéran brésilien du championnat de France;factuel;2;longévité du joueur
DANTE;Dante;5;actuels;Cinq lettres qui évoquent un poète italien;joueur;1;homonymie
DAVID;David;5;actuels;Attaquant canadien passé par le championnat de France;factuel;2;parcours du joueur
DAVID;David;5;actuels;Il a été nommé au trophée du meilleur joueur de L1;factuel;3;nomination UNFP
DAVID;David;5;actuels;Cinq lettres qui sont aussi un prénom;joueur;1;homonymie
DEBUT;début;5;vocab;Première apparition sous le maillot;factuel;1;entrée en lice
DEBUT;début;5;vocab;De saison raté, il pèse jusqu'en mai;joueur;2;entame difficile
DEBUT;début;5;vocab;Il se fête parfois par une réalisation;joueur;1;entrée réussie
DEFOE;Defoe;5;legendes;Buteur anglais emblématique de Tottenham;factuel;3;carrière londonienne
DEFOE;Defoe;5;legendes;Il frappait dès qu'il voyait la cage;factuel;2;instinct du buteur
DEFOE;Defoe;5;legendes;Cinq lettres au patronyme d'écrivain;joueur;2;homonymie
DEMIE;demie;5;vocab;Avant-dernier tour de la compétition;factuel;1;tour précédant la finale
DEMIE;demie;5;vocab;Volée, elle se frappe juste après le rebond;factuel;3;geste technique
DEMIE;demie;5;vocab;La perdre laisse un goût terrible;joueur;1;élimination aux portes du titre
DENIS;Denis;5;legendes;Prénom d'un attaquant allemand de Stuttgart;factuel;3;buteur de Bundesliga
DENIS;Denis;5;legendes;Prénom masculin d'origine grecque;factuel;2;étymologie
DENIS;Denis;5;legendes;Cinq lettres qui nomment aussi une ville du Nord;joueur;2;Saint-Denis
DEPAY;Depay;5;legendes;Attaquant néerlandais passé par Lyon et le Barça;factuel;2;carrière du joueur
DEPAY;Depay;5;legendes;Il a aussi sorti des albums de musique;factuel;2;double activité
DEPAY;Depay;5;legendes;Cinq lettres au chapeau devenu signature;joueur;2;image du joueur
DERBY;derby;5;vocab;Duel entre deux voisins;factuel;1;rivalité locale
DERBY;derby;5;vocab;Celui de la Mersey oppose deux clubs;factuel;3;Liverpool et Everton
DERBY;derby;5;vocab;Le classement ne compte plus ce jour-là;joueur;1;enjeu émotionnel
DERBY;derby;5;vocab;Un club anglais des Midlands porte ce nom;factuel;3;championnat anglais
DEYNA;Deyna;5;legendes;Meneur polonais troisième du monde en 1974;factuel;3;podium allemand
DEYNA;Deyna;5;legendes;Il a fini sa carrière aux États-Unis;factuel;3;parcours du joueur
DEYNA;Deyna;5;legendes;Cinq lettres capitaines de la Pologne;joueur;3;brassard national
DIANI;Diani;5;feminin;Ailière française internationale;factuel;1;attaquante des Bleues
DIANI;Diani;5;feminin;Elle est passée du PSG à Lyon;factuel;2;carrière de la joueuse
DIANI;Diani;5;feminin;Cinq lettres à la pointe de vitesse redoutée;joueur;1;qualité de l'ailière
DIEGO;Diego;5;legendes;Prénom de l'auteur du but du siècle;factuel;1;meneur argentin
DIEGO;Diego;5;legendes;Équivalent hispanique de Jacques;factuel;2;traduction du prénom
DIEGO;Diego;5;legendes;Cinq lettres au pied gauche magique;joueur;1;réputation du joueur
DIENG;Dieng;5;actuels;Attaquant sénégalais évoluant à Angers;factuel;3;club français
DIENG;Dieng;5;actuels;Retenu pour la Coupe du monde 2026;factuel;1;liste de Pape Thiaw
DIENG;Dieng;5;actuels;Cinq lettres dans le secteur offensif des Lions;joueur;1;poste du joueur
DIGNE;Digne;5;actuels;Latéral gauche déjà présent au Mondial 2014;factuel;3;longévité en sélection
DIGNE;Digne;5;actuels;L'un des cinq Bleus à plus de cinquante capes;factuel;2;expérience du groupe
DIGNE;Digne;5;actuels;Son patronyme sonne comme un compliment;joueur;1;homonymie
DIJON;Dijon;5;clubs;Club bourguignon passé par la Ligue 1;factuel;3;football français
DIJON;Dijon;5;clubs;Ville célèbre pour sa moutarde;factuel;1;spécialité locale
DIJON;Dijon;5;clubs;Cinq lettres au maillot rouge et blanc;joueur;3;couleurs du club
DINIZ;Diniz;5;coachs;Technicien brésilien au jeu très personnel;factuel;2;style reconnaissable
DINIZ;Diniz;5;coachs;Il a gagné la Libertadores avec Fluminense;factuel;2;titre de 2023
DINIZ;Diniz;5;coachs;Cinq lettres au football sans repères fixes;joueur;2;philosophie du coach
DOGUE;Dogue;5;clubs;Chien qui donne son surnom au club lillois;factuel;2;emblème du club
DOGUE;Dogue;5;clubs;Molosse au museau écrasé;factuel;1;race canine
DOGUE;Dogue;5;clubs;Cinq lettres championnes de France en 2021;joueur;2;titre nordiste
DOYEN;doyen;5;vocab;Le plus ancien du vestiaire;factuel;1;joueur le plus âgé
DOYEN;doyen;5;vocab;Le club le plus vieux du pays l'est aussi;factuel;2;ancienneté d'une institution
DOYEN;doyen;5;vocab;Il joue encore à trente-huit ans;joueur;1;longévité
DUELS;duels;5;vocab;Ils se comptent gagnés ou perdus;factuel;2;statistique de match
DUELS;duels;5;vocab;Aériens, ils font mal aux nuques;factuel;1;jeu de tête
DUELS;duels;5;vocab;Cinq lettres remportées par les plus hargneux;joueur;1;engagement physique
DUNGA;Dunga;5;legendes;Capitaine brésilien champion du monde en 1994;factuel;2;titre américain
DUNGA;Dunga;5;legendes;Il est devenu sélectionneur de son pays;factuel;3;reconversion
DUNGA;Dunga;5;legendes;Cinq lettres qui ont soulevé le trophée à Pasadena;joueur;3;finale de 1994
DURAN;Durán;5;actuels;Attaquant colombien révélé à Aston Villa;factuel;3;carrière anglaise
DURAN;Durán;5;actuels;Ses buts venus du banc ont marqué les esprits;factuel;3;profil du remplaçant
DURAN;Durán;5;actuels;Cinq lettres à la frappe très puissante;joueur;3;qualité du buteur
EARPS;Earps;5;feminin;Gardienne anglaise championne d'Europe en 2022;factuel;2;titre à Wembley
EARPS;Earps;5;feminin;Elle a arrêté un penalty en finale de Mondial;factuel;2;édition 2023
EARPS;Earps;5;feminin;Cinq lettres qui ont fait fabriquer leur maillot;joueur;2;campagne des supporters
ECART;écart;5;vocab;Différence de points entre deux clubs;factuel;1;classement
ECART;écart;5;vocab;De conduite, il vaut une sanction;factuel;2;discipline
ECART;écart;5;vocab;Cinq lettres qui se creusent au fil des journées;joueur;2;domination d'un leader
ECOLE;école;5;vocab;Celle de football accueille les plus jeunes;factuel;1;structure de formation
ECOLE;école;5;vocab;Néerlandaise, elle a fait des petits partout;joueur;3;influence du jeu total
ECOLE;école;5;vocab;On y apprend le geste avant le résultat;joueur;1;philosophie de formation
ECRAN;écran;5;vocab;Corps placé pour gêner l'adversaire;factuel;2;obstruction légale
ECRAN;écran;5;vocab;Géant, il diffuse la vidéo dans l'enceinte;factuel;1;affichage du stade
ECRAN;écran;5;vocab;Le défenseur le fait sans toucher personne;joueur;2;protection de balle
EDITO;édito;5;culture;Texte d'opinion en tête d'un journal;factuel;2;genre journalistique
EDITO;édito;5;culture;Il descend en flammes l'équipe après une défaite;joueur;1;ton du billet
EDITO;édito;5;culture;Cinq lettres abrégées d'un mot plus long;factuel;1;troncation courante
EIBAR;Eibar;5;clubs;Club basque d'une toute petite ville;factuel;3;championnat espagnol
EIBAR;Eibar;5;clubs;Monté en première division en 2014;factuel;3;accession du club
EIBAR;Eibar;5;clubs;Cinq lettres qui ont tenu tête aux géants;joueur;3;exploit du petit club
ELBER;Elber;5;legendes;Attaquant brésilien buteur du Bayern;factuel;3;carrière allemande
ELBER;Elber;5;legendes;Il a été meilleur buteur de Bundesliga en 2003;factuel;3;titre individuel
ELBER;Elber;5;legendes;Cinq lettres qui portent aussi le nom d'un fleuve;joueur;2;homonymie
ELCHE;Elche;5;clubs;Club espagnol de la région de Valence;factuel;3;championnat espagnol
ELCHE;Elche;5;clubs;Sa palmeraie est classée au patrimoine mondial;factuel;3;patrimoine local
ELCHE;Elche;5;clubs;Cinq lettres vert et blanc du Levant;joueur;3;couleurs du club
ELITE;élite;5;competitions;Première division d'un championnat national;factuel;1;plus haut niveau
ELITE;élite;5;competitions;On y monte et on en descend chaque saison;factuel;1;promotion et relégation
ELITE;élite;5;competitions;Cinq lettres où tout le monde veut jouer;joueur;1;objectif des clubs
ELLIS;Ellis;5;stades;Il précède Park dans un nom de stade sud-africain;factuel;3;Johannesburg
ELLIS;Ellis;5;stades;L'enceinte a reçu des matchs du Mondial 2010;factuel;3;compétition africaine
ELLIS;Ellis;5;stades;Cinq lettres surtout connues pour le rugby;joueur;2;double usage
EMERY;Emery;5;coachs;Technicien espagnol recordman de Ligue Europa;factuel;2;quatre titres
EMERY;Emery;5;coachs;Il entraîne Aston Villa depuis 2022;factuel;2;banc anglais
EMERY;Emery;5;coachs;Cinq lettres passées par le PSG et Arsenal;joueur;2;carrière du coach
EMOJI;emoji;5;culture;Petit dessin utilisé pour annoncer un transfert;factuel;1;communication moderne
EMOJI;emoji;5;culture;Un sablier suffit à faire monter la rumeur;joueur;1;code des réseaux
EMOJI;emoji;5;culture;Cinq lettres venues du japonais;factuel;2;étymologie
ENFER;enfer;5;stades;Surnom d'un stade où l'accueil est très rude;factuel;2;ambiance hostile
ENFER;enfer;5;stades;Vert, il désigne une enceinte stéphanoise;factuel;2;surnom du Chaudron
ENFER;enfer;5;stades;Cinq lettres où les visiteurs n'entendent plus rien;joueur;1;bruit du public
ENTRE;entre;5;vocab;Préposition qui situe au milieu de deux choses;factuel;1;grammaire française
ENTRE;entre;5;vocab;Le remplaçant le fait après un signe du banc;factuel;1;changement en cours de match
ENTRE;entre;5;vocab;Cinq lettres devant les lignes chez un créateur;joueur;2;zone de jeu
ESTAC;E.S.T.A.C.;5;clubs;Sigle du club aubois;factuel;3;Troyes
ESTAC;E.S.T.A.C.;5;clubs;Son nom commence par une étoile sportive;factuel;3;dénomination du club
ESTAC;E.S.T.A.C.;5;clubs;Cinq lettres bleu et blanc de Champagne;joueur;3;couleurs du club
EUPEN;Eupen;5;clubs;Club belge de la communauté germanophone;factuel;3;particularité du club
EUPEN;Eupen;5;clubs;Il est installé près de la frontière allemande;factuel;3;géographie
EUPEN;Eupen;5;clubs;Cinq lettres noir et blanc;joueur;3;couleurs du club
EVIAN;Évian;5;clubs;Club savoyard monté en Ligue 1 en 2011;factuel;3;accession du club
EVIAN;Évian;5;clubs;Sa ville est célèbre pour son eau minérale;factuel;1;spécialité locale
EVIAN;Évian;5;clubs;Cinq lettres au bord du lac Léman;joueur;2;géographie
FABIO;Fabio;5;coachs;Prénom d'un technicien italien à la longue carrière;factuel;3;entraîneur transalpin
FABIO;Fabio;5;coachs;Équivalent italien de Fabien;factuel;2;traduction du prénom
FABIO;Fabio;5;coachs;Cinq lettres qui finissent par une voyelle;joueur;2;forme du prénom
FACUP;FA Cup;5;competitions;Plus ancienne compétition de football du monde;factuel;2;créée en 1871
FACUP;FA Cup;5;competitions;Épreuve anglaise ouverte aux clubs amateurs;factuel;2;format à élimination
FACUP;FA Cup;5;competitions;Cinq lettres où le petit rêve de sortir le gros;joueur;1;exploit en coupe
FAUTE;faute;5;vocab;Elle offre un coup franc à l'adversaire;factuel;1;sanction de l'arbitre
FAUTE;faute;5;vocab;Tactique, elle casse une contre-attaque;factuel;2;infraction volontaire
FAUTE;faute;5;vocab;Dans la surface, elle coûte très cher;joueur;1;penalty concédé
FAUVE;fauve;5;fillfoot;Animal qui orne les écussons les plus fiers;factuel;1;emblème de club
FAUVE;fauve;5;fillfoot;Le défenseur qui saute au duel en est un;joueur;1;image de l'engagement
FAUVE;fauve;5;fillfoot;Il dort onze mois et se réveille en mai;joueur;2;réveil tardif
FAVRE;Favre;5;coachs;Technicien suisse passé par Nice et Dortmund;factuel;2;carrière du coach
FAVRE;Favre;5;coachs;Il est réputé pour son travail sur la défense;factuel;2;spécialité du technicien
FAVRE;Favre;5;coachs;Cinq lettres au caractère très discret;joueur;2;image du coach
FEKIR;Fekir;5;legendes;Meneur lyonnais champion du monde en 2018;factuel;2;titre en Russie
FEKIR;Fekir;5;legendes;Il a porté le brassard de son club formateur;factuel;3;capitaine rhodanien
FEKIR;Fekir;5;legendes;Cinq lettres au pied gauche très pur;joueur;2;style du joueur
FELIX;Félix;5;actuels;Attaquant portugais coéquipier de Ronaldo en club;factuel;2;championnat saoudien
FELIX;Félix;5;actuels;Il figure dans la liste pour le Mondial 2026;factuel;1;sélection de Martínez
FELIX;Félix;5;actuels;Cinq lettres qui signifient heureux en latin;joueur;2;homonymie
FILET;filet;5;vocab;Il retient le ballon derrière la ligne;factuel;1;maille tendue du but
FILET;filet;5;vocab;Trembler est son verbe favori;joueur;1;expression consacrée
FILET;filet;5;vocab;Les araignées y logent, dit-on;joueur;3;expression sur les angles hauts
FINAL;final;5;vocab;Sprint qui décide du championnat;factuel;1;fin de saison
FINAL;final;5;vocab;Il se joue sur les cinq dernières journées;joueur;1;dernière ligne droite
FINAL;final;5;vocab;Le quart d'heure qui suit la 75e minute;joueur;2;fin de rencontre
FINIR;finir;5;vocab;Ce que l'attaquant doit savoir faire dans la surface;factuel;1;conclusion de l'action
FINIR;finir;5;vocab;Verbe du deuxième groupe;factuel;1;conjugaison
FINIR;finir;5;vocab;Cinq lettres devant la saison sur le podium;joueur;1;objectif du club
FLAIR;flair;5;fillfoot;Instinct dont vit le recruteur;factuel;1;qualité du scout
FLAIR;flair;5;fillfoot;Le buteur l'exerce dans la surface;joueur;1;sens du placement
FLAIR;flair;5;fillfoot;Il vaut mieux que toutes les données;joueur;2;débat sur les chiffres
FLICK;Flick;5;coachs;Technicien allemand du Barça;factuel;1;banc catalan
FLICK;Flick;5;coachs;Il a réalisé le sextuplé avec le Bayern en 2020;factuel;2;saison parfaite
FLICK;Flick;5;coachs;Cinq lettres au visage impassible;joueur;2;image du technicien
FODEN;Foden;5;legendes;Milieu anglais formé à Manchester City;factuel;1;produit du club
FODEN;Foden;5;legendes;Guardiola l'a lancé très jeune;factuel;2;confiance du technicien
FODEN;Foden;5;legendes;Cinq lettres à la coupe de cheveux souvent commentée;joueur;1;style du joueur
FOORD;Foord;5;feminin;Attaquante australienne d'Arsenal;factuel;3;carrière anglaise
FOORD;Foord;5;feminin;Elle a disputé le Mondial à domicile en 2023;factuel;3;édition océanienne
FOORD;Foord;5;feminin;Cinq lettres au gabarit très athlétique;joueur;3;profil de l'attaquante
FORME;forme;5;vocab;État physique du moment;factuel;1;condition du joueur
FORME;forme;5;vocab;Elle se mesure aux tests de la reprise;factuel;2;évaluation physique
FORME;forme;5;vocab;En dents de scie, elle rend fou le technicien;joueur;2;irrégularité
FOULE;foule;5;vocab;Elle remplit l'enceinte un soir de choc;factuel;1;public du stade
FOULE;foule;5;vocab;Elle pousse l'équipe dans les dernières minutes;joueur;1;douzième homme
FOULE;foule;5;vocab;Un bain d'elle attend le champion;joueur;1;accueil populaire
FOYTH;Foyth;5;actuels;Défenseur argentin absent de la liste de 2026;factuel;2;non retenu
FOYTH;Foyth;5;actuels;Champion du monde 2022 écarté du renouvellement;factuel;2;fin de cycle
FOYTH;Foyth;5;actuels;Cinq lettres à consonance très peu latine;joueur;2;forme du patronyme
FRANK;Frank;5;legendes;Prénom du meilleur buteur de Chelsea;factuel;3;milieu anglais
FRANK;Frank;5;legendes;Prénom masculin d'origine germanique;factuel;2;étymologie
FRANK;Frank;5;legendes;Cinq lettres qui désignaient une monnaie suisse;joueur;2;homonymie approximative
FRERE;frère;5;feminin;C'est souvent avec lui qu'on a commencé;factuel;1;premiers matchs
FRERE;frère;5;feminin;Il finit par se faire dribbler dans le jardin;joueur;1;scène familière
FRERE;frère;5;feminin;Cinq lettres qui ont donné le goût du ballon;factuel;1;transmission familiale
FRITE;frite;5;fillfoot;On la mange à la buvette pendant la pause;factuel;1;restauration du stade
FRITE;frite;5;fillfoot;L'avoir, c'est être en pleine possession;joueur;1;expression consacrée
FRITE;frite;5;fillfoot;Il l'a eue toute la soirée et a planté deux fois;joueur;2;réussite du jour
FUSEE;fusée;5;fillfoot;Éclairante, elle vaut une sanction en tribune;factuel;2;engin pyrotechnique
FUSEE;fusée;5;fillfoot;Engin qui décolle, comme le contre-attaquant;factuel;2;métaphore consacrée
FUSEE;fusée;5;fillfoot;L'ailier qui part exactement comme elle;joueur;1;image de la vitesse
GAGNE;gagné;5;vocab;Participe du verbe le plus attendu;factuel;1;conjugaison
GAGNE;gagné;5;vocab;On l'écrit dans la colonne des victoires;factuel;2;feuille de classement
GAGNE;gagné;5;vocab;Cinq lettres qui font oublier tout le reste;joueur;1;effet du succès
GAKPO;Gakpo;5;actuels;Attaquant néerlandais de Liverpool;factuel;2;carrière anglaise
GAKPO;Gakpo;5;actuels;Il s'était révélé au Mondial 2022;factuel;2;trois buts en poules
GAKPO;Gakpo;5;actuels;Cinq lettres qui frappent du gauche;joueur;2;pied fort du joueur
GAMBA;Gamba;5;clubs;Club japonais de la région d'Osaka;factuel;3;championnat local
GAMBA;Gamba;5;clubs;Son nom vient d'un mot italien signifiant jambe;factuel;3;étymologie
GAMBA;Gamba;5;clubs;Cinq lettres bleu et noir;joueur;3;couleurs du club
GARDE;garde;5;vocab;Vieille, elle désigne les cadres de l'effectif;factuel;2;expression consacrée
GARDE;garde;5;vocab;Le portier la monte devant sa cage;joueur;1;vigilance du dernier rempart
GARDE;garde;5;vocab;Baissée dix secondes, elle coûte deux buts;joueur;2;relâchement défensif
GAZON;gazon;5;vocab;Tapis vert sur lequel on joue;factuel;1;surface de jeu
GAZON;gazon;5;vocab;Synthétique, il divise les puristes;factuel;2;débat sur les surfaces
GAZON;gazon;5;vocab;Cinq lettres tondues en damier;joueur;1;entretien du terrain
GAZZA;Gazza;5;legendes;Surnom d'un milieu anglais des années 90;factuel;2;Gascoigne
GAZZA;Gazza;5;legendes;Il a pleuré en demi-finale du Mondial 1990;factuel;2;image restée célèbre
GAZZA;Gazza;5;legendes;Cinq lettres au talent aussi grand que fragile;joueur;2;destin du joueur
GEANT;géant;5;vocab;Écran de l'enceinte diffusant les ralentis;factuel;1;affichage du stade
GEANT;géant;5;vocab;Le portier de deux mètres en est un;joueur;1;gabarit du gardien
GEANT;géant;5;vocab;Le petit club qui sort le gros en abat un;joueur;2;exploit en coupe
GENES;Gênes;5;clubs;Ville italienne à deux clubs rivaux;factuel;2;derby de la Lanterne
GENES;Gênes;5;clubs;Le plus vieux club d'Italie y est né;factuel;3;fondation de 1893
GENES;Gênes;5;clubs;Cinq lettres du port ligure;joueur;2;géographie
GENOA;Genoa;5;clubs;Plus ancien club de football d'Italie;factuel;3;fondation de 1893
GENOA;Genoa;5;clubs;Rival de la Sampdoria dans sa ville;factuel;3;derby de la Lanterne
GENOA;Genoa;5;clubs;Cinq lettres rouge et bleu de Ligurie;joueur;3;couleurs du club
GENTO;Gento;5;legendes;Ailier six fois vainqueur de la Coupe d'Europe;factuel;3;record madrilène
GENTO;Gento;5;legendes;Il a joué toute sa carrière au Real;factuel;3;fidélité au club
GENTO;Gento;5;legendes;Cinq lettres surnommées la Galerne du Cantabrique;joueur;3;surnom du joueur
GESTE;geste;5;vocab;Action technique isolée d'un joueur;factuel;1;mouvement du jeu
GESTE;geste;5;vocab;Antisportif, il vaut un avertissement;factuel;2;sanction disciplinaire
GESTE;geste;5;vocab;Celui qu'on repasse au ralenti dix fois;joueur;1;action spectaculaire
GHANA;Ghana;5;selections;Sélection surnommée les Black Stars;factuel;2;surnom du pays
GHANA;Ghana;5;selections;Elle a atteint les quarts du Mondial 2010;factuel;2;parcours africain
GHANA;Ghana;5;selections;Cinq lettres au bord du golfe de Guinée;joueur;1;géographie
GIGGS;Giggs;5;legendes;Recordman de matchs disputés avec Manchester United;factuel;2;longévité au club
GIGGS;Giggs;5;legendes;Il a gagné treize fois le championnat anglais;factuel;2;palmarès du joueur
GIGGS;Giggs;5;legendes;Cinq lettres restées vingt-trois ans au même endroit;joueur;2;carrière d'un seul club
GIJON;Gijón;5;clubs;Ville asturienne au club du Sporting;factuel;3;championnat espagnol
GIJON;Gijón;5;clubs;Elle dispute le derby des Asturies à Oviedo;factuel;3;rivalité régionale
GIJON;Gijón;5;clubs;Cinq lettres rouge et blanc du nord;joueur;3;couleurs du club
GLACE;glace;5;coachs;Elle soulage une articulation après l'effort;factuel;1;soin classique
GLACE;glace;5;coachs;Le bain qui en contient fait grimacer;factuel;1;protocole de récupération
GLACE;glace;5;coachs;Cinq lettres qui se dégustent aussi l'été;joueur;1;homonymie
GODIN;Godin;5;legendes;Défenseur uruguayen emblématique de l'Atlético;factuel;2;charnière madrilène
GODIN;Godin;5;legendes;Sa tête a donné un titre national à son club;factuel;3;saison 2013-2014
GODIN;Godin;5;legendes;Cinq lettres qui ne reculaient devant rien;joueur;2;engagement du central
GOMES;Gomes;5;actuels;Il a quitté Aston Villa pour Wolverhampton;factuel;2;transfert de juillet 2026
GOMES;Gomes;5;actuels;Quarante millions pour un ailier portugais;factuel;3;montant de l'opération
GOMES;Gomes;5;actuels;Cinq lettres et un patronyme très lusophone;joueur;1;nom répandu
GOMEZ;Gómez;5;actuels;Champion du monde 2022 absent de la liste 2026;factuel;2;non retenu
GOMEZ;Gómez;5;actuels;Milieu offensif écarté du groupe albiceleste;factuel;2;fin de cycle
GOMEZ;Gómez;5;actuels;Cinq lettres et un patronyme très répandu;joueur;1;nom courant
GOMIS;Gomis;5;legendes;Attaquant français à la célébration de la panthère;factuel;2;geste reconnaissable
GOMIS;Gomis;5;legendes;Il a joué à Lyon puis en Angleterre;factuel;3;carrière du joueur
GOMIS;Gomis;5;legendes;Cinq lettres qui rampaient après avoir marqué;joueur;1;célébration culte
GONES;Gones;5;clubs;Surnom des joueurs de l'Olympique lyonnais;factuel;2;argot local
GONES;Gones;5;clubs;Cinq lettres qui désignent les gamins de Lyon;factuel;2;parler lyonnais
GONES;Gones;5;clubs;Sept fois champions d'affilée;joueur;2;série de 2002 à 2008
GOTZE;Götze;5;legendes;Son but a offert le Mondial 2014 à l'Allemagne;factuel;1;prolongation à Rio
GOTZE;Götze;5;legendes;Il est entré en jeu pour marquer;factuel;1;remplaçant décisif
GOTZE;Götze;5;legendes;Cinq lettres à la reprise du gauche parfaite;joueur;1;geste du but
GOVOU;Govou;5;legendes;Ailier lyonnais de la grande époque;factuel;2;sept titres consécutifs
GOVOU;Govou;5;legendes;Son doublé contre le Real reste dans les mémoires;factuel;3;Ligue des champions 2005
GOVOU;Govou;5;legendes;Cinq lettres qui adoraient les grands soirs;joueur;2;réputation du joueur
GRAAL;graal;5;vocab;Objet mythique servant d'image au trophée;factuel;2;métaphore consacrée
GRAAL;graal;5;vocab;Ce que tout un club poursuit depuis trente ans;joueur;1;objectif ultime
GRAAL;graal;5;vocab;Il se soulève une fois et se raconte cent ans;joueur;2;attente des supporters
GRECE;Grèce;5;selections;Championne d'Europe surprise en 2004;factuel;2;titre au Portugal
GRECE;Grèce;5;selections;Elle avait battu le pays hôte en finale;factuel;2;exploit du tournoi
GRECE;Grèce;5;selections;Cinq lettres en bleu et blanc;joueur;1;couleurs nationales
GREIF;Greif;5;actuels;Gardien nommé au trophée UNFP en 2026;factuel;3;meilleur gardien de Ligue 1
GREIF;Greif;5;actuels;Portier de l'Olympique lyonnais;factuel;2;club rhodanien
GREIF;Greif;5;actuels;Cinq lettres à consonance germanique;joueur;2;origine du nom
GUEYE;Gueye;5;actuels;Deux Sénégalais le portaient dans la liste de 2026;factuel;2;Idrissa et Pape
GUEYE;Gueye;5;actuels;Patronyme de deux milieux des Lions;factuel;2;doublon dans l'entrejeu
GUEYE;Gueye;5;actuels;Cinq lettres au milieu du terrain sénégalais;joueur;1;poste des joueurs
GULER;Güler;5;actuels;Jeune meneur turc du Real Madrid;factuel;2;espoir madrilène
GULER;Güler;5;actuels;Il est arrivé de Fenerbahçe à dix-huit ans;factuel;3;transfert de 2023
GULER;Güler;5;actuels;Cinq lettres au pied gauche très pur;joueur;2;style du joueur
GUSTO;Gusto;5;actuels;Latéral droit tricolore découvrant le Mondial;factuel;2;première phase finale
GUSTO;Gusto;5;actuels;Défenseur français formé à Lyon;factuel;2;formation lyonnaise
GUSTO;Gusto;5;actuels;En espagnol, son nom parle de plaisir;joueur;1;homonymie
HAISE;Haise;5;coachs;Technicien français passé de Lens à Nice;factuel;2;carrière en Ligue 1
HAISE;Haise;5;coachs;Il avait qualifié Lens pour la Ligue des champions;factuel;2;saison 2022-2023
HAISE;Haise;5;coachs;Cinq lettres montées depuis le football amateur;joueur;2;parcours du coach
HAITI;Haïti;5;selections;Sélection caribéenne du Mondial 2026;factuel;2;groupe du Brésil
HAITI;Haïti;5;selections;Elle avait déjà participé en 1974;factuel;3;première apparition
HAITI;Haïti;5;selections;Cinq lettres surnommées les Grenadiers;joueur;3;surnom de la sélection
HAVRE;Havre;5;clubs;Plus ancien club de football français;factuel;2;fondé en 1872
HAVRE;Havre;5;clubs;Il évolue au stade Océane;factuel;3;enceinte du club
HAVRE;Havre;5;clubs;Cinq lettres ciel et marine;joueur;3;couleurs du club
HENRY;Henry;5;legendes;Champion du monde 1998 devenu légende à Londres;factuel;1;idole d'Arsenal
HENRY;Henry;5;legendes;Une statue lui est dédiée devant l'Emirates;factuel;3;hommage du club
HENRY;Henry;5;legendes;Cinq lettres des Invincibles de 2004;joueur;2;saison sans défaite
HERBE;herbe;5;fillfoot;On y joue depuis les origines du jeu;factuel;1;surface naturelle
HERBE;herbe;5;fillfoot;Le jardinier la coupe à vingt-cinq millimètres;factuel;2;hauteur de tonte
HERBE;herbe;5;fillfoot;Synthétique, elle divise les puristes;joueur;2;débat sur les surfaces
HILAL;Hilal;5;clubs;Club saoudien le plus titré d'Asie;factuel;2;palmarès continental
HILAL;Hilal;5;clubs;Il a recruté Summerville pour 77 millions en 2026;factuel;3;mercato estival
HILAL;Hilal;5;clubs;Cinq lettres bleues de Riyad;joueur;2;couleur du maillot
HIVER;hiver;5;fillfoot;Saison du mercato de rattrapage;factuel;1;fenêtre de janvier
HIVER;hiver;5;fillfoot;La trêve le coupe en deux;factuel;1;interruption saisonnière
HIVER;hiver;5;fillfoot;Terrain gras, ballon lourd, pieds gelés;joueur;1;conditions de jeu
HONDA;Honda;5;legendes;Milieu japonais spécialiste du coup franc;factuel;2;réputation du joueur
HONDA;Honda;5;legendes;Il a joué au Milan avec le numéro dix;factuel;3;maillot emblématique
HONDA;Honda;5;legendes;Cinq lettres qui portent aussi le nom d'une marque;joueur;1;homonymie
HONTE;honte;5;fillfoot;Sentiment d'après une sortie face à un amateur;factuel;1;échec humiliant
HONTE;honte;5;fillfoot;Rentrer sous les sifflets la procure;joueur;1;réaction du public
HONTE;honte;5;fillfoot;Sept encaissés à domicile, elle est totale;joueur;2;déroute
HORAN;Horan;5;feminin;Capitaine américaine du milieu de terrain;factuel;2;brassard national
HORAN;Horan;5;feminin;Elle a joué au PSG très jeune;factuel;3;passage en France
HORAN;Horan;5;feminin;Cinq lettres au volume de course énorme;joueur;2;profil du milieu
HYMNE;hymne;5;culture;On le chante avant le coup d'envoi;factuel;1;protocole international
HYMNE;hymne;5;culture;Celui de la Ligue des champions donne des frissons;factuel;1;musique de la compétition
HYMNE;hymne;5;culture;Cinq lettres reprises par tout un stade;joueur;1;moment collectif
IBROX;Ibrox;5;stades;Enceinte du club bleu de Glasgow;factuel;3;Rangers
IBROX;Ibrox;5;stades;Elle accueille l'autre moitié du derby écossais;factuel;2;Old Firm
IBROX;Ibrox;5;stades;Cinq lettres à la façade de briques rouges;joueur;3;architecture du lieu
IDOLE;idole;5;fillfoot;Joueur adulé par tout un virage;factuel;1;figure du club
IDOLE;idole;5;fillfoot;Son maillot se vend mieux que les autres;factuel;1;popularité
IDOLE;idole;5;fillfoot;Elle vieillit mal en signant chez le rival;joueur;2;trahison ressentie
INCAS;Incas;5;selections;Surnom lié à la sélection péruvienne;factuel;3;héritage andin
INCAS;Incas;5;selections;Le maillot porte une bande rouge en diagonale;factuel;2;tenue reconnaissable
INCAS;Incas;5;selections;Cinq lettres venues d'un empire disparu;joueur;1;étymologie
INSTA;Insta;5;culture;Abrégé du réseau social des photos;factuel;1;troncation courante
INSTA;Insta;5;culture;Les joueurs y annoncent leurs transferts;factuel;1;communication moderne
INSTA;Insta;5;culture;Cinq lettres où se comptent les millions d'abonnés;joueur;1;notoriété chiffrée
INTER;Inter;5;clubs;Club milanais aux rayures noires et bleues;factuel;1;couleurs nerazzurri
INTER;Inter;5;clubs;Finaliste de la Ligue des champions 2025;factuel;2;défaite contre le PSG
INTER;Inter;5;clubs;Cinq lettres qui abrègent aussi international;joueur;2;troncation courante
ISHAK;Ishak;5;actuels;Buteur sur le podium de la Ligue Conférence;factuel;3;huit réalisations
ISHAK;Ishak;5;actuels;Attaquant classé dans la troisième coupe d'Europe;factuel;3;saison 2025-2026
ISHAK;Ishak;5;actuels;Cinq lettres au tableau des artilleurs européens;joueur;2;classement continental
JAMBE;jambe;5;fillfoot;Membre qui frappe et qui encaisse;factuel;1;anatomie du joueur
JAMBE;jambe;5;fillfoot;Sur une seule, on ne dribble pas longtemps;joueur;1;déséquilibre
JAMBE;jambe;5;fillfoot;En avoir de bonnes, c'est tenir le match entier;joueur;1;condition physique
JAMES;James;5;actuels|legendes;Jeune gardien de dix-huit ans du PSG;factuel;3;effectif 2026-2027
JAMES;James;5;actuels|legendes;Portier du groupe parisien de la saison;factuel;3;liste de l'effectif
JAMES;James;5;actuels|legendes;Cinq lettres qui sont aussi un prénom anglais;joueur;1;homonymie
JAMES;James;5;actuels|legendes;Un Colombien meilleur buteur du Mondial 2014;factuel;2;six réalisations
JAPON;Japon;5;selections;Sélection surnommée les Samouraïs bleus;factuel;2;surnom du pays
JAPON;Japon;5;selections;Il a coorganisé le Mondial 2002;factuel;1;avec la Corée du Sud
JAPON;Japon;5;selections;Cinq lettres dont les supporters nettoient les tribunes;joueur;1;habitude remarquée
JARNI;Jarni;5;legendes;Latéral croate troisième du Mondial 1998;factuel;3;podium en France
JARNI;Jarni;5;legendes;Il a joué à la Juventus et au Betis;factuel;3;carrière du joueur
JARNI;Jarni;5;legendes;Cinq lettres au pied gauche redoutable;joueur;3;style du défenseur
JAUGE;jauge;5;stades;Nombre maximal de spectateurs autorisé;factuel;2;règle de sécurité
JAUGE;jauge;5;stades;Elle peut être réduite en cas de sanction;factuel;2;décision disciplinaire
JAUGE;jauge;5;stades;Cinq lettres qui décident du prix des billets;joueur;2;économie du club
JAUNE;jaune;5;vocab;Avertissement brandi par l'homme en noir;factuel;1;carton d'avertissement
JAUNE;jaune;5;vocab;Le cumuler mène à la suspension;factuel;2;sanction par accumulation
JAUNE;jaune;5;vocab;Simuler en rapporte un;joueur;2;simulation sanctionnée
JESUS;Jesus;5;actuels;Attaquant brésilien d'Arsenal;factuel;2;buteur des Gunners
JESUS;Jesus;5;actuels;Il est arrivé de Manchester City en 2022;factuel;2;transfert du joueur
JESUS;Jesus;5;actuels;Cinq lettres au prénom très répandu au Brésil;joueur;1;usage du prénom
JEUDI;jeudi;5;fillfoot;Soir de la seconde épreuve européenne;factuel;2;programmation continentale
JEUDI;jeudi;5;fillfoot;Il précède un week-end raccourci;factuel;1;enchaînement du calendrier
JEUDI;jeudi;5;fillfoot;Y jouer, c'est déjà une consolation;joueur;2;compétition secondaire
JORGE;Jorge;5;coachs;Prénom de techniciens sud-américains réputés;factuel;3;usage hispanique
JORGE;Jorge;5;coachs;Équivalent hispanique de Georges;factuel;2;traduction du prénom
JORGE;Jorge;5;coachs;Cinq lettres fréquentes sur les bancs argentins;joueur;3;prénom courant
JOUER;jouer;5;vocab;Ce que l'arbitre laisse faire sur l'avantage;factuel;2;loi du jeu
JOUER;jouer;5;vocab;Verbe qui a donné son nom au joueur;factuel;1;famille de mots
JOUER;jouer;5;vocab;Cinq lettres devant la montre en fin de match;joueur;1;expression consacrée
KANTE;Kanté;5;actuels;Champion du monde 2018, absent quatre ans plus tard;factuel;2;forfait pour le Qatar
KANTE;Kanté;5;actuels;Récupérateur tricolore parti jouer en Arabie;factuel;2;championnat saoudien
KANTE;Kanté;5;actuels;Il court partout, dit le chant des tribunes;joueur;1;réputation du milieu
KEANE;Keane;5;legendes;Capitaine irlandais de Manchester United;factuel;2;brassard mancunien
KEANE;Keane;5;legendes;Il ne lâchait jamais rien au milieu;factuel;2;réputation du joueur
KEANE;Keane;5;legendes;Cinq lettres devenues consultant redouté;joueur;2;franc-parler télévisé
KEBAB;kebab;5;culture;Ce qu'on mange en sortant du stade;factuel;1;rituel d'après-match
KEBAB;kebab;5;culture;Il se vend juste à côté de l'enceinte;factuel;1;commerce de proximité
KEBAB;kebab;5;culture;Cinq lettres qui refont le match au comptoir;joueur;1;discussion d'après-match
KEITA;Keita;5;legendes;Patronyme porté par plusieurs internationaux africains;factuel;2;nom répandu
KEITA;Keita;5;legendes;L'un d'eux a gagné la C1 avec Liverpool;factuel;2;titre de 2019
KEITA;Keita;5;legendes;Cinq lettres venues du Mali et de Guinée;joueur;2;origine du patronyme
KELLY;Kelly;5;feminin;Son but a offert l'Euro 2022 à l'Angleterre;factuel;1;finale de Wembley
KELLY;Kelly;5;feminin;Elle a fait tourner son maillot en célébrant;factuel;1;image restée célèbre
KELLY;Kelly;5;feminin;Cinq lettres entrées en jeu pour tout changer;joueur;1;remplaçante décisive
KLOPP;Klopp;5;coachs;Technicien allemand adoré à Anfield;factuel;1;Liverpool
KLOPP;Klopp;5;coachs;Il a gagné la Ligue des champions en 2019;factuel;1;titre avec les Reds
KLOPP;Klopp;5;coachs;Cinq lettres qui sautent partout sur le banc;joueur;1;image du technicien
KLOSE;Klose;5;legendes;Meilleur buteur de l'histoire de la Coupe du monde;factuel;1;seize réalisations
KLOSE;Klose;5;legendes;Il célébrait par un salto avant;factuel;1;geste reconnaissable
KLOSE;Klose;5;legendes;Cinq lettres championnes du monde en 2014;joueur;1;titre brésilien
KOFFI;Koffi;5;actuels;Gardien rentré de prêt au RC Lens;factuel;3;mercato de l'été 2026
KOFFI;Koffi;5;actuels;Il a quitté Angers à l'issue de son prêt;factuel;3;retour au club prêteur
KOFFI;Koffi;5;actuels;Cinq lettres rendues à leur propriétaire;joueur;2;fin de prêt
KOFFI;Koffi;5;actuels;Nommé au trophée UNFP du meilleur gardien en 2026;factuel;3;nomination de Ligue 1
KONSA;Konsa;5;actuels;Auteur d'une tête lors de la petite finale 2026;factuel;3;réalisation à la 18e minute
KONSA;Konsa;5;actuels;Défenseur anglais troisième du Mondial;factuel;2;médaille de bronze
KONSA;Konsa;5;actuels;Cinq lettres pour un buteur très inattendu;joueur;2;réalisation surprise
KOVAC;Kovac;5;legendes;Patronyme de deux frères croates internationaux;factuel;3;fratrie balkanique
KOVAC;Kovac;5;legendes;L'un d'eux a entraîné le Bayern puis Dortmund;factuel;3;reconversion
KOVAC;Kovac;5;legendes;Cinq lettres troisièmes du monde en 1998;joueur;3;podium en France
KROOS;Kroos;5;legendes;Milieu allemand champion du monde 2014;factuel;1;titre au Brésil
KROOS;Kroos;5;legendes;Cinq lettres passées du Bayern au Real;factuel;2;carrière du joueur
KROOS;Kroos;5;legendes;Il ne ratait jamais une passe, disait-on;joueur;2;précision technique
LAGOS;Lagos;5;stades;Plus grande ville du Nigeria;factuel;2;géographie
LAGOS;Lagos;5;stades;Cinq lettres au bord du golfe de Guinée;factuel;2;situation du pays
LAGOS;Lagos;5;stades;Métropole des Super Eagles;joueur;2;surnom de la sélection
LANUS;Lanús;5;clubs;Club argentin de la banlieue sud;factuel;3;championnat local
LANUS;Lanús;5;clubs;Il a gagné la Sudamericana en 2013;factuel;3;titre continental
LANUS;Lanús;5;clubs;Cinq lettres grenat de Buenos Aires;joueur;3;couleur du maillot
LASSO;Lasso;5;culture;Série où un coach américain débarque en Angleterre;factuel;2;fiction très populaire
LASSO;Lasso;5;culture;Elle a fait découvrir le foot à un public nouveau;factuel;2;effet de la série
LASSO;Lasso;5;culture;Cinq lettres qui servent aussi à attraper du bétail;joueur;1;homonymie
LAVAL;Laval;5;clubs;Club mayennais surnommé les Tango;factuel;3;couleur du maillot
LAVAL;Laval;5;clubs;Préfecture de la Mayenne;factuel;2;géographie
LAVAL;Laval;5;clubs;Cinq lettres qui se lisent dans les deux sens;joueur;2;palindrome
LAZIO;Lazio;5;clubs;Club romain rival de la Roma;factuel;2;derby de la capitale
LAZIO;Lazio;5;clubs;Nom d'une région italienne;factuel;2;toponymie
LAZIO;Lazio;5;clubs;Cinq lettres en bleu ciel;joueur;2;couleur du maillot
LECCE;Lecce;5;clubs;Club italien du talon de la botte;factuel;3;championnat de Serie A
LECCE;Lecce;5;clubs;Sa ville est surnommée la Florence du Sud;factuel;3;patrimoine baroque
LECCE;Lecce;5;clubs;Cinq lettres jaune et rouge des Pouilles;joueur;3;couleurs du club
LEEDS;Leeds;5;clubs;Promu battu cinq à zéro à Arsenal en août;factuel;3;plus large victoire à domicile
LEEDS;Leeds;5;clubs;Club anglais remonté dans l'élite en 2025;factuel;2;accession du promu
LEEDS;Leeds;5;clubs;Cinq lettres du Yorkshire;joueur;2;implantation du club
LEGIA;Legia;5;clubs;Club polonais de Varsovie;factuel;3;championnat local
LEGIA;Legia;5;clubs;Son nom évoque une origine militaire;factuel;3;histoire du club
LEGIA;Legia;5;clubs;Cinq lettres vert, blanc et rouge;joueur;3;couleurs du club
LIEGE;Liège;5;clubs;Ville belge du club au maillot rouge;factuel;2;le Standard
LIEGE;Liège;5;clubs;Cité wallonne au bord de la Meuse;factuel;2;géographie
LIEGE;Liège;5;clubs;Cinq lettres qui désignent aussi une écorce;joueur;1;homonymie
LIGNE;ligne;5;vocab;Le ballon doit la franchir entièrement;factuel;1;règle de validation
LIGNE;ligne;5;vocab;Celle du hors-jeu se juge au moment du geste;factuel;2;évaluation à la transmission
LIGNE;ligne;5;vocab;De touche, l'entraîneur la longe;joueur;1;zone technique
LIGUE;ligue;5;vocab;Organisation qui gère la compétition;factuel;1;instance du championnat
LIGUE;ligue;5;vocab;Elle sanctionne aussi les débordements;factuel;2;commission de discipline
LIGUE;ligue;5;vocab;Des champions, elle fait rêver l'Europe;joueur;1;épreuve continentale
LILLE;Lille;5;clubs;Club nordiste surnommé les Dogues;factuel;1;surnom du club
LILLE;Lille;5;clubs;Champion de France en 2011 et en 2021;factuel;2;palmarès récent
LILLE;Lille;5;clubs;Cinq lettres qui jouent à Villeneuve-d'Ascq;joueur;2;implantation du stade
LIONS;Lions;5;selections;Ils sont indomptables au Cameroun;factuel;1;surnom camerounais
LIONS;Lions;5;selections;Ils sont de l'Atlas au Maroc, de la Teranga au Sénégal;factuel;2;surnoms partagés
LIONS;Lions;5;selections;Cinq lettres qui rugissent sur trois sélections;joueur;1;surnom très répandu
LIPPI;Lippi;5;coachs;Sélectionneur italien champion du monde en 2006;factuel;1;titre allemand
LIPPI;Lippi;5;coachs;Il avait aussi gagné la C1 avec la Juventus;factuel;2;titre de 1996
LIPPI;Lippi;5;coachs;Cinq lettres aux cheveux blancs et à la cigarette;joueur;2;silhouette du coach
LISTE;liste;5;selections;Groupe de vingt-six noms pour un Mondial;factuel;1;effectif du tournoi
LISTE;liste;5;selections;Celle de 2026 a été annoncée en mai;factuel;1;calendrier des annonces
LISTE;liste;5;selections;Cinq lettres qui font toujours des déçus;joueur;1;joueurs écartés
LLOYD;Lloyd;5;feminin;Américaine auteure d'un triplé en finale mondiale;factuel;2;édition 2015
LLOYD;Lloyd;5;feminin;Un de ses buts venait du rond central;factuel;2;frappe de soixante mètres
LLOYD;Lloyd;5;feminin;Cinq lettres qui ont marqué en seize minutes;joueur;2;performance record
LOPES;Lopes;5;actuels;Gardien arrivé libre en provenance de Nantes;factuel;3;mercato de l'été 2026
LOPES;Lopes;5;actuels;Portier expérimenté du championnat de France;factuel;2;profil du joueur
LOPES;Lopes;5;actuels;Cinq lettres et un patronyme très lusophone;joueur;1;nom répandu
LOPEZ;López;5;actuels;Avant-centre argentin appelé comme doublure;factuel;3;option offensive de Scaloni
LOPEZ;López;5;actuels;Buteur venu du championnat brésilien;factuel;3;parcours du joueur
LOPEZ;López;5;actuels;Cinq lettres et un patronyme très répandu;joueur;1;nom courant
LOUIS;Louis;5;actuels;Prénom du gardien français arrivé au PSG;factuel;3;portier parisien
LOUIS;Louis;5;actuels;Prénom porté par de nombreux rois de France;factuel;1;histoire de France
LOUIS;Louis;5;actuels;Cinq lettres qui nomment un stade monégasque;joueur;2;enceinte de la principauté
LOUPE;loupe;5;fillfoot;Instrument sous lequel on repasse l'action;factuel;1;analyse au ralenti
LOUPE;loupe;5;fillfoot;Le geste litigieux y passe toute la semaine;joueur;1;polémique d'après-match
LOUPE;loupe;5;fillfoot;Elle grossit le moindre défaut d'un jeune;joueur;2;pression médiatique
LUCEA;Lucea;5;actuels;Jeune défenseur de l'effectif parisien;factuel;3;saison 2026-2027
LUCEA;Lucea;5;actuels;Il figure dans le groupe du Paris Saint-Germain;factuel;3;liste de la saison
LUCEA;Lucea;5;actuels;Cinq lettres issues de la formation du club;joueur;2;produit maison
LUCIO;Lucio;5;legendes;Défenseur brésilien champion du monde en 2002;factuel;2;titre asiatique
LUCIO;Lucio;5;legendes;Il a réalisé le triplé avec l'Inter en 2010;factuel;2;saison historique
LUCIO;Lucio;5;legendes;Cinq lettres qui montaient balle au pied;joueur;2;style du central
LUNIN;Lunin;5;actuels;Gardien ukrainien du Real Madrid;factuel;3;doublure madrilène
LUNIN;Lunin;5;actuels;Il a gardé les buts lors du sacre européen de 2024;factuel;3;blessure de Courtois
LUNIN;Lunin;5;actuels;Cinq lettres qui attendent leur tour;joueur;3;situation du portier
LUTON;Luton;5;clubs;Club anglais remonté dans l'élite en 2023;factuel;3;accession du club
LUTON;Luton;5;clubs;Sa ville abrite un aéroport très fréquenté;factuel;2;équipement local
LUTON;Luton;5;clubs;Cinq lettres orange et bleu marine;joueur;3;couleurs du club
LYCEE;lycée;5;feminin;Étape où beaucoup abandonnent la pratique;factuel;2;décrochage sportif
LYCEE;lycée;5;feminin;Certains proposent un aménagement d'emploi du temps;factuel;2;dispositif scolaire
LYCEE;lycée;5;feminin;Cinq lettres où tout se joue pour une carrière;joueur;1;âge charnière
MAINS;mains;5;vocab;Interdites à tous sauf au portier;factuel;1;loi du jeu
MAINS;mains;5;vocab;Cinq lettres qui font débat sur chaque centre;joueur;1;appréciation arbitrale
MAINS;mains;5;vocab;Le gardien les protège avec des gants;factuel;1;équipement du poste
MAJRI;Majri;5;feminin;Milieu française spécialiste des coups francs;factuel;3;qualité de la joueuse
MAJRI;Majri;5;feminin;Elle a passé de longues années à Lyon;factuel;3;fidélité au club
MAJRI;Majri;5;feminin;Cinq lettres au pied gauche très pur;joueur;2;style de la joueuse
MALEN;Malen;5;actuels;Deuxième buteur de Serie A en 2025-2026;factuel;2;quatorze réalisations
MALEN;Malen;5;actuels;Attaquant néerlandais du championnat italien;factuel;3;profil du joueur
MALEN;Malen;5;actuels;Cinq lettres derrière le meilleur artilleur transalpin;joueur;2;classement de la saison
MALMO;Malmö;5;clubs;Club suédois finaliste européen en 1979;factuel;3;parcours continental
MALMO;Malmö;5;clubs;Cinq lettres du sud de la Suède;factuel;2;géographie
MALMO;Malmö;5;clubs;Il a formé un grand attaquant suédois;joueur;2;centre de formation
MAMAN;maman;5;feminin;Elle conduit à l'entraînement le mercredi;factuel;1;rôle des parents
MAMAN;maman;5;feminin;Certaines joueuses le deviennent en pleine carrière;factuel;2;maternité et sport
MAMAN;maman;5;feminin;Cinq lettres qui crient plus fort que le coach;joueur;1;image du bord de touche
MARCA;Marca;5;culture;Quotidien sportif espagnol;factuel;2;presse madrilène
MARCA;Marca;5;culture;Son nom signifie marque en espagnol;factuel;2;traduction
MARCA;Marca;5;culture;Cinq lettres qui font la loi en Liga;joueur;3;influence médiatique
MARCO;Marco;5;legendes;Prénom du triple Ballon d'Or néerlandais;factuel;3;buteur d'Amsterdam
MARCO;Marco;5;legendes;Prénom masculin très répandu en Italie;factuel;1;usage transalpin
MARCO;Marco;5;legendes;Cinq lettres devant Polo chez un voyageur;joueur;1;homonymie
MARDI;mardi;5;fillfoot;Jour du retour à l'entraînement;factuel;1;reprise après le week-end
MARDI;mardi;5;fillfoot;Soir de la grande épreuve continentale;factuel;2;programmation européenne
MARDI;mardi;5;fillfoot;La défaite se digère enfin ce jour-là;joueur;1;lendemain de match
MARGE;marge;5;vocab;Écart de points sur le premier poursuivant;factuel;1;avance au classement
MARGE;marge;5;vocab;De progression, elle rassure sur un jeune;factuel;2;potentiel d'évolution
MARGE;marge;5;vocab;En avoir permet de gérer tranquillement;joueur;1;confort au classement
MARIO;Mario;5;legendes;Prénom du meilleur buteur du Mondial 1982;factuel;3;attaquant italien
MARIO;Mario;5;legendes;Prénom masculin très répandu en Italie;factuel;1;usage transalpin
MARIO;Mario;5;legendes;Cinq lettres qui évoquent aussi un plombier;joueur;1;homonymie
MAROC;Maroc;5;selections;Demi-finaliste du Mondial 2022;factuel;1;meilleur résultat africain
MAROC;Maroc;5;selections;Il était dans le groupe du Brésil en 2026;factuel;2;tirage du Mondial
MAROC;Maroc;5;selections;Cinq lettres surnommées les Lions de l'Atlas;joueur;1;surnom du pays
MARTA;Marta;5;feminin;Brésilienne six fois meilleure joueuse du monde;factuel;1;record absolu
MARTA;Marta;5;feminin;Elle a marqué dans six Coupes du monde;factuel;1;longévité record
MARTA;Marta;5;feminin;Cinq lettres surnommées Pelé en jupons;joueur;1;comparaison consacrée
MATCH;match;5;vocab;Deux fois quarante-cinq minutes;factuel;1;durée réglementaire
MATCH;match;5;vocab;Il se joue à vingt-deux sur la pelouse;factuel;1;effectif sur le terrain
MATCH;match;5;vocab;Nul, il ne satisfait personne;joueur;1;résultat de parité
MATEO;Mateo;5;feminin;Milieu française internationale;factuel;3;entrejeu des Bleues
MATEO;Mateo;5;feminin;Elle est passée par Lyon et Montpellier;factuel;3;carrière de la joueuse
MATEO;Mateo;5;feminin;Cinq lettres qui sont aussi un prénom masculin;joueur;1;homonymie
MBAYE;Mbaye;5;actuels;Jeune attaquant sénégalais évoluant à Paris;factuel;3;club français
MBAYE;Mbaye;5;actuels;Retenu pour le Mondial 2026;factuel;1;liste de Pape Thiaw
MBAYE;Mbaye;5;actuels;Cinq lettres montées du centre de formation;joueur;2;parcours du joueur
MBOCK;Mbock;5;feminin;Défenseure centrale française internationale;factuel;2;charnière des Bleues
MBOCK;Mbock;5;feminin;Elle a été capitaine de la sélection;factuel;2;brassard tricolore
MBOCK;Mbock;5;feminin;Cinq lettres impossibles à passer dans les airs;joueur;2;jeu aérien de la défenseure
MEDEL;Medel;5;legendes;Milieu chilien surnommé le Pitbull;factuel;3;réputation du joueur
MEDEL;Medel;5;legendes;Il pouvait jouer défenseur central malgré sa taille;factuel;3;polyvalence du joueur
MEDEL;Medel;5;legendes;Cinq lettres qui ne lâchaient jamais un duel;joueur;3;engagement du milieu
MEDIA;média;5;fillfoot;Support de diffusion de l'information;factuel;1;acception courante
MEDIA;média;5;fillfoot;Ils s'invitent en conférence d'après-match;factuel;1;presse et télévision
MEDIA;média;5;fillfoot;Le joueur les évite après une contre-performance;joueur;1;zone mixte esquivée
MEHDI;Mehdi;5;legendes;Prénom porté par des internationaux nord-africains;factuel;3;usage courant
MEHDI;Mehdi;5;legendes;Prénom masculin d'origine arabe;factuel;2;étymologie
MEHDI;Mehdi;5;legendes;Cinq lettres fréquentes chez les Lions de l'Atlas;joueur;3;prénom répandu
MEITE;Meïté;5;actuels;Patronyme porté par plusieurs internationaux;factuel;3;nom répandu
MEITE;Meïté;5;actuels;L'un d'eux a joué à Monaco et au Torino;factuel;3;carrière du joueur
MEITE;Meïté;5;actuels;Cinq lettres venues de Côte d'Ivoire;joueur;3;origine du patronyme
MENDY;Mendy;5;actuels;Gardien sénégalais retenu pour le Mondial 2026;factuel;1;liste de Pape Thiaw
MENDY;Mendy;5;actuels;Portier cadre des Lions de la Teranga;factuel;1;statut en sélection
MENDY;Mendy;5;actuels;Cinq lettres très répandues au Sénégal;joueur;1;patronyme courant
MENER;mener;5;vocab;Ce que fait l'équipe qui a marqué la première;factuel;1;avantage au score
MENER;mener;5;vocab;Verbe qui a donné son nom au meneur;factuel;2;famille de mots
MENER;mener;5;vocab;Cinq lettres devant deux à zéro à la pause;joueur;1;situation de match
MENEZ;Ménez;5;legendes;Attaquant français passé par Rome, Paris et Milan;factuel;3;carrière du joueur
MENEZ;Ménez;5;legendes;Il a marqué une talonnade en Serie A;factuel;3;geste très commenté
MENEZ;Ménez;5;legendes;Cinq lettres au talent aussi grand que l'irrégularité;joueur;2;réputation du joueur
MERLU;Merlu;5;clubs;Poisson qui donne son surnom au club lorientais;factuel;3;emblème du club
MERLU;Merlu;5;clubs;Espèce pêchée au large de la Bretagne;factuel;3;faune marine
MERLU;Merlu;5;clubs;Cinq lettres orange et noir;joueur;3;couleurs du maillot
MESSI;Messi;5;actuels;Il a disputé sa troisième finale mondiale;factuel;1;2014, 2022 et 2026
MESSI;Messi;5;actuels;Deuxième joueur à réussir cela après Cafu;factuel;3;record de finales disputées
MESSI;Messi;5;actuels;Huit réalisations au Mondial 2026;factuel;2;deuxième des buteurs
MESSI;Messi;5;actuels;Battu à New York, il a marqué l'histoire quand même;joueur;1;finale perdue
MEUTE;meute;5;fillfoot;Groupe d'animaux servant d'image aux tribunes;factuel;2;métaphore consacrée
MEUTE;meute;5;fillfoot;Les fidèles en forment une derrière la cage;factuel;1;masse du virage
MEUTE;meute;5;fillfoot;Le pressing collectif y ressemble beaucoup;joueur;1;chasse au porteur
MIAMI;Miami;5;stades;Ville hôte de la petite finale du Mondial 2026;factuel;2;Angleterre contre France
MIAMI;Miami;5;stades;Messi y a signé après son passage parisien;factuel;2;club de Floride
MIAMI;Miami;5;stades;Cité balnéaire du sud des États-Unis;joueur;1;géographie
MICRO;micro;5;culture;Objet tendu au joueur à sa sortie du terrain;factuel;1;outil du journaliste
MICRO;micro;5;culture;Certains l'évitent après une contre-performance;factuel;1;zone mixte esquivée
MICRO;micro;5;culture;Cinq lettres qui captent aussi les insultes;joueur;2;incident de retransmission
MILAN;Milan;5;clubs;Ville italienne à deux clubs rivaux;factuel;1;derby de la Madonnina
MILAN;Milan;5;clubs;Cinq lettres qui ont recruté Ramos en 2026;factuel;3;transfert à 74 millions
MILAN;Milan;5;clubs;Rapace qui donne aussi son nom à la ville;joueur;2;homonymie
MILLA;Milla;5;legendes;Sa danse au poteau de corner a fait le tour du monde;factuel;1;Mondial 1990
MILLA;Milla;5;legendes;Il a marqué en Coupe du monde à quarante-deux ans;factuel;2;record de précocité inversé
MILLA;Milla;5;legendes;Cinq lettres qui ont porté le Cameroun en quart;joueur;1;épopée de 1990
MILLE;mille;5;vocab;Nombre de buts atteint par de rares légendes;factuel;2;record de carrière
MILLE;mille;5;vocab;Cinq lettres devant sabords chez un capitaine;joueur;1;homonymie
MILLE;mille;5;vocab;Il en faut beaucoup pour remplir un grand stade;factuel;1;affluence
MINOT;minot;5;vocab;Jeune du centre de formation, à Marseille;factuel;3;argot local
MINOT;minot;5;vocab;Il débarque à dix-sept ans sans aucune peur;joueur;2;jeune pousse
MINOT;minot;5;vocab;Le public l'adopte plus vite que la recrue;joueur;2;attachement au joueur formé
MOFFI;Moffi;5;actuels;Attaquant revenu de prêt du FC Porto;factuel;3;retour à Nice
MOFFI;Moffi;5;actuels;Buteur nigérian passé par la Ligue 1;factuel;3;profil du joueur
MOFFI;Moffi;5;actuels;Cinq lettres rentrées au bercail;joueur;2;fin de prêt
MOLDE;Molde;5;clubs;Club norvégien entraîné jadis par Solskjaer;factuel;3;passage du technicien
MOLDE;Molde;5;clubs;Il est installé sur la côte ouest du pays;factuel;3;géographie
MOLDE;Molde;5;clubs;Cinq lettres bleu ciel de Norvège;joueur;3;couleurs du club
MONDE;monde;5;competitions;Il complète le nom de l'épreuve reine;factuel;1;Coupe du monde
MONDE;monde;5;competitions;Cette épreuve se dispute tous les quatre ans;factuel;1;cycle de la compétition
MONDE;monde;5;competitions;L'Espagne en est championne depuis 2026;joueur;1;titre conquis à New York
MONZA;Monza;5;clubs;Club lombard monté en Serie A en 2022;factuel;3;première accession
MONZA;Monza;5;clubs;Sa ville abrite un circuit automobile célèbre;factuel;2;autodrome national
MONZA;Monza;5;clubs;Cinq lettres rouge et blanc;joueur;3;couleurs du club
MOORE;Moore;5;legendes;Capitaine anglais champion du monde en 1966;factuel;2;titre à Wembley
MOORE;Moore;5;legendes;Il a soulevé la coupe Jules-Rimet;factuel;2;trophée de l'époque
MOORE;Moore;5;legendes;Défenseur dont Pelé saluait l'élégance;joueur;3;réputation du joueur
MOTTA;Motta;5;coachs;Technicien italo-brésilien passé par la Juventus;factuel;2;banc turinois
MOTTA;Motta;5;coachs;Il avait été milieu du triplé de l'Inter;factuel;2;joueur puis coach
MOTTA;Motta;5;coachs;Cinq lettres qui ont aussi joué au PSG;joueur;2;carrière du joueur
MOUNT;Mount;5;legendes;Milieu anglais vainqueur de la C1 avec Chelsea;factuel;2;titre de 2021
MOUNT;Mount;5;legendes;Il a été formé au club qu'il a fait gagner;factuel;2;produit maison
MOUNT;Mount;5;legendes;Cinq lettres qui signifient monter en anglais;joueur;1;traduction
MOYES;Moyes;5;coachs;Technicien écossais successeur de Ferguson;factuel;2;Manchester United
MOYES;Moyes;5;coachs;Il a gagné la Ligue Conférence avec West Ham;factuel;2;titre de 2023
MOYES;Moyes;5;coachs;Cinq lettres surtout associées à Everton;joueur;2;carrière du coach
MUNOZ;Muñoz;5;actuels;Ailier appelé après une grosse saison à Osasuna;factuel;3;forme du joueur
MUNOZ;Muñoz;5;actuels;Il découvrait la phase finale mondiale en 2026;factuel;2;première convocation
MUNOZ;Muñoz;5;actuels;Cinq lettres pour une surprise de la liste;joueur;2;sélection inattendue
MURAL;mural;5;culture;Adjectif d'une fresque peinte sur un bâtiment;factuel;1;art urbain
MURAL;mural;5;culture;Le mur jaune de Dortmund n'en est pas un;joueur;2;faux ami
MURAL;mural;5;culture;Cinq lettres qui qualifient ce qui tient au mur;factuel;1;acception courante
MUSEE;musée;5;culture;Lieu du club où sont exposés les trophées;factuel;1;patrimoine du club
MUSEE;musée;5;culture;Les grands clubs le font visiter aux touristes;factuel;1;activité commerciale
MUSEE;musée;5;culture;Cinq lettres où l'on entre sans voir de match;joueur;1;visite du stade
MYTHE;mythe;5;fillfoot;Récit qu'un exploit finit par engendrer;factuel;1;construction de la légende
MYTHE;mythe;5;fillfoot;Certains y accèdent de leur vivant;factuel;2;statut légendaire
MYTHE;mythe;5;fillfoot;Il grossit chaque fois qu'on le raconte;joueur;1;embellissement du souvenir
NANCY;Nancy;5;clubs;Club lorrain vainqueur d'une coupe nationale;factuel;3;palmarès du club
NANCY;Nancy;5;clubs;Cinq lettres qui ont vu débuter Platini;factuel;2;formation du joueur
NANCY;Nancy;5;clubs;Sa place Stanislas est classée au patrimoine;joueur;2;patrimoine local
NASRI;Nasri;5;legendes;Milieu français passé par Arsenal et Manchester City;factuel;2;carrière anglaise
NASRI;Nasri;5;legendes;Il a été champion d'Angleterre deux fois;factuel;2;palmarès du joueur
NASRI;Nasri;5;legendes;Cinq lettres au talent que tout le monde saluait;joueur;2;réputation du joueur
NASSR;Nassr;5;clubs;Club saoudien de Cristiano Ronaldo;factuel;1;championnat local
NASSR;Nassr;5;clubs;João Félix y a rejoint le Portugais;factuel;3;effectif du club
NASSR;Nassr;5;clubs;Cinq lettres jaune et bleu de Riyad;joueur;2;couleurs du club
NAVAS;Navas;5;legendes;Patronyme d'un gardien costaricien célèbre;factuel;2;portier du Real
NAVAS;Navas;5;legendes;Il est aussi porté par un ailier espagnol de Séville;factuel;3;homonymie
NAVAS;Navas;5;legendes;Cinq lettres à trois Ligues des champions;joueur;2;palmarès du gardien
NECIB;Necib;5;feminin;Meneuse française surnommée la Zidane du foot féminin;factuel;2;comparaison consacrée
NECIB;Necib;5;feminin;Elle a joué à Lyon et à Barcelone;factuel;2;carrière de la joueuse
NECIB;Necib;5;feminin;Cinq lettres au talent technique salué partout;joueur;2;réputation de la joueuse
NEIGE;neige;5;fillfoot;Elle fait ressortir le ballon orange;factuel;1;ballon coloré par temps blanc
NEIGE;neige;5;fillfoot;Elle fait reporter la rencontre;factuel;1;terrain impraticable
NEIGE;neige;5;fillfoot;Les traceurs repassent les lignes en bleu;joueur;2;adaptation du marquage
NERFS;nerfs;5;fillfoot;Ils lâchent après trois décisions litigieuses;factuel;1;perte de contrôle
NERFS;nerfs;5;fillfoot;La séance des onze mètres les met à vif;joueur;1;tension du départage
NERFS;nerfs;5;fillfoot;En avoir d'acier, c'est tirer le dernier;joueur;1;sang-froid
NESTA;Nesta;5;legendes;Défenseur italien champion du monde en 2006;factuel;2;titre allemand
NESTA;Nesta;5;legendes;Cinq lettres passées de la Lazio à Milan;factuel;3;carrière du joueur
NESTA;Nesta;5;legendes;Central réputé pour son élégance;joueur;2;style du défenseur
NEUER;Neuer;5;actuels;Portier allemand sorti de sa retraite internationale;factuel;1;rappel de mai 2026
NEUER;Neuer;5;actuels;Il disputait sa cinquième phase finale mondiale;factuel;2;après 2010, 2014, 2018 et 2022
NEUER;Neuer;5;actuels;Cinq lettres plus âgées que leur sélectionneur;joueur;2;quarante ans contre trente-huit
NEVES;Neves;5;actuels;Jeune milieu portugais né en 2004;factuel;2;génération montante
NEVES;Neves;5;actuels;Il évoluait à Paris avant le Mondial 2026;factuel;2;club français
NEVES;Neves;5;actuels;Cinq lettres annoncées comme la future star;joueur;1;espoir de la sélection
NIMES;Nîmes;5;clubs;Club gardois surnommé les Crocodiles;factuel;3;emblème de la ville
NIMES;Nîmes;5;clubs;Cinq lettres trois fois vice-championnes de France;factuel;3;palmarès du club
NIMES;Nîmes;5;clubs;Sa ville possède des arènes romaines;joueur;2;patrimoine local
NIORT;Niort;5;clubs;Club des Deux-Sèvres passé par la Ligue 2;factuel;3;football français
NIORT;Niort;5;clubs;Préfecture des Deux-Sèvres;factuel;2;géographie
NIORT;Niort;5;clubs;Cinq lettres aux portes du Marais poitevin;joueur;3;situation locale
NOTIF;notif;5;culture;Alerte qui annonce un but sur le téléphone;factuel;1;usage numérique
NOTIF;notif;5;culture;Elle arrive avant que l'image ne soit diffusée;joueur;1;décalage du direct
NOTIF;notif;5;culture;Cinq lettres abrégées d'un mot plus long;factuel;1;troncation courante
NOYAU;noyau;5;vocab;Groupe de cadres autour duquel on bâtit;factuel;2;ossature de l'effectif
NOYAU;noyau;5;vocab;Dur, il fait la loi dans le vestiaire;joueur;2;expression consacrée
NOYAU;noyau;5;vocab;Le garder vaut mieux que tout acheter;joueur;1;stabilité de l'effectif
NUBEL;Nübel;5;actuels;Troisième gardien allemand au Mondial 2026;factuel;2;hiérarchie de la Mannschaft
NUBEL;Nübel;5;actuels;Portier retenu par Nagelsmann pour l'Amérique;factuel;1;liste de mai 2026
NUBEL;Nübel;5;actuels;Cinq lettres avec un tréma perdu en grille;joueur;2;orthographe allemande
NUNES;Nunes;5;actuels;Milieu portugais évoluant à Manchester City;factuel;2;club anglais
NUNES;Nunes;5;actuels;Il complète le trio des Citizens en sélection;factuel;3;contingent du club
NUNES;Nunes;5;actuels;Cinq lettres au milieu du terrain lusitanien;joueur;1;poste du joueur
OBLAK;Oblak;5;legendes;Gardien slovène emblématique de l'Atlético;factuel;2;carrière madrilène
OBLAK;Oblak;5;legendes;Il a remporté cinq fois le trophée du meilleur portier;factuel;3;record espagnol
OBLAK;Oblak;5;legendes;Cinq lettres qui encaissaient très peu;joueur;2;statistiques du gardien
OLISE;Olise;5;actuels;Ailier tricolore évoluant en Bavière;factuel;2;club allemand
OLISE;Olise;5;actuels;Il a marqué dès l'entrée en qualifications;factuel;3;but contre l'Ukraine
OLISE;Olise;5;actuels;Cinq lettres pour un gaucher élégant;joueur;1;profil du joueur
OMBRE;ombre;5;vocab;Zone sans lumière où travaillent les discrets;factuel;1;rôle peu médiatisé
OMBRE;ombre;5;vocab;Le récupérateur y passe toute sa carrière;joueur;2;poste ingrat
OMBRE;ombre;5;vocab;Elle plane sur le club après un échec;joueur;2;souvenir pesant
ONANA;Onana;5;actuels;Gardien camerounais de Manchester United;factuel;2;portier des Red Devils
ONANA;Onana;5;actuels;Il a joué la finale de C1 avec l'Inter en 2023;factuel;2;parcours du joueur
ONANA;Onana;5;actuels;Cinq lettres très à l'aise au pied;joueur;2;style du gardien
ORAGE;orage;5;fillfoot;Il fait interrompre la rencontre par sécurité;factuel;1;suspension du match
ORAGE;orage;5;fillfoot;La foudre le suit et tout le monde rentre;factuel;2;protocole météo
ORAGE;orage;5;fillfoot;Il gronde dans le vestiaire après la défaite;joueur;1;tension interne
OSAKA;Osaka;5;stades;Deuxième ville du Japon;factuel;2;géographie
OSAKA;Osaka;5;stades;Elle a reçu des rencontres du Mondial 2002;factuel;3;édition asiatique
OSAKA;Osaka;5;stades;Cinq lettres de la région du Kansai;joueur;3;géographie japonaise
PABLO;Pablo;5;legendes;Prénom hispanique très répandu;factuel;1;usage courant
PABLO;Pablo;5;legendes;Équivalent espagnol de Paul;factuel;2;traduction du prénom
PABLO;Pablo;5;legendes;Cinq lettres portées aussi par un peintre célèbre;joueur;1;homonymie
PAJOR;Pajor;5;feminin;Buteuse polonaise arrivée au Barça en 2024;factuel;3;transfert de la joueuse
PAJOR;Pajor;5;feminin;Elle avait tout gagné en Allemagne;factuel;3;carrière précédente
PAJOR;Pajor;5;feminin;Cinq lettres qui marquent presque à chaque match;joueur;2;rendement de la buteuse
PANNA;panna;5;culture;Petit pont, en néerlandais;factuel;2;terme du football de rue
PANNA;panna;5;culture;Des tournois entiers lui sont consacrés;factuel;2;discipline urbaine
PANNA;panna;5;culture;Cinq lettres qui mettent fin au duel;joueur;2;règle du jeu de rue
PAOLO;Paolo;5;legendes;Prénom du capitaine emblématique de Milan;factuel;3;défenseur rossonero
PAOLO;Paolo;5;legendes;Équivalent italien de Paul;factuel;2;traduction du prénom
PAOLO;Paolo;5;legendes;Cinq lettres d'un seul club toute une vie;joueur;2;fidélité absolue
PAPIN;Papin;5;legendes;Ballon d'Or français de 1991;factuel;1;attaquant marseillais
PAPIN;Papin;5;legendes;Une reprise acrobatique porte son nom;factuel;1;geste éponyme
PAPIN;Papin;5;legendes;Cinq lettres qui marquaient de partout;joueur;1;instinct du buteur
PARIS;Paris;5;clubs;Ville à deux clubs professionnels;factuel;2;deux équipes en Ligue 1
PARIS;Paris;5;clubs;Cinq lettres double championnes d'Europe;factuel;1;2025 et 2026
PARIS;Paris;5;clubs;Elles désignent aussi des mises d'argent;joueur;1;homonymie
PARKA;parka;5;culture;Manteau chaud du spectateur de janvier;factuel;1;tenue de tribune
PARKA;parka;5;culture;Elle ne suffit jamais après la mi-temps;joueur;1;réalité du gradin
PARKA;parka;5;culture;Cinq lettres venues du vocabulaire inuit;factuel;2;étymologie
PARMA;Parme;5;clubs;Club italien vainqueur de deux Coupes UEFA;factuel;3;1995 et 1999
PARMA;Parme;5;clubs;Sa ville est connue pour son jambon;factuel;1;spécialité locale
PARMA;Parme;5;clubs;Cinq lettres jaune et bleu d'Émilie;joueur;3;couleurs du club
PASSE;passe;5;vocab;Transmission entre deux partenaires;factuel;1;geste de base
PASSE;passe;5;vocab;En profondeur, elle casse la ligne;factuel;2;transmission verticale
PASSE;passe;5;vocab;Décisive, elle vaut presque un but;joueur;1;statistique de l'assist
PASSE;passe;5;vocab;Xavi en a fait un art;joueur;3;milieu emblématique du Barça
PATTE;patte;5;fillfoot;Celle du technicien se voit dans le jeu produit;factuel;2;signature d'un entraîneur
PATTE;patte;5;fillfoot;Il pose la sienne sur le ballon avant de frapper;factuel;1;placement avant le coup franc
PATTE;patte;5;fillfoot;Il a une bonne gauche, dit-on de lui;joueur;1;qualité de frappe
PAYET;Payet;5;legendes;Son coup franc a lancé l'Euro 2016 des Bleus;factuel;1;match d'ouverture
PAYET;Payet;5;legendes;Meneur réunionnais idole du Vélodrome;factuel;2;passage à Marseille
PAYET;Payet;5;legendes;Cinq lettres imprévisibles sur phase arrêtée;joueur;1;spécialité du joueur
PEDRI;Pedri;5;actuels;Milieu entré en jeu lors de la finale 2026;factuel;2;seconde période
PEDRI;Pedri;5;actuels;Métronome de la Roja championne du monde;factuel;1;rôle dans l'équipe
PEDRI;Pedri;5;actuels;Cinq lettres et une horloge dans les pieds;joueur;2;style de jeu
PERDU;perdu;5;vocab;Participe passé du verbe perdre;factuel;1;conjugaison
PERDU;perdu;5;vocab;Ce qu'est le ballon cédé à l'adversaire;factuel;1;fin de possession
PERDU;perdu;5;vocab;Cinq lettres devant de vue par le marquage;joueur;2;défaillance défensive
PEREZ;Pérez;5;actuels;Lauréat du trophée Zarra du meilleur buteur espagnol;factuel;3;dix-neuf réalisations
PEREZ;Pérez;5;actuels;Ses buts ont qualifié Villarreal pour l'Europe;factuel;3;saison décisive
PEREZ;Pérez;5;actuels;Cinq lettres et un patronyme très répandu;joueur;1;nom courant
PERLE;perle;5;vocab;Jeune talent repéré très tôt;factuel;2;pépite de la formation
PERLE;perle;5;vocab;Les recruteurs la cherchent partout;factuel;1;objectif du repérage
PERLE;perle;5;vocab;Rare, elle se protège d'une clause;joueur;2;valorisation d'un espoir
PEROU;Pérou;5;selections;Sélection andine au maillot à bande diagonale;factuel;2;tenue reconnaissable
PEROU;Pérou;5;selections;Elle a disputé le Mondial 2018 après une longue attente;factuel;3;retour de trente-six ans
PEROU;Pérou;5;selections;Cinq lettres d'une expression sur la richesse;joueur;1;ce n'est pas le Pérou
PERTE;perte;5;vocab;Ballon cédé à l'adversaire;factuel;1;fin de possession
PERTE;perte;5;vocab;Elle déclenche la pression adverse;factuel;2;transition défensive
PERTE;perte;5;vocab;De temps volontaire, elle agace tout le monde;joueur;1;antijeu de fin de match
PETIT;Petit;5;legendes;Auteur du troisième but de la finale 1998;factuel;1;contre-attaque finale
PETIT;Petit;5;legendes;Milieu français à la longue chevelure blonde;factuel;2;silhouette culte
PETIT;Petit;5;legendes;Cinq lettres qui contredisent son gabarit;joueur;1;homonymie amusante
PHASE;phase;5;competitions;Celle de groupes précède l'élimination directe;factuel;1;structure du tournoi
PHASE;phase;5;competitions;Finale, elle commence en seizièmes depuis 2026;factuel;2;format à quarante-huit
PHASE;phase;5;competitions;Cinq lettres qui découpent une compétition;joueur;1;organisation de l'épreuve
PIEDS;pieds;5;vocab;On joue avec, sauf le gardien dans sa surface;factuel;1;règle de base
PIEDS;pieds;5;vocab;Cinq lettres devant sur terre chez un technicien;joueur;1;expression consacrée
PIEDS;pieds;5;vocab;Ils sont chaussés de crampons;factuel;1;équipement du joueur
PIEGE;piège;5;vocab;Celui du hors-jeu se tend à l'unisson;factuel;2;montée de la ligne défensive
PIEGE;piège;5;vocab;Toute la défense avance d'un pas ensemble;joueur;2;geste collectif
PIEGE;piège;5;vocab;L'attaquant tombe dedans et lève les bras;joueur;1;position illicite
PIQUE;piqué;5;vocab;Frappe qui monte puis retombe vite;factuel;2;trajectoire coupée
PIQUE;piqué;5;vocab;Panenka l'a rendu célèbre en 1976;joueur;2;penalty en finale de l'Euro
PIQUE;piqué;5;vocab;Le gardien plonge, le ballon flotte;joueur;2;tir en douceur
PIQUE;piqué;5;vocab;Un défenseur du Barça portait ce patronyme;factuel;2;champion du monde 2010
PIRES;Pirès;5;legendes;Champion du monde 1998 devenu Invincible;factuel;2;Arsenal en 2004
PIRES;Pirès;5;legendes;Élu meilleur joueur du championnat anglais en 2002;factuel;3;distinction de la saison
PIRES;Pirès;5;legendes;Cinq lettres au pied gauche très soyeux;joueur;2;style du joueur
PIRLO;Pirlo;5;legendes;Architecte du milieu italien sacré en 2006;factuel;1;champion du monde
PIRLO;Pirlo;5;legendes;Sa Panenka a fait plier les Anglais;factuel;2;Euro 2012
PIRLO;Pirlo;5;legendes;Cinq lettres qui jouaient la tête haute;joueur;2;vision du jeu
PISTE;piste;5;stades;Anneau d'athlétisme qui éloigne le public;factuel;1;équipement de certains stades
PISTE;piste;5;stades;Les supporters la détestent;joueur;1;éloignement du terrain
PISTE;piste;5;stades;Cinq lettres souvent supprimées lors des rénovations;factuel;2;évolution des enceintes
PIVOT;pivot;5;vocab;Attaquant qui joue dos à la cage;factuel;2;point d'appui offensif
PIVOT;pivot;5;vocab;Il remise pour ses partenaires lancés;factuel;2;rôle tactique
PIVOT;pivot;5;vocab;Grand costaud qui dévie de la tête;joueur;2;attaquant de remise
PIZZA;pizza;5;culture;Ce qu'on commande pour un match en soirée;factuel;1;habitude du spectateur
PIZZA;pizza;5;culture;Elle arrive toujours pendant l'action décisive;joueur;1;loi du canapé
PIZZA;pizza;5;culture;Cinq lettres venues d'Italie;factuel;1;origine du plat
PLEIN;plein;5;vocab;Le stade l'est un soir de derby;factuel;1;affluence maximale
PLEIN;plein;5;vocab;Le tir arrive au beau milieu du cadre;factuel;2;frappe centrée
PLEIN;plein;5;vocab;À craquer, il donne des ailes;joueur;1;ambiance du stade
PLUIE;pluie;5;fillfoot;Elle rend la pelouse bien plus rapide;factuel;1;effet sur le terrain
PLUIE;pluie;5;fillfoot;Le portier la craint sur ses prises;joueur;1;ballon glissant
PLUIE;pluie;5;fillfoot;De buts, elle réjouit les tribunes;joueur;1;expression consacrée
POGBA;Pogba;5;actuels;Ancien milieu de Manchester United et de la Juventus;factuel;1;carrière du joueur
POGBA;Pogba;5;actuels;Il n'a disputé que six matchs en 2025-2026;factuel;3;saison à Monaco
POGBA;Pogba;5;actuels;Cinq lettres relancées sur le Rocher;joueur;2;passage en principauté
POING;poing;5;fillfoot;Le portier repousse le centre avec;factuel;1;dégagement du gardien
POING;poing;5;fillfoot;Serré, il salue le virage après le succès;joueur;1;geste de célébration
POING;poing;5;fillfoot;Le brandir, c'est signifier qu'on y croit;joueur;1;geste d'encouragement
POINT;point;5;vocab;Trois pour un succès, un pour la parité;factuel;1;barème du classement
POINT;point;5;vocab;Celui de réparation est à onze mètres;factuel;2;emplacement du penalty
POINT;point;5;vocab;En prendre un dehors, c'est déjà bien;joueur;2;résultat à l'extérieur
POKAL;Pokal;5;competitions;Coupe nationale allemande;factuel;3;épreuve d'outre-Rhin
POKAL;Pokal;5;competitions;Sa finale se joue toujours à Berlin;factuel;3;tradition de l'épreuve
POKAL;Pokal;5;competitions;Cinq lettres qui signifient coupe en allemand;joueur;2;traduction
PORRO;Porro;5;actuels;Latéral droit espagnol titularisé au Mondial 2026;factuel;2;rotation en poules
PORRO;Porro;5;actuels;Défenseur de la Roja championne du monde;factuel;1;titre de 2026
PORRO;Porro;5;actuels;Cinq lettres pour occuper un couloir droit;joueur;1;patronyme court
PORTE;porte;5;fillfoot;Celle du vestiaire claque après la défaite;factuel;1;réaction d'après-match
PORTE;porte;5;fillfoot;Le portier la ferme au premier montant;joueur;1;fermeture de l'angle
PORTE;porte;5;fillfoot;Ouverte, elle laisse passer trois réalisations;joueur;1;défense défaillante
PORTO;Porto;5;clubs;Club portugais deux fois champion d'Europe;factuel;2;1987 et 2004
PORTO;Porto;5;clubs;Mourinho l'a mené au sommet continental;factuel;2;titre de 2004
PORTO;Porto;5;clubs;Cinq lettres qui désignent aussi un vin;joueur;1;homonymie
POULE;poule;5;competitions;Groupe de quatre équipes au premier tour;factuel;1;phase de groupes
POULE;poule;5;competitions;En sortir est le premier objectif;factuel;1;qualification
POULE;poule;5;competitions;Cinq lettres qui désignent aussi une volaille;joueur;1;homonymie
PREAU;préau;5;culture;Terrain de repli quand il pleut à l'école;factuel;1;lieu de la récréation
PREAU;préau;5;culture;Les poteaux y sont deux cartables;joueur;1;football improvisé
PREAU;préau;5;culture;Cinq lettres abritées sous un toit;factuel;1;description du lieu
PRIME;prime;5;vocab;Elle récompense le résultat du week-end;factuel;1;rémunération variable
PRIME;prime;5;vocab;Elle figure en annexe du contrat;factuel;2;clause contractuelle
PRIME;prime;5;vocab;De match, elle motive plus qu'une causerie;joueur;2;incitation financière
PULGA;Pulga;5;legendes;Surnom d'un octuple Ballon d'Or argentin;factuel;1;Messi
PULGA;Pulga;5;legendes;Il signifie puce en espagnol;factuel;1;traduction
PULGA;Pulga;5;legendes;Cinq lettres qui décrivent un tout petit gabarit;joueur;1;silhouette du joueur
PUMAS;Pumas;5;clubs;Club universitaire de Mexico;factuel;3;championnat local
PUMAS;Pumas;5;clubs;Cantona et Ronaldinho y ont fait un passage;factuel;3;anciens du club
PUMAS;Pumas;5;clubs;Cinq lettres bleu et or au fauve;joueur;3;emblème du club
PUYOL;Puyol;5;legendes;Capitaine du Barça à la crinière reconnaissable;factuel;1;silhouette culte
PUYOL;Puyol;5;legendes;Sa tête a éliminé l'Allemagne en demi-finale 2010;factuel;2;but décisif
PUYOL;Puyol;5;legendes;Cinq lettres qui se jetaient sur tous les ballons;joueur;1;engagement du défenseur
QATAR;Qatar;5;selections;Sélection hôte du Mondial 2022;factuel;1;édition d'hiver
QATAR;Qatar;5;selections;Elle a gagné la Coupe d'Asie en 2019 et 2023;factuel;3;palmarès continental
QATAR;Qatar;5;selections;Cinq lettres grenat de la péninsule;joueur;2;couleur du maillot
QUITO;Quito;5;stades;Capitale de l'Équateur;factuel;2;géographie
QUITO;Quito;5;stades;On y joue à près de trois mille mètres d'altitude;factuel;2;difficulté du déplacement
QUITO;Quito;5;stades;Cinq lettres où le souffle manque vite;joueur;2;effet de l'altitude
QUOTA;quota;5;competitions;Nombre de places attribuées à une confédération;factuel;2;répartition des qualifiés
QUOTA;quota;5;competitions;L'Afrique en a obtenu neuf pour 2026;factuel;3;format élargi
QUOTA;quota;5;competitions;Cinq lettres que tout le monde trouve injustes;joueur;2;débat récurrent
RABAT;Rabat;5;stades;Capitale du Maroc;factuel;1;géographie
RABAT;Rabat;5;stades;La liste des Lions y a été annoncée en mai 2026;factuel;3;conférence du sélectionneur
RABAT;Rabat;5;stades;Cinq lettres au bord du Bouregreg;joueur;3;situation de la ville
RADIO;radio;5;fillfoot;Support qui a fait vivre le jeu avant l'image;factuel;2;histoire de la diffusion
RADIO;radio;5;fillfoot;On y suit le multiplex du samedi soir;factuel;1;diffusion sonore
RADIO;radio;5;fillfoot;Le commentateur y hurle plus fort qu'ailleurs;joueur;1;style radiophonique
RAMOS;Ramos;5;actuels;Avant-centre portugais du contingent parisien;factuel;2;quatre joueurs du PSG
RAMOS;Ramos;5;actuels;Buteur retenu pour la Coupe du monde 2026;factuel;1;liste de Martínez
RAMOS;Ramos;5;actuels;Cinq lettres à ne pas confondre avec un Espagnol;joueur;2;homonymie célèbre
RAMOS;Ramos;5;actuels;Vendu par le PSG à l'AC Milan pour 74 millions;factuel;2;grosse vente parisienne
RAPID;Rapid;5;clubs;Club viennois au riche palmarès national;factuel;3;championnat autrichien
RAPID;Rapid;5;clubs;Nom porté par des clubs d'Europe centrale;factuel;3;usage régional
RAPID;Rapid;5;clubs;Cinq lettres qui décrivent aussi un contre;joueur;1;homonymie
RATER;rater;5;vocab;Verbe contraire de réussir;factuel;1;acception courante
RATER;rater;5;vocab;Ce que fait l'attaquant devant la cage vide;factuel;1;occasion manquée
RATER;rater;5;vocab;Cinq lettres qui hantent un tireur toute sa vie;joueur;2;onze mètres manqué
RECRE;récré;5;culture;Moment où se rejoue le match de la veille;factuel;1;cour d'école
RECRE;récré;5;culture;Le ballon y est souvent en mousse;factuel;1;matériel improvisé
RECRE;récré;5;culture;Cinq lettres où naissent les vocations;joueur;1;premiers pas
REGIE;régie;5;stades;Local d'où l'on pilote les caméras;factuel;2;équipement de diffusion
REGIE;régie;5;stades;Elle choisit les images du ralenti;factuel;1;rôle du dispositif
REGIE;régie;5;stades;Cinq lettres qui décident de ce qu'on voit;joueur;2;pouvoir du cadrage
REIMS;Reims;5;clubs;Club champenois finaliste européen en 1956 et 1959;factuel;2;deux finales perdues
REIMS;Reims;5;clubs;Cinq lettres qui ont vu éclore Kopa;factuel;3;parcours du joueur
REIMS;Reims;5;clubs;Ville de sacres, mais pas seulement des rois;joueur;2;double sens
REINA;Reina;5;legendes;Gardien espagnol emblématique de Liverpool;factuel;3;carrière anglaise
REINA;Reina;5;legendes;Il était la doublure de Casillas en sélection;factuel;3;hiérarchie de la Roja
REINA;Reina;5;legendes;Cinq lettres qui signifient reine en espagnol;joueur;1;traduction
REMIX;remix;5;culture;Nouvelle version d'un chant de supporters;factuel;2;pratique des virages
REMIX;remix;5;culture;Il reprend l'air d'une chanson connue;factuel;1;procédé du chant
REMIX;remix;5;culture;Cinq lettres qui transforment un tube en hymne;joueur;1;détournement musical
REPLI;repli;5;vocab;Retour défensif après une perte de balle;factuel;2;transition défensive
REPLI;repli;5;vocab;Il précède le regroupement derrière;factuel;3;réorganisation défensive
REPLI;repli;5;vocab;L'attaquant paresseux l'oublie toujours;joueur;2;reproche classique
RIVAL;rival;5;vocab;Le voisin détesté depuis un siècle;factuel;1;adversaire historique
RIVAL;rival;5;vocab;Il occupe l'autre moitié de la ville;factuel;2;rivalité locale
RIVAL;rival;5;vocab;Le battre sauve une saison entière;joueur;1;enjeu du derby
RIVER;River;5;clubs;Club argentin rival de Boca;factuel;1;Superclasico
RIVER;River;5;clubs;Il joue au Monumental;factuel;2;enceinte du club
RIVER;River;5;clubs;Cinq lettres qui signifient rivière en anglais;joueur;1;traduction
ROBIN;Robin;5;actuels;Prénom du meilleur gardien de Ligue 1 en 2026;factuel;2;portier lensois
ROBIN;Robin;5;actuels;Prénom masculin d'origine anglaise;factuel;2;étymologie
ROBIN;Robin;5;actuels;Cinq lettres qui évoquent aussi un archer de légende;joueur;1;homonymie
RODEZ;Rodez;5;clubs;Club aveyronnais du deuxième échelon;factuel;3;championnat de Ligue 2
RODEZ;Rodez;5;clubs;Préfecture de l'Aveyron;factuel;2;géographie
RODEZ;Rodez;5;clubs;Cinq lettres qui finissent par un Z;joueur;2;particularité orthographique
RODRI;Rodri;5;actuels;Meilleur joueur du Mondial 2026;factuel;1;distinction individuelle
RODRI;Rodri;5;actuels;Espagnol le plus capé de la liste du Mondial;factuel;2;soixante sélections
RODRI;Rodri;5;actuels;Il tenait le tempo de la Roja;joueur;1;rôle dans l'entrejeu
ROGER;Roger;5;coachs;Prénom d'entraîneurs français d'une autre époque;factuel;2;usage d'autrefois
ROGER;Roger;5;coachs;Il est aussi porté par un buteur camerounais;factuel;2;Milla
ROGER;Roger;5;coachs;Cinq lettres qui signifient bien reçu en radio;joueur;2;code radiophonique
ROLFO;Rolfö;5;feminin;Ailière suédoise du Barça;factuel;3;carrière catalane
ROLFO;Rolfö;5;feminin;Elle a été médaillée olympique avec son pays;factuel;3;podium des Jeux
ROLFO;Rolfö;5;feminin;Cinq lettres qui jouent aussi latérale;joueur;3;polyvalence de la joueuse
RONDE;ronde;5;competitions;Tour d'une compétition à élimination;factuel;2;étape du tableau
RONDE;ronde;5;competitions;Terme surtout employé outre-Manche;factuel;3;usage anglo-saxon
RONDE;ronde;5;competitions;Cinq lettres qui désignent aussi une danse;joueur;1;homonymie
ROSSI;Rossi;5;legendes;Meilleur buteur du Mondial 1982;factuel;2;six réalisations
ROSSI;Rossi;5;legendes;Champion du monde italien la même année;factuel;2;titre conquis en Espagne
ROSSI;Rossi;5;legendes;Son triplé a éliminé le Brésil à lui seul;joueur;3;match mémorable
ROUEN;Rouen;5;clubs;Ville normande à l'ancien club professionnel;factuel;3;football français
ROUEN;Rouen;5;clubs;Cité au bord de la Seine;factuel;2;géographie
ROUEN;Rouen;5;clubs;Sa cathédrale a inspiré un peintre célèbre;joueur;2;patrimoine local
ROUGE;rouge;5;vocab;Il envoie directement aux vestiaires;factuel;1;carton d'expulsion
ROUGE;rouge;5;vocab;Deux avertissements le font apparaître;factuel;1;cumul de cartons jaunes
ROUGE;rouge;5;vocab;Après lui, on joue à dix;joueur;1;infériorité numérique
ROUTE;route;5;fillfoot;Celle du stade, tous les quinze jours;factuel;1;déplacement du supporter
ROUTE;route;5;fillfoot;Sur elle, on marque toujours moins souvent;joueur;1;difficulté à l'extérieur
ROUTE;route;5;fillfoot;Elle est encore longue, dit le technicien;joueur;1;discours de mi-saison
RULLI;Rulli;5;actuels;Gardien argentin de Marseille;factuel;2;portier phocéen
RULLI;Rulli;5;actuels;Il a été champion du monde en 2022;factuel;3;titre au Qatar
RULLI;Rulli;5;actuels;Cinq lettres qui sortent loin de leur surface;joueur;2;style du gardien
RUSSO;Russo;5;feminin;Attaquante anglaise à la talonnade célèbre;factuel;2;demi-finale de l'Euro 2022
RUSSO;Russo;5;feminin;Son but est passé entre les jambes de la gardienne;factuel;2;geste devenu viral
RUSSO;Russo;5;feminin;Cinq lettres qui jouent dos au but;joueur;2;profil de l'attaquante
SACRE;sacre;5;competitions;Ce que le titre procure au champion;factuel;1;consécration
SACRE;sacre;5;competitions;Attendu vingt-deux ans du côté de l'Emirates;factuel;3;titre d'Arsenal en 2026
SACRE;sacre;5;competitions;Adjectif qui qualifie aussi l'intouchable;joueur;1;double sens
SADAR;Sadar;5;stades;Enceinte navarraise précédée d'un article;factuel;3;Osasuna
SADAR;Sadar;5;stades;Son ambiance est réputée parmi les plus rudes;factuel;3;réputation du lieu
SADAR;Sadar;5;stades;Cinq lettres à Pampelune;joueur;3;implantation
SALAH;Salah;5;actuels;Égyptien annoncé parmi les vedettes du Mondial 2026;factuel;1;affiche du tournoi
SALAH;Salah;5;actuels;Star africaine attendue en Amérique du Nord;factuel;2;vedette du tournoi
SALAH;Salah;5;actuels;Cinq lettres pour l'ailier des Pharaons;joueur;1;sélection égyptienne
SALLE;salle;5;fillfoot;Pièce fermée du centre d'entraînement;factuel;1;infrastructure du club
SALLE;salle;5;fillfoot;Celle de musculation ouvre avant la séance;factuel;1;installation quotidienne
SALLE;salle;5;fillfoot;Il y passe autant de temps que sur l'herbe;joueur;1;préparation physique
SALTO;salto;5;culture;Célébration acrobatique après un but;factuel;1;geste spectaculaire
SALTO;salto;5;culture;Klose en faisait sa signature;factuel;1;buteur allemand
SALTO;salto;5;culture;Cinq lettres empruntées à la gymnastique;joueur;1;origine du terme
SAMBA;Samba;5;actuels;Deuxième gardien des Bleus au Mondial 2026;factuel;2;hiérarchie de Deschamps
SAMBA;Samba;5;actuels;Portier tricolore passé par Lens et Rennes;factuel;2;parcours en Ligue 1
SAMBA;Samba;5;actuels;Son nom évoque aussi une danse brésilienne;joueur;1;homonymie
SAMBA;Samba;5;actuels;Nommé au trophée UNFP du meilleur gardien en 2026;factuel;3;nomination de Ligue 1
SCENE;scène;5;fillfoot;Lieu où se joue le spectacle;factuel;1;acception courante
SCENE;scène;5;fillfoot;Y apparaître peut changer une carrière;factuel;1;exposition médiatique
SCENE;scène;5;fillfoot;La grande, c'est l'épreuve continentale;joueur;1;niveau européen
SCHAR;Schär;5;actuels;Défenseur suisse de Newcastle;factuel;3;carrière anglaise
SCHAR;Schär;5;actuels;Il monte souvent balle au pied;factuel;3;style du central
SCHAR;Schär;5;actuels;Cinq lettres au tir de loin surprenant;joueur;3;qualité du défenseur
SCIFO;Scifo;5;legendes;Meneur belge de quatre Coupes du monde;factuel;3;longévité en sélection
SCIFO;Scifo;5;legendes;Révélé à dix-huit ans lors du Mondial 1986;factuel;3;édition mexicaine
SCIFO;Scifo;5;legendes;Cinq lettres passées par trois championnats;joueur;3;carrière européenne
SCORE;score;5;vocab;Il s'affiche sur le tableau lumineux;factuel;1;résultat en cours
SCORE;score;5;vocab;Vierge à la pause, il inquiète le public;joueur;1;absence de réalisation
SCORE;score;5;vocab;Fleuve, il humilie le perdant;joueur;2;écart important
SEDAN;Sedan;5;clubs;Club ardennais deux fois finaliste de la Coupe;factuel;3;palmarès du club
SEDAN;Sedan;5;clubs;Ville des Ardennes à la forteresse célèbre;factuel;2;patrimoine local
SEDAN;Sedan;5;clubs;Cinq lettres qui désignent une berline en anglais;joueur;2;homonymie
SEIZE;seize;5;vocab;Mètres cinquante devant la cage;factuel;2;profondeur de la surface
SEIZE;seize;5;vocab;Ième de finale, il ouvre les phases finales;factuel;2;tour de compétition
SEIZE;seize;5;vocab;Le tir parti de là est souvent trop tendre;joueur;2;distance de frappe
SENNA;Senna;5;legendes;Milieu espagnol champion d'Europe en 2008;factuel;3;titre autrichien
SENNA;Senna;5;legendes;Brésilien de naissance devenu international espagnol;factuel;3;changement de sélection
SENNA;Senna;5;legendes;Cinq lettres qui évoquent aussi un pilote légendaire;joueur;1;homonymie
SEOUL;Séoul;5;stades;Capitale coorganisatrice du Mondial 2002;factuel;2;avec le Japon
SEOUL;Séoul;5;stades;Cinq lettres qui ont vu une demi-finale surprise;factuel;3;parcours coréen
SEOUL;Séoul;5;stades;Ville la plus peuplée de la péninsule;joueur;2;géographie
SERGE;Serge;5;legendes;Prénom d'un ailier allemand du Bayern;factuel;3;attaquant munichois
SERGE;Serge;5;legendes;Prénom masculin d'origine latine;factuel;2;étymologie
SERGE;Serge;5;legendes;Cinq lettres qui désignent aussi un tissu;joueur;2;homonymie
SERIE;série;5;vocab;Suite de rencontres sans la moindre défaite;factuel;1;invincibilité
SERIE;série;5;vocab;Elle se compte en nombre de journées;factuel;2;statistique de saison
SERIE;série;5;vocab;Noire, elle coûte sa place au technicien;joueur;1;mauvaise passe
SETIF;Sétif;5;clubs;Club algérien deux fois champion d'Afrique;factuel;3;palmarès continental
SETIF;Sétif;5;clubs;Il est installé sur les hauts plateaux;factuel;3;géographie
SETIF;Sétif;5;clubs;Cinq lettres noir et blanc;joueur;3;couleurs du club
SHORT;short;5;culture;Pièce de la tenue portée sous le maillot;factuel;1;équipement du joueur
SHORT;short;5;culture;Il était bien plus court dans les années 80;factuel;1;évolution de la mode
SHORT;short;5;culture;Cinq lettres qui signifient court en anglais;joueur;1;traduction
SIEGE;siège;5;fillfoot;Celui de l'abonné porte son numéro;factuel;1;place attribuée
SIEGE;siège;5;fillfoot;Le club en occupe un, administratif, en centre-ville;factuel;2;implantation
SIEGE;siège;5;fillfoot;Il reste vide quand l'équipe déçoit;joueur;1;désaffection du public
SIENA;Sienne;5;clubs;Ville toscane à la place en coquille;factuel;2;patrimoine local
SIENA;Sienne;5;clubs;Son club a connu la Serie A;factuel;3;football italien
SIENA;Sienne;5;clubs;Cinq lettres célèbres pour une course de chevaux;joueur;2;le Palio
SIGNE;signe;5;fillfoot;Le joueur le fait au bas du contrat;factuel;1;paraphe d'engagement
SIGNE;signe;5;fillfoot;Indice qui annonce le réveil d'une équipe;factuel;1;symptôme positif
SIGNE;signe;5;fillfoot;Celui de croix, juste avant d'entrer;joueur;1;geste de superstition
SILVA;Silva;5;actuels;Patronyme le plus courant du Portugal;factuel;1;nom très répandu
SILVA;Silva;5;actuels;Trois Portugais le portaient dans le groupe élargi;factuel;3;Bernardo, António et Rui
SILVA;Silva;5;actuels;Cinq lettres pour un milieu de Manchester City;factuel;2;Bernardo en sélection
SILVA;Silva;5;actuels;Un nom qu'on retrouve à tous les postes;joueur;1;omniprésence du patronyme
SIMBA;Simba;5;clubs;Club tanzanien de Dar es Salaam;factuel;3;championnat local
SIMBA;Simba;5;clubs;Son nom signifie lion en swahili;factuel;2;traduction
SIMBA;Simba;5;clubs;Cinq lettres rouges d'Afrique de l'Est;joueur;3;couleur du maillot
SIMON;Simon;5;legendes;Prénom masculin d'origine biblique;factuel;1;étymologie
SIMON;Simon;5;legendes;Prénom porté par des internationaux européens;factuel;3;usage courant
SIMON;Simon;5;legendes;Cinq lettres qui donnent aussi un jeu d'enfant;joueur;1;homonymie
SINGO;Singo;5;actuels;Latéral ivoirien de Monaco;factuel;3;couloir monégasque
SINGO;Singo;5;actuels;Il était arrivé du Torino;factuel;3;transfert du joueur
SINGO;Singo;5;actuels;Cinq lettres au physique impressionnant;joueur;3;profil du défenseur
SOEUR;sœur;5;feminin;Elle joue parfois dans la même équipe;factuel;1;fratrie au club
SOEUR;sœur;5;feminin;Plusieurs paires ont porté le maillot national;factuel;2;fratries internationales
SOEUR;sœur;5;feminin;Cinq lettres qui se passent le ballon depuis l'enfance;joueur;1;complicité de jeu
SORTI;sorti;5;vocab;Participe passé du verbe sortir;factuel;1;conjugaison
SORTI;sorti;5;vocab;Le joueur remplacé l'est à la 70e;factuel;1;changement en cours de match
SORTI;sorti;5;vocab;Cinq lettres du terrain sous les sifflets;joueur;2;remplacement mal vécu
SOUPE;soupe;5;fillfoot;Plat que la mise au vert sert le soir;factuel;1;repas du groupe
SOUPE;soupe;5;fillfoot;À la grimace, celle du repas d'après-défaite;joueur;1;expression consacrée
SOUPE;soupe;5;fillfoot;Le jeu produit y ressemble certains soirs;joueur;2;critique du contenu
SPURS;Spurs;5;clubs;Surnom des joueurs d'un club du nord de Londres;factuel;1;Tottenham
SPURS;Spurs;5;clubs;Ils ont recruté Tonali, Van Hecke et Robertson en 2026;factuel;2;mercato très actif
SPURS;Spurs;5;clubs;Cinq lettres qui signifient éperons en anglais;joueur;2;traduction
STADE;stade;5;stades;Enceinte où se dispute la rencontre;factuel;1;lieu du match
STADE;stade;5;stades;Celui de France a vu le sacre de 1998;factuel;1;finale à Saint-Denis
STADE;stade;5;stades;Cinq lettres qui désignent aussi une étape;joueur;1;homonymie
STAFF;staff;5;coachs;Ensemble des personnes qui encadrent l'équipe;factuel;1;organisation du club
STAFF;staff;5;coachs;Il compte parfois plus de vingt personnes;factuel;2;taille des encadrements
STAFF;staff;5;coachs;Cinq lettres empruntées à l'anglais;joueur;1;anglicisme
STAGE;stage;5;vocab;Regroupement de préparation avant la saison;factuel;1;préparation estivale
STAGE;stage;5;vocab;Il se déroule souvent en altitude;factuel;2;choix de la préparation
STAGE;stage;5;vocab;Deux séances par jour et personne ne rit;joueur;1;charge de travail
STILL;Still;5;coachs;Technicien belge devenu le plus jeune de Ligue 1;factuel;2;banc rémois
STILL;Still;5;coachs;Il n'avait jamais joué en professionnel;factuel;2;parcours par les données
STILL;Still;5;coachs;Cinq lettres venues des jeux vidéo de gestion;joueur;1;formation du coach
STOKE;Stoke;5;clubs;Club anglais des Midlands;factuel;3;championnat anglais
STOKE;Stoke;5;clubs;Ses longues touches ont marqué la Premier League;factuel;3;arme du club
STOKE;Stoke;5;clubs;Cinq lettres rouge et blanc;joueur;3;couleurs du club
STORY;story;5;culture;Publication éphémère sur un réseau social;factuel;1;format moderne
STORY;story;5;culture;Les joueurs y montrent leur vestiaire;factuel;1;coulisses partagées
STORY;story;5;culture;Cinq lettres qui disparaissent en un jour;joueur;1;durée du format
STYLE;style;5;vocab;Manière de jouer propre à une équipe;factuel;1;identité de jeu
STYLE;style;5;vocab;Il se voit dès les dix premières minutes;joueur;1;signature d'une équipe
STYLE;style;5;vocab;Celui de la maison ne se négocie pas;joueur;2;culture du club
SUEDE;Suède;5;selections;Battue trois à zéro par les Bleus en 2026;factuel;3;phase finale
SUEDE;Suède;5;selections;Elle a reçu le Mondial en 1958;factuel;2;édition scandinave
SUEDE;Suède;5;selections;Cinq lettres jaune et bleu;joueur;1;couleurs nationales
SUEUR;sueur;5;fillfoot;Elle trempe le maillot dès la vingtième;factuel;1;effort physique
SUEUR;sueur;5;fillfoot;Froide, elle arrive sur un contre adverse;joueur;1;frayeur du supporter
SUEUR;sueur;5;fillfoot;Le public la préfère au talent, dit-on;joueur;1;attente des tribunes
SUKER;Suker;5;legendes;Meilleur buteur du Mondial 1998;factuel;2;six réalisations
SUKER;Suker;5;legendes;Troisième du monde avec la Croatie;factuel;2;podium en France
SUKER;Suker;5;legendes;Cinq lettres gauchères devenues dirigeantes;joueur;3;reconversion
TACLE;tacle;5;vocab;Intervention glissée pour prendre le ballon;factuel;1;geste défensif au sol
TACLE;tacle;5;vocab;Réussi, il ne touche pas l'homme;factuel;2;critère d'appréciation arbitrale
TACLE;tacle;5;vocab;Par derrière, c'est rouge direct;joueur;1;faute sanctionnée d'expulsion
TACLE;tacle;5;vocab;Sur les réseaux aussi, il fait mal;joueur;2;sens figuré du mot
TALON;talon;5;vocab;Passe donnée vers l'arrière du pied;factuel;2;geste technique
TALON;talon;5;vocab;Le geste préféré des frimeurs;joueur;2;transmission esthétique
TALON;talon;5;vocab;Sans regarder, il surprend tout le monde;joueur;2;passe à l'aveugle
TAPIS;tapis;5;vocab;Vert, il accueille les vingt-deux;factuel;1;pelouse du stade
TAPIS;tapis;5;vocab;Les jardiniers en font un damier;factuel;2;tonte du terrain
TAPIS;tapis;5;vocab;Un billard, disent les commentateurs;joueur;1;pelouse parfaite
TASSE;tasse;5;culture;Récipient décliné aux couleurs de chaque club;factuel;1;produit dérivé
TASSE;tasse;5;culture;Boire la, c'est subir une correction;joueur;1;expression consacrée
TASSE;tasse;5;culture;Cinq lettres du petit-déjeuner d'avant-match;joueur;1;rituel du supporter
TAULE;taule;5;culture;Défaite très lourde, en langage familier;factuel;1;terme d'argot
TAULE;taule;5;culture;Prendre une cinq à zéro en est une;joueur;1;exemple de score
TAULE;taule;5;culture;Cinq lettres qui désignent aussi une prison;factuel;1;acception courante
TEMPO;tempo;5;vocab;Rythme imposé au jeu collectif;factuel;2;cadence de l'équipe
TEMPO;tempo;5;vocab;Le meneur l'accélère d'un seul geste;joueur;2;changement de rythme
TEMPO;tempo;5;vocab;Lent, il endort le stade entier;joueur;1;jeu sans intensité
TEMPS;temps;5;vocab;Additionnel, il s'ajoute aux quatre-vingt-dix;factuel;1;arrêts de jeu
TEMPS;temps;5;vocab;Fort, il dure dix minutes et fait très mal;factuel;2;domination passagère
TEMPS;temps;5;vocab;Le perdant en réclame toujours plus;joueur;1;fin de match
TENUE;tenue;5;vocab;Maillot, short et chaussettes;factuel;1;équipement réglementaire
TENUE;tenue;5;vocab;Elle doit se distinguer de celle d'en face;factuel;2;règle sur les couleurs
TENUE;tenue;5;vocab;Irréprochable, elle plaît aux anciens;joueur;2;comportement exemplaire
TERRY;Terry;5;legendes;Capitaine emblématique de Chelsea;factuel;2;brassard londonien
TERRY;Terry;5;legendes;Défenseur central formé au club qu'il a marqué;factuel;2;produit maison
TERRY;Terry;5;legendes;Cinq lettres qui montaient sur tous les corners;joueur;2;habitude du défenseur
TEVEZ;Tevez;5;legendes;Attaquant argentin passé par United et City;factuel;2;carrière anglaise
TEVEZ;Tevez;5;legendes;Il a marqué contre son ancien club et s'est excusé;factuel;3;derby de Manchester
TEVEZ;Tevez;5;legendes;Cinq lettres au visage marqué et au coeur immense;joueur;2;image du joueur
THIAW;Thiaw;5;actuels;Défenseur allemand passé du Milan à Newcastle;factuel;3;transfert de 2025
THIAW;Thiaw;5;actuels;Il avait été formé à Schalke;factuel;3;parcours du joueur
THIAW;Thiaw;5;actuels;Cinq lettres au patronyme sénégalais;joueur;3;origine du nom
TIBIA;tibia;5;vocab;Os de la jambe entre genou et cheville;factuel;2;anatomie
TIBIA;tibia;5;vocab;Une coque obligatoire le protège;factuel;1;équipement réglementaire
TIBIA;tibia;5;vocab;Sans sa protection, l'arbitre refuse le joueur;joueur;2;contrôle d'équipement
TICOS;Ticos;5;selections;Surnom des joueurs du Costa Rica;factuel;3;terme local
TICOS;Ticos;5;selections;Ils ont atteint les quarts en 2014;factuel;3;meilleur parcours
TICOS;Ticos;5;selections;Cinq lettres rouge et bleu d'Amérique centrale;joueur;3;couleurs de la sélection
TIGRE;tigre;5;fillfoot|legendes;Fauve rayé servant de surnom à des équipes;factuel;2;symbole animalier
TIGRE;tigre;5;fillfoot|legendes;Le portier qui se détend exactement comme lui;joueur;1;image de la parade
TIGRE;tigre;5;fillfoot|legendes;Il montre les crocs dans les derbys;joueur;1;combativité
TIGRE;tigre;5;fillfoot|legendes;Surnom d'un buteur colombien passé par Monaco;factuel;2;Falcao
TIRER;tirer;5;vocab;Ce qu'on fait depuis le point de réparation;factuel;1;geste du penalty
TIRER;tirer;5;vocab;Verbe du premier groupe;factuel;1;conjugaison
TIRER;tirer;5;vocab;Cinq lettres devant les leçons d'une défaite;joueur;2;expression consacrée
TITAN;titan;5;vocab;Surnom donné à un gardien allemand;factuel;3;portier du Bayern
TITAN;titan;5;vocab;Créature géante de la mythologie grecque;factuel;1;acception courante
TITAN;titan;5;vocab;Cinq lettres pour un défenseur infranchissable;joueur;2;compliment de tribune
TITRE;titre;5;vocab;Récompense du meilleur en fin de saison;factuel;1;consécration
TITRE;titre;5;vocab;Le tenant doit le défendre chaque année;factuel;2;statut du champion
TITRE;titre;5;vocab;On le soulève devant les siens;joueur;1;célébration
TOILE;toile;5;vocab;Le filet en est une, tendue derrière la ligne;factuel;2;maille du but
TOILE;toile;5;vocab;On l'enlève dans l'angle supérieur;factuel;2;expression sur la lucarne
TOILE;toile;5;vocab;L'araignée y logeait avant cette frappe;joueur;1;image consacrée
TOKYO;Tokyo;5;stades;Capitale japonaise;factuel;1;géographie
TOKYO;Tokyo;5;stades;Elle a longtemps reçu la Coupe intercontinentale;factuel;3;épreuve de clubs
TOKYO;Tokyo;5;stades;Cinq lettres hôtes des Jeux en 1964 puis en 2021;joueur;2;olympisme
TOLDO;Toldo;5;legendes;Gardien italien héros de l'Euro 2000;factuel;3;demi-finale contre les Bleus
TOLDO;Toldo;5;legendes;Il a détourné un penalty en demi-finale;factuel;3;séance de départage
TOLDO;Toldo;5;legendes;Cinq lettres battues par un but en or;joueur;3;finale perdue
TONTE;tonte;5;stades;Opération qui dessine le damier de la pelouse;factuel;1;entretien du terrain
TONTE;tonte;5;stades;Elle se fait à vingt-cinq millimètres;factuel;2;hauteur réglementaire
TONTE;tonte;5;stades;Cinq lettres qui donnent au gazon ses bandes;joueur;1;motif du terrain
TOONE;Toone;5;feminin;Anglaise buteuse en finale de l'Euro 2022;factuel;2;ouverture du score
TOONE;Toone;5;feminin;Son lob a lancé la finale;factuel;2;geste du but
TOONE;Toone;5;feminin;Cinq lettres souvent entrées depuis le banc;joueur;2;rôle dans l'équipe
TOTAL;total;5;vocab;Football qui fait permuter tous les postes;factuel;2;école néerlandaise
TOTAL;total;5;vocab;Cinq lettres devant des buts en fin de saison;factuel;1;cumul chiffré
TOTAL;total;5;vocab;Cruyff en fut le meilleur interprète;joueur;2;incarnation du style
TOTTI;Totti;5;legendes;Capitaine d'un seul club toute sa carrière;factuel;1;fidélité romaine
TOTTI;Totti;5;legendes;Champion du monde italien en 2006;factuel;1;titre en Allemagne
TOTTI;Totti;5;legendes;Cinq lettres à la cuillère devenue célèbre;joueur;3;geste éponyme
TOURE;Touré;5;legendes;Patronyme de deux frères internationaux ivoiriens;factuel;2;fratrie africaine
TOURE;Touré;5;legendes;L'aîné a joué à Arsenal, le cadet au Barça et à City;factuel;2;carrières des deux frères
TOURE;Touré;5;legendes;Cinq lettres quadruple Ballon d'Or africain;joueur;2;palmarès du cadet
TOURS;Tours;5;clubs;Club tourangeau du football français;factuel;3;implantation
TOURS;Tours;5;clubs;Ville du Val de Loire;factuel;2;géographie
TOURS;Tours;5;clubs;Cinq lettres qui désignent aussi les étapes d'une coupe;joueur;1;homonymie
TRAIN;train;5;fillfoot;Moyen de rejoindre l'enceinte adverse;factuel;1;déplacement
TRAIN;train;5;fillfoot;D'enfer, il épuise les deux équipes;joueur;1;rythme élevé
TRAIN;train;5;fillfoot;En marche, on le prend quand la série démarre;joueur;2;expression consacrée
TREVE;trêve;5;vocab;Pause hivernale du championnat;factuel;1;interruption saisonnière
TREVE;trêve;5;vocab;Elle permet de recharger les organismes;factuel;2;coupure physique
TREVE;trêve;5;vocab;Deux semaines pour oublier une série noire;joueur;2;répit bienvenu
TROLL;troll;5;culture;Internaute qui provoque pour faire réagir;factuel;1;usage numérique
TROLL;troll;5;culture;Il attend le moindre raté pour se manifester;joueur;1;comportement en ligne
TROLL;troll;5;culture;Cinq lettres venues d'une créature nordique;factuel;2;étymologie
TUNIS;Tunis;5;stades;Capitale de la Tunisie;factuel;1;géographie
TUNIS;Tunis;5;stades;Cinq lettres au bord de la Méditerranée;factuel;2;situation du pays
TUNIS;Tunis;5;stades;Ville des Aigles de Carthage;joueur;2;surnom de la sélection
TURIN;Turin;5;clubs;Ville du club aux rayures noires et blanches;factuel;1;la Juventus
TURIN;Turin;5;clubs;Capitale du Piémont;factuel;2;géographie
TURIN;Turin;5;clubs;Cinq lettres où Ronaldo a signé une bicyclette;joueur;3;but de 2018
UDINE;Udine;5;clubs;Ville du Frioul au club de Serie A;factuel;3;championnat italien
UDINE;Udine;5;clubs;Cité du nord-est de l'Italie;factuel;3;géographie
UDINE;Udine;5;clubs;Cinq lettres noir et blanc du Frioul;joueur;3;couleurs du club
ULSAN;Ulsan;5;clubs;Club sud-coréen multiple champion d'Asie;factuel;3;palmarès continental
ULSAN;Ulsan;5;clubs;Sa ville est un grand centre industriel;factuel;3;économie locale
ULSAN;Ulsan;5;clubs;Cinq lettres bleues de Corée du Sud;joueur;3;couleur du maillot
ULTRA;ultra;5;culture;Supporter du virage le plus engagé;factuel;1;groupe organisé
ULTRA;ultra;5;culture;Cinq lettres qui préparent les tifos;factuel;2;animation des tribunes
ULTRA;ultra;5;culture;Il chante debout du début à la fin;joueur;1;rituel du virage
UNDAV;Undav;5;actuels;Attaquant allemand fourni par Stuttgart;factuel;2;quatre joueurs du club
UNDAV;Undav;5;actuels;Retenu pour la Coupe du monde 2026;factuel;1;liste de Nagelsmann
UNDAV;Undav;5;actuels;Cinq lettres dans l'attaque de la Mannschaft;joueur;1;poste du joueur
UNION;Union;5;clubs;Mot présent dans le nom de clubs belges et allemands;factuel;2;dénomination courante
UNION;Union;5;clubs;Celui de Berlin joue à la Vieille Forestière;factuel;3;enceinte du club
UNION;Union;5;clubs;Cinq lettres qui font la force, dit la devise;joueur;1;expression consacrée
URAWA;Urawa;5;clubs;Club japonais multiple champion d'Asie;factuel;3;palmarès continental
URAWA;Urawa;5;clubs;Ses supporters sont réputés les plus bruyants du pays;factuel;3;ambiance du stade
URAWA;Urawa;5;clubs;Cinq lettres rouges de la banlieue de Tokyo;joueur;3;couleur du maillot
VARDY;Vardy;5;legendes;Attaquant du Leicester champion en 2016;factuel;1;exploit de la saison
VARDY;Vardy;5;legendes;Il a marqué lors de onze matchs consécutifs;factuel;2;record de Premier League
VARDY;Vardy;5;legendes;Cinq lettres passées des divisions amateurs à l'élite;joueur;1;parcours atypique
VASCO;Vasco;5;clubs;Club de Rio fondé par la communauté portugaise;factuel;3;origine du club
VASCO;Vasco;5;clubs;Il porte le nom d'un navigateur célèbre;factuel;2;Vasco de Gama
VASCO;Vasco;5;clubs;Cinq lettres noir et blanc à la croix de Malte;joueur;3;emblème du club
VEIGA;Veiga;5;actuels;Défenseur portugais du onze type de 2026;factuel;2;titulaire au Mondial
VEIGA;Veiga;5;actuels;Il évoluait dans l'axe de la Seleção;factuel;2;poste en sélection
VEIGA;Veiga;5;actuels;Cinq lettres dans la charnière lusitanienne;joueur;1;poste du joueur
VELEZ;Vélez;5;clubs;Club argentin de Buenos Aires;factuel;3;championnat local
VELEZ;Vélez;5;clubs;Il a remporté la Libertadores en 1994;factuel;3;titre continental
VELEZ;Vélez;5;clubs;Cinq lettres bleu et blanc;joueur;3;couleurs du club
VELHO;Velho;5;actuels;Quatrième gardien inattendu de la liste portugaise;factuel;3;convocation surprise
VELHO;Velho;5;actuels;Sa venue a porté la liste à vingt-sept noms;factuel;3;effectif élargi
VELHO;Velho;5;actuels;Cinq lettres qui signifient vieux en portugais;joueur;2;homonymie
VERON;Veron;5;legendes;Meneur argentin passé par la Lazio et Manchester;factuel;3;carrière européenne
VERON;Veron;5;legendes;Son père avait joué pour le même club argentin;factuel;3;filiation à La Plata
VERON;Veron;5;legendes;Cinq lettres surnommées la Sorcière;joueur;3;surnom du joueur
VERRE;verre;5;fillfoot;Récipient de la buvette du club;factuel;1;service au public
VERRE;verre;5;fillfoot;On le lève dès que le titre est acquis;factuel;1;célébration
VERRE;verre;5;fillfoot;La troisième mi-temps s'y résume;joueur;1;convivialité d'après-match
VERTS;Verts;5;clubs;Surnom du club stéphanois;factuel;1;couleur du maillot
VERTS;Verts;5;clubs;Ils ont dominé les années soixante-dix;factuel;2;dix titres nationaux
VERTS;Verts;5;clubs;Les poteaux carrés leur ont coûté une finale;joueur;2;Glasgow en 1976
VIDAL;Vidal;5;legendes;Milieu chilien passé par la Juventus et le Bayern;factuel;2;carrière du joueur
VIDAL;Vidal;5;legendes;Sa crête le rendait reconnaissable de loin;factuel;2;silhouette culte
VIDAL;Vidal;5;legendes;Cinq lettres surnommées le Roi Arturo;joueur;2;surnom du joueur
VIDEO;vidéo;5;vocab;Assistance qui revoit les actions litigieuses;factuel;1;arbitrage moderne
VIDEO;vidéo;5;vocab;Introduite en Coupe du monde en 2018;factuel;2;première phase finale
VIDEO;vidéo;5;vocab;Cinq lettres qui coupent le match en deux;joueur;2;interruption pour vérification
VIDIC;Vidic;5;legendes;Défenseur serbe de Manchester United;factuel;2;charnière des années 2000
VIDIC;Vidic;5;legendes;Il ne reculait devant aucun duel;factuel;2;style du défenseur
VIDIC;Vidic;5;legendes;Cinq lettres associées à un central anglais;joueur;2;duo défensif
VIERI;Vieri;5;legendes;Meilleur buteur italien du Mondial 1998;factuel;3;cinq réalisations
VIERI;Vieri;5;legendes;Cinq lettres passées par une foule de clubs;factuel;3;carrière itinérante
VIERI;Vieri;5;legendes;Avant-centre de puissance des années 2000;joueur;2;profil du joueur
VILLA;Villa;5;clubs|legendes;Quatrième d'Angleterre en 2025-2026;factuel;1;soixante-cinq points
VILLA;Villa;5;clubs|legendes;Plus longue série de victoires de la saison;factuel;3;huit rencontres
VILLA;Villa;5;clubs|legendes;Cinq lettres qui évoquent une belle demeure;joueur;1;homonymie
VILLA;Villa;5;clubs|legendes;Un buteur espagnol sacré en 2010 le portait;factuel;2;attaquant de la Roja
VIRAL;viral;5;culture;Adjectif d'une vidéo vue par des millions;factuel;1;phénomène en ligne
VIRAL;viral;5;culture;Un geste raté le devient plus vite qu'un beau but;joueur;1;logique des réseaux
VIRAL;viral;5;culture;Cinq lettres empruntées au vocabulaire médical;factuel;2;étymologie
VOLEE;volée;5;vocab;Frappe sans laisser rebondir le ballon;factuel;1;geste technique
VOLEE;volée;5;vocab;Celle de Zidane à Glasgow en 2002;factuel;2;finale de Ligue des champions
VOLEE;volée;5;vocab;Reprise directe en pleine course;joueur;2;frappe sans contrôle
WALSH;Walsh;5;feminin;Milieu anglaise longtemps la plus chère du monde;factuel;2;transfert au Barça
WALSH;Walsh;5;feminin;Elle a été championne d'Europe en 2022;factuel;2;titre à Wembley
WALSH;Walsh;5;feminin;Cinq lettres qui distribuent depuis la base;joueur;2;poste de sentinelle
WANDA;Wanda;5;stades;Nom porté par l'enceinte madrilène rouge et blanche;factuel;3;Atlético
WANDA;Wanda;5;stades;La finale de C1 2019 s'y est jouée;factuel;3;Liverpool contre Tottenham
WANDA;Wanda;5;stades;Cinq lettres qui portent le nom d'un groupe chinois;joueur;3;sponsor du stade
WIGAN;Wigan;5;clubs;Club anglais vainqueur de la Coupe en 2013;factuel;3;exploit du petit club
WIGAN;Wigan;5;clubs;Il a été relégué la même saison;factuel;3;paradoxe historique
WIGAN;Wigan;5;clubs;Cinq lettres du Grand Manchester;joueur;3;implantation
WIRTZ;Wirtz;5;actuels;Créateur allemand parti à Liverpool contre un record;factuel;2;transfert du joueur
WIRTZ;Wirtz;5;actuels;Avec un Bavarois, il forme le duo créatif allemand;factuel;2;tandem offensif
WIRTZ;Wirtz;5;actuels;Cinq lettres attendues entre les lignes;joueur;1;rôle du joueur
WYDAD;Wydad;5;clubs;Club casablancais rival du Raja;factuel;3;derby marocain
WYDAD;Wydad;5;clubs;Il a remporté plusieurs titres continentaux;factuel;3;palmarès africain
WYDAD;Wydad;5;clubs;Cinq lettres rouges de Casablanca;joueur;3;couleur du maillot
YAMAL;Yamal;5;actuels;Ailier espagnol titulaire de la finale 2026;factuel;1;onze de départ
YAMAL;Yamal;5;actuels;Il a ouvert le score face à l'Arabie saoudite;factuel;2;but à la dixième minute
YAMAL;Yamal;5;actuels;Le prodige de la Roja championne du monde;joueur;1;statut du joueur
YAMAL;Yamal;5;actuels;Il porte le numéro dix du FC Barcelone;factuel;2;maillot mythique
YORKE;Yorke;5;legendes;Attaquant du triplé de United en 1999;factuel;2;saison historique
YORKE;Yorke;5;legendes;Il formait un duo redouté avec Andy Cole;factuel;2;tandem offensif
YORKE;Yorke;5;legendes;Cinq lettres au sourire permanent;joueur;2;image du joueur
ZAGUE;Zague;5;actuels;Jeune latéral droit du Paris Saint-Germain;factuel;3;effectif 2026-2027
ZAGUE;Zague;5;actuels;Défenseur de vingt ans dans le groupe professionnel;factuel;3;âge du joueur
ZAGUE;Zague;5;actuels;Cinq lettres formées au Campus parisien;joueur;2;produit du centre
ZARRA;Zarra;5;competitions;Trophée du meilleur buteur espagnol de Liga;factuel;3;distinction nationale
ZARRA;Zarra;5;competitions;Il porte le nom d'un attaquant basque;factuel;3;légende de Bilbao
ZARRA;Zarra;5;competitions;Cinq lettres réservées aux joueurs du pays;joueur;3;critère d'attribution
ZEBRE;zèbre;5;fillfoot;Le maillot rayé noir et blanc en fait un;factuel;2;surnom d'un club turinois
ZEBRE;zèbre;5;fillfoot;Rayures verticales qui traversent le maillot;factuel;1;motif de la tenue
ZEBRE;zèbre;5;fillfoot;Drôle d'animal, dit-on d'un joueur étrange;joueur;1;expression consacrée
ZENIT;Zénith;5;clubs;Club russe vainqueur de la Coupe UEFA en 2008;factuel;3;titre européen
ZENIT;Zénith;5;clubs;Cinq lettres de Saint-Pétersbourg;factuel;2;implantation
ZENIT;Zénith;5;clubs;Son nom désigne aussi le point le plus haut;joueur;1;homonymie
ABIDAL;Abidal;6;legendes;Il a soulevé la C1 en capitaine à Wembley;factuel;2;finale de 2011
ABIDAL;Abidal;6;legendes;Défenseur français passé par Lyon puis le Barça;factuel;2;carrière du joueur
ABIDAL;Abidal;6;legendes;Six lettres à qui ses coéquipiers ont laissé le trophée;joueur;2;geste du vestiaire
ABONNE;abonné;6;culture;Celui qui suit un compte sur les réseaux;factuel;1;usage numérique
ABONNE;abonné;6;culture;C'est aussi celui qui a sa place à l'année;factuel;1;double sens
ABONNE;abonné;6;culture;Six lettres comptées en millions chez les stars;joueur;1;notoriété chiffrée
AFFLUX;afflux;6;feminin;Arrivée massive de nouvelles licenciées;factuel;2;effet d'un grand tournoi
AFFLUX;afflux;6;feminin;Les clubs manquent parfois de créneaux;factuel;2;limite des équipements
AFFLUX;afflux;6;feminin;Six lettres qui saturent les inscriptions;joueur;2;conséquence du succès
AGUERD;Aguerd;6;actuels;Défenseur central marocain, cadre des Lions;factuel;1;charnière de la sélection
AGUERD;Aguerd;6;actuels;Il était déjà de l'épopée de 2022;factuel;2;demi-finale au Qatar
AGUERD;Aguerd;6;actuels;Six lettres dans l'axe des Lions de l'Atlas;joueur;1;poste du joueur
AGUERO;Agüero;6;legendes;Son but a donné le titre à City à la dernière seconde;factuel;1;saison 2011-2012
AGUERO;Agüero;6;legendes;Meilleur buteur de l'histoire de son club anglais;factuel;1;record mancunien
AGUERO;Agüero;6;legendes;Six lettres devenues streameur très suivi;joueur;1;seconde carrière
AIGLES;Aigles;6;selections;Surnom de la sélection malienne;factuel;2;emblème national
AIGLES;Aigles;6;selections;Ceux de Carthage désignent la Tunisie;factuel;2;surnom partagé
AIGLES;Aigles;6;selections;Six lettres qui planent sur plusieurs pays;joueur;1;surnom répandu
AILIER;ailier;6;vocab;Attaquant qui déborde par le couloir;factuel;1;poste offensif latéral
AILIER;ailier;6;vocab;Il centre après avoir mis le feu à son côté;joueur;1;action offensive
AKANJI;Akanji;6;actuels;Défenseur suisse de Manchester City;factuel;3;carrière anglaise
AKANJI;Akanji;6;actuels;Guardiola l'a parfois aligné au milieu;factuel;3;invention tactique
AKANJI;Akanji;6;actuels;Six lettres très calmes sous pression;joueur;3;style du central
ALAVES;Alavés;6;clubs;Club basque de Vitoria;factuel;3;championnat espagnol
ALAVES;Alavés;6;clubs;Il a perdu une finale de Coupe UEFA en 2001;factuel;3;défaite contre Liverpool
ALAVES;Alavés;6;clubs;Six lettres bleu et blanc;joueur;3;couleurs du club
ALBION;Albion;6;clubs;Mot présent dans le nom de clubs anglais;factuel;2;Brighton et West Bromwich
ALBION;Albion;6;clubs;Ancien nom poétique de la Grande-Bretagne;factuel;1;étymologie
ALBION;Albion;6;clubs;Six lettres devant Hove chez un club de la côte;joueur;3;dénomination complète
ALDAIR;Aldair;6;legendes;Défenseur brésilien idole de la Roma;factuel;3;fidélité au club
ALDAIR;Aldair;6;legendes;Champion du monde en 1994;factuel;2;titre américain
ALDAIR;Aldair;6;legendes;Six lettres restées treize ans dans la capitale;joueur;3;longévité au club
ALMADA;Almada;6;actuels;Milieu offensif argentin champion du monde 2022;factuel;1;titre conquis au Qatar
ALMADA;Almada;6;actuels;Il figurait dans le onze finaliste de 2026;factuel;2;entrejeu albiceleste
ALMADA;Almada;6;actuels;Six lettres pour un créateur;joueur;1;patronyme court
ALONSO;Alonso;6;legendes;Milieu espagnol aux passes de soixante mètres;factuel;2;réputation du joueur
ALONSO;Alonso;6;legendes;Il a gagné la C1 avec Liverpool puis le Real;factuel;2;deux titres continentaux
ALONSO;Alonso;6;legendes;Six lettres devenues entraîneur à Leverkusen;joueur;2;reconversion réussie
AMAZON;Amazon;6;culture;Géant du commerce devenu diffuseur de Ligue 1;factuel;2;droits télévisés
AMAZON;Amazon;6;culture;Il a bousculé le marché des droits en 2021;factuel;3;appel d'offres
AMAZON;Amazon;6;culture;Six lettres qui portent aussi le nom d'un fleuve;joueur;1;homonymie
AMICAL;amical;6;competitions;Match sans enjeu de préparation;factuel;1;rencontre hors compétition
AMICAL;amical;6;competitions;Le PSG en a disputé deux avant la saison 2026;factuel;3;pré-saison estivale
AMICAL;amical;6;competitions;Six lettres où l'on peut changer onze joueurs;joueur;2;souplesse du règlement
AMIENS;Amiens;6;clubs;Club picard passé par la Ligue 1;factuel;3;football français
AMIENS;Amiens;6;clubs;Sa cathédrale est la plus vaste de France;factuel;2;patrimoine local
AMIENS;Amiens;6;clubs;Six lettres noir et blanc de la Somme;joueur;3;couleurs du club
AMORIM;Amorim;6;coachs;Technicien portugais de Manchester United;factuel;1;banc des Red Devils
AMORIM;Amorim;6;coachs;Il avait été champion avec le Sporting;factuel;2;titre lusitanien
AMORIM;Amorim;6;coachs;Six lettres attachées à leur défense à trois;joueur;2;système du coach
AMOROS;Amoros;6;legendes;Latéral des Bleus champions d'Europe en 1984;factuel;3;titre à domicile
AMOROS;Amoros;6;legendes;Il a disputé trois Coupes du monde;factuel;3;longévité en sélection
AMOROS;Amoros;6;legendes;Six lettres qui ont aussi joué à Monaco et Marseille;joueur;3;carrière du joueur
AMORTI;amorti;6;vocab;Contrôle qui tue la vitesse du ballon;factuel;1;geste technique
AMORTI;amorti;6;vocab;De la poitrine, il fait toujours son effet;joueur;1;réception élégante
ANELKA;Anelka;6;legendes;Attaquant français passé par une douzaine de clubs;factuel;2;carrière itinérante
ANELKA;Anelka;6;legendes;Il a joué à Arsenal, au Real et à Chelsea;factuel;2;parcours du joueur
ANELKA;Anelka;6;legendes;Six lettres surnommées l'Incompris;joueur;2;réputation du joueur
ANGERS;Angers;6;clubs;Club du Maine-et-Loire finaliste de la Coupe en 2017;factuel;3;parcours du club
ANGERS;Angers;6;clubs;Hervé Koffi y a gardé les buts en prêt;factuel;3;saison 2025-2026
ANGERS;Angers;6;clubs;Six lettres noir et blanc;joueur;3;couleurs du club
ANNEAU;anneau;6;stades;Forme circulaire d'un gradin continu;factuel;2;architecture du stade
ANNEAU;anneau;6;stades;Certains stades en comptent trois superposés;factuel;2;structure des enceintes
ANNEAU;anneau;6;stades;Six lettres qui désignent aussi un bijou;joueur;1;homonymie
ANNECY;Annecy;6;clubs;Club savoyard du deuxième échelon;factuel;3;championnat de Ligue 2
ANNECY;Annecy;6;clubs;Sa ville borde un lac très prisé;factuel;2;géographie locale
ANNECY;Annecy;6;clubs;Six lettres rouge et blanc de Haute-Savoie;joueur;3;couleurs du club
ANOETA;Anoeta;6;stades;Enceinte de Saint-Sébastien;factuel;3;Real Sociedad
ANOETA;Anoeta;6;stades;Elle a perdu sa piste d'athlétisme en 2019;factuel;3;rénovation du stade
ANOETA;Anoeta;6;stades;Six lettres bleu et blanc du Pays basque;joueur;3;couleurs du club
ANORAK;anorak;6;fillfoot;Vêtement du fidèle en tribune découverte;factuel;1;tenue du supporter
ANORAK;anorak;6;fillfoot;Il ne sert à rien quand il pleut de côté;joueur;2;réalité du stade
ANTONY;Antony;6;actuels;Ailier brésilien relancé au Betis;factuel;2;prêt réussi
ANTONY;Antony;6;actuels;Son passage à Manchester United avait déçu;factuel;2;transfert coûteux
ANTONY;Antony;6;actuels;Six lettres qui repiquent toujours du même côté;joueur;2;geste répétitif
ANVERS;Anvers;6;clubs;Ville du plus ancien club de Belgique;factuel;3;fondé en 1880
ANVERS;Anvers;6;clubs;Deuxième port d'Europe;factuel;2;géographie
ANVERS;Anvers;6;clubs;Six lettres rouge et blanc des Flandres;joueur;3;couleurs du club
ARABIE;Arabie;6;selections;Sélection battue par l'Espagne au Mondial 2026;factuel;2;phase de groupes
ARABIE;Arabie;6;selections;Son championnat a recruté Ronaldo, Kanté et Mané;factuel;1;politique du pays
ARABIE;Arabie;6;selections;Six lettres qui avaient battu l'Argentine en 2022;joueur;2;exploit du Qatar
ARAUJO;Araújo;6;actuels;Défenseur portugais fourni par le Benfica;factuel;3;club lisboète
ARAUJO;Araújo;6;actuels;Retenu pour la Coupe du monde 2026;factuel;1;liste de Martínez
ARAUJO;Araújo;6;actuels;Six lettres venues du stade de la Luz;joueur;2;club d'origine
ARKEMA;Arkema;6;feminin;Marque accolée au nom du championnat de France;factuel;2;D1 féminine
ARKEMA;Arkema;6;feminin;C'est une entreprise de chimie;factuel;3;activité du sponsor
ARKEMA;Arkema;6;feminin;Six lettres qui parrainent l'élite française;joueur;2;partenaire du championnat
ARMANI;Armani;6;actuels;Gardien argentin champion du monde 2022;factuel;2;titre conquis au Qatar
ARMANI;Armani;6;actuels;Absent de la liste pour le Mondial 2026;factuel;2;non retenu
ARMANI;Armani;6;actuels;Six lettres qui évoquent aussi la mode italienne;joueur;1;homonymie
ARNOLD;Arnold;6;legendes;Son corner joué vite a battu le Barça en 2019;factuel;1;remontée d'Anfield
ARNOLD;Arnold;6;legendes;Latéral droit anglais formé à Liverpool;factuel;1;produit du club
ARNOLD;Arnold;6;legendes;Six lettres qui centrent mieux que bien des ailiers;joueur;1;qualité du latéral
ARTETA;Arteta;6;coachs;Technicien espagnol d'Arsenal;factuel;1;banc des Gunners
ARTETA;Arteta;6;coachs;Il a offert au club son premier titre depuis 2004;factuel;1;championnat 2026
ARTETA;Arteta;6;coachs;Six lettres toujours impeccablement habillées;joueur;1;image du coach
AUDACE;audace;6;fillfoot;Tenter la frappe de quarante mètres;factuel;1;prise de risque
AUDACE;audace;6;fillfoot;À l'extérieur, elle manque cruellement;joueur;1;prudence des équipes
AVENIR;Avenir;6;clubs;Mot présent dans le nom de clubs amateurs;factuel;3;dénomination locale
AVENIR;Avenir;6;clubs;Celui d'un club se joue au centre de formation;factuel;1;politique sportive
AVENIR;Avenir;6;clubs;Six lettres devant sportif dans un sigle;joueur;3;convention de nommage
AZTECA;Azteca;6;stades;Seul stade à avoir reçu deux finales de Mondial;factuel;1;1970 et 1986
AZTECA;Azteca;6;stades;Maradona y a marqué le but du siècle;factuel;1;quart de finale de 1986
AZTECA;Azteca;6;stades;Six lettres perchées à plus de deux mille mètres;joueur;2;altitude de Mexico
BAFANA;Bafana;6;selections;Surnom redoublé de la sélection sud-africaine;factuel;3;Bafana Bafana
BAFANA;Bafana;6;selections;Elle a reçu le Mondial en 2010;factuel;1;première édition africaine
BAFANA;Bafana;6;selections;Six lettres qui signifient les garçons;joueur;2;traduction
BAGGIO;Baggio;6;legendes;Ballon d'Or italien à la queue-de-cheval;factuel;1;silhouette culte
BAGGIO;Baggio;6;legendes;Son penalty au-dessus a coûté la finale de 1994;factuel;1;séance de Pasadena
BAGGIO;Baggio;6;legendes;Six lettres surnommées le Divin Chauve;joueur;2;surnom du joueur
BALCON;balcon;6;culture;Lieu d'où les champions saluent la foule;factuel;1;réception officielle
BALCON;balcon;6;culture;Celui de la mairie sert pour les grandes occasions;factuel;1;protocole municipal
BALCON;balcon;6;culture;Six lettres où l'on soulève le trophée;joueur;1;image de la célébration
BALLON;ballon;6;culture;Objet sans lequel rien ne serait possible;factuel;1;élément du jeu
BALLON;ballon;6;culture;Celui du match repart avec l'auteur d'un triplé;factuel;1;tradition consacrée
BALLON;ballon;6;culture;Six lettres devant d'Or dans un trophée;joueur;1;distinction individuelle
BARNES;Barnes;6;actuels;Attaquant anglais passé de Leicester à Newcastle;factuel;3;carrière du joueur
BARNES;Barnes;6;actuels;Un ailier légendaire portait aussi ce patronyme;factuel;2;idole de Liverpool
BARNES;Barnes;6;actuels;Six lettres qui repiquent depuis la gauche;joueur;2;style de l'attaquant
BASTIA;Bastia;6;clubs;Club corse finaliste de la Coupe UEFA en 1978;factuel;2;parcours européen
BASTIA;Bastia;6;clubs;Il joue à Furiani;factuel;2;enceinte du club
BASTIA;Bastia;6;clubs;Six lettres bleu ciel de Haute-Corse;joueur;2;couleurs du club
BAYERN;Bayern;6;clubs;Club munichois le plus titré d'Allemagne;factuel;1;record national
BAYERN;Bayern;6;clubs;Il a fourni sept joueurs à la liste allemande de 2026;factuel;2;contingent record
BAYERN;Bayern;6;clubs;Six lettres rouge et blanc de Bavière;joueur;1;couleurs du club
BEBETO;Bebeto;6;legendes;Attaquant brésilien champion du monde en 1994;factuel;2;titre américain
BEBETO;Bebeto;6;legendes;Sa célébration du berceau a fait le tour du monde;factuel;1;naissance de son fils
BEBETO;Bebeto;6;legendes;Six lettres qui formaient un duo avec Romario;joueur;2;tandem offensif
BIELSA;Bielsa;6;coachs;Technicien argentin surnommé el Loco;factuel;1;surnom du coach
BIELSA;Bielsa;6;coachs;Il s'assoit sur une glacière au bord du terrain;factuel;1;posture reconnaissable
BIELSA;Bielsa;6;coachs;Six lettres passées par Marseille et Leeds;joueur;1;carrière du technicien
BILBAO;Bilbao;6;clubs;Ville basque au club qui ne recrute que des locaux;factuel;2;politique du club
BILBAO;Bilbao;6;clubs;Son club n'a jamais connu la deuxième division;factuel;3;longévité dans l'élite
BILBAO;Bilbao;6;clubs;Six lettres rouge et blanc du Pays basque;joueur;2;couleurs du club
BILLET;billet;6;fillfoot;Il donne accès à une place numérotée;factuel;1;titre d'entrée
BILLET;billet;6;fillfoot;Introuvable les soirs de derby;joueur;1;forte demande
BIOPIC;biopic;6;culture;Film qui raconte la vie d'un joueur;factuel;2;genre cinématographique
BIOPIC;biopic;6;culture;Plusieurs légendes en ont eu un;factuel;2;tendance du genre
BIOPIC;biopic;6;culture;Six lettres formées de deux mots anglais;joueur;2;étymologie
BLASON;blason;6;fillfoot;Emblème brodé sur la poitrine du maillot;factuel;1;écusson du club
BLASON;blason;6;fillfoot;Le redorer, c'est gagner enfin quelque chose;joueur;1;expression consacrée
BLEUES;Bleues;6;feminin;Surnom de la sélection française;factuel;1;équipe nationale
BLEUES;Bleues;6;feminin;Elles ont atteint les quarts du Mondial 2019;factuel;1;édition à domicile
BLEUES;Bleues;6;feminin;Six lettres qui attendent encore un premier titre;joueur;1;palmarès du groupe
BOCHUM;Bochum;6;clubs;Club allemand de la Ruhr;factuel;3;championnat allemand
BOCHUM;Bochum;6;clubs;Sa ville a un passé minier marqué;factuel;3;histoire locale
BOCHUM;Bochum;6;clubs;Six lettres bleu et blanc;joueur;3;couleurs du club
BOLTON;Bolton;6;clubs;Club anglais fondateur de la Football League;factuel;3;membre historique
BOLTON;Bolton;6;clubs;Il a gagné quatre fois la Coupe d'Angleterre;factuel;3;palmarès du club
BOLTON;Bolton;6;clubs;Six lettres blanches du Grand Manchester;joueur;3;couleurs du club
BONNET;bonnet;6;fillfoot;Il protège la tête du portier par grand froid;factuel;2;équipement du gardien
BONNET;bonnet;6;fillfoot;Il tombe au moment d'entrer sur la pelouse;joueur;1;geste du remplaçant
BOSTON;Boston;6;stades;Ville américaine hôte du Mondial 2026;factuel;2;organisation américaine
BOSTON;Boston;6;stades;Les Bleus y avaient établi leur camp de base;factuel;2;installation de l'équipe
BOSTON;Boston;6;stades;Six lettres du nord-est des États-Unis;joueur;1;géographie
BOUFAL;Boufal;6;legendes;Ailier marocain au dribble spectaculaire;factuel;3;style du joueur
BOUFAL;Boufal;6;legendes;Il a dansé avec sa mère après un quart de finale;factuel;2;image de 2022
BOUFAL;Boufal;6;legendes;Six lettres passées par Lille et Southampton;joueur;3;carrière du joueur
BOUNOU;Bounou;6;actuels;Gardien marocain héros du parcours de 2022;factuel;1;demi-finale au Qatar
BOUNOU;Bounou;6;actuels;Deuxième joueur le plus capé du groupe;factuel;2;soixante-cinq sélections
BOUNOU;Bounou;6;actuels;Six lettres qui arrêtent les onze mètres;joueur;2;réputation du portier
BOURDE;bourde;6;culture;Erreur individuelle très visible;factuel;1;terme familier
BOURDE;bourde;6;culture;Elle se paie souvent au tableau d'affichage;factuel;1;conséquence directe
BOURDE;bourde;6;culture;Six lettres dont on se souvient plus que des parades;joueur;1;injustice du souvenir
BRAHIM;Brahim;6;actuels;Ailier du Real qui a choisi le Maroc;factuel;2;choix de sélection
BRAHIM;Brahim;6;actuels;Il avait été formé à Málaga puis à City;factuel;3;parcours du joueur
BRAHIM;Brahim;6;actuels;Six lettres qui dribblent dans un mouchoir;joueur;2;style de l'ailier
BREMER;Bremer;6;actuels;Défenseur brésilien de la Juventus;factuel;3;charnière turinoise
BREMER;Bremer;6;actuels;Il était arrivé du Torino;factuel;3;transfert du joueur
BREMER;Bremer;6;actuels;Six lettres impressionnantes dans les duels;joueur;3;style du central
BRESIL;Brésil;6;selections;Seule sélection présente à tous les Mondiaux;factuel;1;record de participations
BRESIL;Brésil;6;selections;Elle compte cinq titres mondiaux;factuel;1;record absolu
BRESIL;Brésil;6;selections;Six lettres jaune et vert;joueur;1;couleurs du maillot
BRIGHT;Bright;6;feminin;Défenseure anglaise capitaine de Chelsea;factuel;3;brassard londonien
BRIGHT;Bright;6;feminin;Elle a disputé la finale du Mondial 2023;factuel;3;défaite contre l'Espagne
BRIGHT;Bright;6;feminin;Six lettres qui signifient brillant en anglais;joueur;1;traduction
BRONZE;bronze;6;competitions;Médaille du troisième d'une compétition;factuel;1;place sur le podium
BRONZE;bronze;6;competitions;L'Angleterre l'a décroché au Mondial 2026;factuel;2;petite finale gagnée
BRONZE;bronze;6;competitions;Six lettres qui valent mieux qu'une quatrième place;joueur;1;consolation du podium
BRUGES;Bruges;6;clubs;Club belge qui a vendu Tzolis à Arsenal en 2026;factuel;3;transfert de quarante millions
BRUGES;Bruges;6;clubs;Sa ville est surnommée la Venise du Nord;factuel;1;patrimoine flamand
BRUGES;Bruges;6;clubs;Six lettres bleu et noir;joueur;2;couleurs du club
BUDGET;budget;6;vocab;Enveloppe annuelle dont dispose le club;factuel;1;moyens financiers
BUDGET;budget;6;vocab;Il n'a jamais gagné une rencontre tout seul;joueur;2;limites de l'argent
BUFFON;Buffon;6;legendes;Gardien italien champion du monde en 2006;factuel;1;titre allemand
BUFFON;Buffon;6;legendes;Il jouait encore au très haut niveau à quarante ans;factuel;2;longévité rare
BUFFON;Buffon;6;legendes;Six lettres qui n'ont jamais gagné la C1;joueur;2;regret de sa carrière
BUTEUR;buteur;6;vocab;Il finit en tête du classement des réalisations;factuel;1;meilleur marqueur
BUTEUR;buteur;6;vocab;Mbappé a terminé premier de ce classement en 2026;factuel;2;dix réalisations au Mondial
BUTEUR;buteur;6;vocab;On lui pardonne une heure de sommeil sur un geste;joueur;1;jugement sur l'efficacité
BUTOIR;butoir;6;vocab;Date limite au-delà de laquelle on ne recrute plus;factuel;2;clôture du mercato
BUTOIR;butoir;6;vocab;Le dernier jour, les téléphones chauffent;joueur;2;fin de la période des transferts
CAHIER;cahier;6;culture;On y dessine des compositions pendant les cours;joueur;1;habitude de l'élève
CAHIER;cahier;6;culture;Celui des charges encadre l'organisation d'un tournoi;factuel;2;document officiel
CAHIER;cahier;6;culture;Six lettres couvertes de schémas tactiques;joueur;1;distraction scolaire
CAISSE;caisse;6;fillfoot;Celle du club est souvent vide au mois de juin;factuel;1;trésorerie
CAISSE;caisse;6;fillfoot;Une vente la renfloue d'un seul coup;joueur;1;transfert salvateur
CALAIS;Calais;6;clubs;Club amateur finaliste de la Coupe en 2000;factuel;2;exploit resté célèbre
CALAIS;Calais;6;clubs;Sa ville est la plus proche de l'Angleterre;factuel;1;géographie
CALAIS;Calais;6;clubs;Six lettres qui ont fait rêver tout le football amateur;joueur;2;parcours de 2000
CAMARA;Camara;6;actuels;Milieu sénégalais monégasque retenu en 2026;factuel;2;liste de Pape Thiaw
CAMARA;Camara;6;actuels;Un défenseur du même nom a été écarté;factuel;3;réduction à vingt-six
CAMARA;Camara;6;actuels;Six lettres très courantes en Afrique de l'Ouest;joueur;1;nom répandu
CAMERA;caméra;6;fillfoot;Il y en a une trentaine autour du terrain;factuel;2;dispositif de diffusion
CAMERA;caméra;6;fillfoot;Le buteur la cherche du regard après son geste;joueur;1;célébration face à l'objectif
CANADA;Canada;6;selections;Coorganisateur du Mondial 2026;factuel;1;avec ses deux voisins
CANADA;Canada;6;selections;Il est le troisième pays hôte de l'édition;factuel;1;organisation partagée
CANADA;Canada;6;selections;Six lettres qui jouent en rouge et blanc;joueur;1;couleurs nationales
CANAPE;canapé;6;fillfoot;Meuble d'où l'on refait la tactique;factuel;1;poste du téléspectateur
CANAPE;canapé;6;fillfoot;On y suit la soirée continentale sans bouger;joueur;1;spectateur à domicile
CANNES;Cannes;6;clubs;Club azuréen qui a formé Zidane;factuel;2;débuts du meneur
CANNES;Cannes;6;clubs;Sa ville accueille un festival de cinéma;factuel;1;événement mondial
CANNES;Cannes;6;clubs;Six lettres rouge et blanc de la Croisette;joueur;3;couleurs du club
CARLOS;Carlos;6;legendes;Son coup franc de 1997 défiait la physique;factuel;1;frappe contre la France
CARLOS;Carlos;6;legendes;Latéral gauche brésilien du Real des Galactiques;factuel;1;carrière madrilène
CARLOS;Carlos;6;legendes;Six lettres aux cuisses les plus célèbres du foot;joueur;1;gabarit du joueur
CARROW;Carrow;6;stades;Il précède Road dans le nom d'un stade du Norfolk;factuel;3;Norwich
CARROW;Carrow;6;stades;L'enceinte accueille les Canaris;factuel;2;surnom du club
CARROW;Carrow;6;stades;Six lettres jaune et vert;joueur;3;couleurs du club
CARTON;carton;6;vocab;Jaune ou rouge, l'arbitre le brandit;factuel;1;sanction disciplinaire
CARTON;carton;6;vocab;Il est apparu au Mondial 1970;factuel;3;introduction en Coupe du monde
CARTON;carton;6;vocab;Plein, il désigne une victoire fleuve;joueur;1;expression consacrée
CATANE;Catane;6;clubs;Ville sicilienne au pied de l'Etna;factuel;2;géographie
CATANE;Catane;6;clubs;Son club a connu la Serie A;factuel;3;football italien
CATANE;Catane;6;clubs;Six lettres rouge et bleu ciel;joueur;3;couleurs du club
CAVANI;Cavani;6;legendes;Longtemps meilleur buteur de l'histoire du PSG;factuel;1;record parisien
CAVANI;Cavani;6;legendes;Attaquant uruguayen aux deux cents buts à Paris;factuel;2;marque du club
CAVANI;Cavani;6;legendes;Six lettres qui défendaient autant qu'elles marquaient;joueur;1;profil du buteur
CAVIAR;caviar;6;vocab;Passe servie sur un plateau;factuel;2;transmission parfaite
CAVIAR;caviar;6;vocab;Il ne reste plus qu'à pousser le ballon;joueur;1;offrande immanquable
CELTIC;Celtic;6;clubs;Premier club britannique champion d'Europe;factuel;2;titre de 1967
CELTIC;Celtic;6;clubs;Ses vainqueurs de 1967 étaient tous nés près de Glasgow;factuel;3;équipe locale
CELTIC;Celtic;6;clubs;Six lettres vert et blanc à bandes;joueur;2;tenue du club
CENTRE;centre;6;vocab;Ballon envoyé du couloir vers la surface;factuel;1;action offensive
CENTRE;centre;6;vocab;En retrait, il trouve un milieu lancé;factuel;2;variante de transmission
CENTRE;centre;6;vocab;Beckham en avait fait sa signature;joueur;2;spécialiste anglais du geste
CERCLE;Cercle;6;clubs;Mot présent dans le nom d'un club de Bruges;factuel;3;championnat belge
CERCLE;Cercle;6;clubs;Il désigne aussi une figure géométrique;factuel;1;acception courante
CERCLE;Cercle;6;clubs;Six lettres vert et noir des Flandres;joueur;3;couleurs du club
CHABAN;Chaban;6;stades;Il précède Delmas dans le nom d'un stade girondin;factuel;3;Bordeaux
CHABAN;Chaban;6;stades;Le nom honore un ancien maire de la ville;factuel;3;hommage municipal
CHABAN;Chaban;6;stades;Six lettres devenues surtout un stade de rugby;joueur;3;usage actuel
CHAINE;chaîne;6;culture;Support télévisé qui diffuse les rencontres;factuel;1;diffuseur du match
CHAINE;chaîne;6;culture;Celle du club produit ses propres contenus;factuel;2;média interne
CHAINE;chaîne;6;culture;Six lettres qu'on change dès la mi-temps;joueur;1;zapping du spectateur
CHAISE;chaise;6;coachs;Celle du technicien est réputée éjectable;joueur;1;expression consacrée
CHAISE;chaise;6;coachs;Il ne s'y assoit presque jamais;factuel;1;agitation du banc
CHAISE;chaise;6;coachs;Six lettres alignées le long de la touche;factuel;1;mobilier du banc
CHERKI;Cherki;6;actuels;Technicien lyonnais parti en Premier League;factuel;2;parcours du joueur
CHERKI;Cherki;6;actuels;Il découvrait le Mondial en 2026;factuel;2;première phase finale
CHERKI;Cherki;6;actuels;Le crack sorti du centre de formation lyonnais;joueur;1;produit maison
CHIEFS;Chiefs;6;clubs;Club sud-africain de Soweto;factuel;3;championnat local
CHIEFS;Chiefs;6;clubs;Il dispute le derby de Soweto;factuel;3;rivalité locale
CHIEFS;Chiefs;6;clubs;Six lettres or et noir;joueur;3;couleurs du club
CHIESA;Chiesa;6;legendes;Son but a lancé la demi-finale de l'Euro 2021;factuel;2;contre l'Espagne
CHIESA;Chiesa;6;legendes;Son père avait aussi porté le maillot italien;factuel;2;filiation footballistique
CHIESA;Chiesa;6;legendes;Six lettres qui signifient église en italien;joueur;1;traduction
CHIVAS;Chivas;6;clubs;Club mexicain qui n'aligne que des joueurs du pays;factuel;3;politique du club
CHIVAS;Chivas;6;clubs;Il est installé à Guadalajara;factuel;3;implantation
CHIVAS;Chivas;6;clubs;Six lettres rouge et blanc rayées;joueur;3;tenue du club
CHOLET;Cholet;6;clubs;Club des Mauges du football français;factuel;3;implantation
CHOLET;Cholet;6;clubs;Sa ville est un centre du textile;factuel;3;économie locale
CHOLET;Cholet;6;clubs;Six lettres rouge et noir du Maine-et-Loire;joueur;3;couleurs du club
CHRONO;chrono;6;culture;Il affiche le temps écoulé sur l'écran;factuel;1;affichage du stade
CHRONO;chrono;6;culture;Il ne s'arrête jamais, contrairement au rugby;factuel;2;règle du football
CHRONO;chrono;6;culture;Six lettres qu'on regarde toutes les dix secondes;joueur;1;fin de match tendue
CINEMA;cinéma;6;culture;Art qui s'est souvent emparé du ballon rond;factuel;1;représentation du sport
CINEMA;cinéma;6;culture;En faire, c'est exagérer une douleur sur le terrain;joueur;1;expression consacrée
CINEMA;cinéma;6;culture;Six lettres qui valent parfois un avertissement;joueur;2;simulation sanctionnée
CLARKE;Clarke;6;actuels;Troisième buteur de Championship en 2025-2026;factuel;3;seize réalisations
CLARKE;Clarke;6;actuels;Ailier du deuxième échelon anglais;factuel;3;saison 2025-2026
CLARKE;Clarke;6;actuels;Six lettres sur le podium anglais de division 2;joueur;2;classement de la saison
CLASSE;classe;6;culture;Elle se vide dès que la cloche sonne;joueur;1;impatience du match
CLASSE;classe;6;culture;Avoir de la, c'est jouer avec élégance;factuel;1;compliment consacré
CLASSE;classe;6;culture;Six lettres qui désignent aussi un niveau;factuel;1;acception courante
CLAUDE;Claude;6;coachs;Prénom d'un technicien français de Ligue 1;factuel;2;usage courant
CLAUDE;Claude;6;coachs;Prénom porté indifféremment par les deux sexes;factuel;1;particularité du prénom
CLAUDE;Claude;6;coachs;Six lettres devenues rares dans les vestiaires;joueur;1;prénom démodé
CLAUSS;Clauss;6;actuels;Latéral droit français passé par Marseille;factuel;3;carrière en Ligue 1
CLAUSS;Clauss;6;actuels;Il a percé sur le tard, après le championnat amateur;factuel;3;parcours atypique
CLAUSS;Clauss;6;actuels;Six lettres qui centrent très bien;joueur;3;qualité du latéral
CLICHE;cliché;6;feminin;Idée répétée sans être vérifiée;factuel;1;lieu commun
CLICHE;cliché;6;feminin;Il désigne aussi une photographie;factuel;1;acception courante
CLICHE;cliché;6;feminin;Six lettres démenties par le niveau actuel;joueur;1;évolution du jeu
CODINA;Codina;6;feminin;Défenseure espagnole championne du monde;factuel;3;titre de 2023
CODINA;Codina;6;feminin;Elle a joué au Barça puis à Arsenal;factuel;3;carrière de la joueuse
CODINA;Codina;6;feminin;Six lettres très à l'aise balle au pied;joueur;3;style de la défenseure
COLERE;colère;6;fillfoot;Émotion que le carton vient sanctionner;factuel;1;réaction sur le terrain
COLERE;colère;6;fillfoot;Elle sort du vestiaire à la mi-temps;joueur;1;causerie musclée
COMPTE;compte;6;culture;Profil d'un joueur sur un réseau social;factuel;1;présence en ligne
COMPTE;compte;6;culture;Certains clubs en gèrent une dizaine;factuel;2;stratégie numérique
COMPTE;compte;6;culture;Six lettres qui servent aussi à additionner;joueur;1;homonymie
CONTRE;contre;6;vocab;Attaque éclair après une récupération;factuel;1;transition offensive
CONTRE;contre;6;vocab;Trois secondes et le stade adverse est muet;joueur;2;rapidité de l'action
COPINE;copine;6;feminin;Celle qu'on entraîne à s'inscrire au club;factuel;1;recrutement par le bouche-à-oreille
COPINE;copine;6;feminin;Elle rend la première séance moins intimidante;factuel;1;rôle du groupe
COPINE;copine;6;feminin;Six lettres qui décident souvent de tout;joueur;1;poids de l'entourage
CORNER;corner;6;vocab;Accordé quand la défense sort le ballon;factuel;1;sortie par la ligne de but
CORNER;corner;6;vocab;Frappé depuis un quart de cercle;factuel;2;arc d'un mètre de rayon
CORNER;corner;6;vocab;Les grands montent, le gardien hurle;joueur;1;phase arrêtée offensive
CORREA;Correa;6;actuels;Attaquant argentin sacré au Qatar, absent en 2026;factuel;2;non retenu
CORREA;Correa;6;actuels;Il fait partie des neuf champions écartés;factuel;3;renouvellement du groupe
CORREA;Correa;6;actuels;Six lettres qui n'ont pas fait le voyage;joueur;2;non-sélection
CORUNA;Corogne;6;clubs;Ville galicienne au club champion en 2000;factuel;3;titre espagnol
CORUNA;Corogne;6;clubs;Son club a atteint une demi-finale de C1;factuel;3;parcours européen
CORUNA;Corogne;6;clubs;Six lettres au bord de l'Atlantique;joueur;3;géographie
COUNTY;County;6;clubs;Mot présent dans le nom de clubs anglais;factuel;3;Derby et Notts
COUNTY;County;6;clubs;Le club de Notts est le plus ancien professionnel;factuel;3;fondé en 1862
COUNTY;County;6;clubs;Six lettres qui signifient comté;joueur;2;traduction
COUPET;Coupet;6;legendes;Gardien des sept titres consécutifs de Lyon;factuel;3;domination rhodanienne
COUPET;Coupet;6;legendes;Il a été la doublure de Barthez en sélection;factuel;3;hiérarchie des Bleus
COUPET;Coupet;6;legendes;Six lettres arrêtant tout pendant une décennie;joueur;3;régularité du portier
COURSE;course;6;vocab;Déplacement à haute intensité sans le ballon;factuel;1;effort physique
COURSE;course;6;vocab;Le compteur en affiche onze kilomètres;factuel;2;distance parcourue par match
COURSE;course;6;vocab;Le milieu en fait une de trop et s'écroule;joueur;1;épuisement physique
CRAVEN;Craven;6;stades;Il précède Cottage dans le nom d'un stade londonien;factuel;3;Fulham
CRAVEN;Craven;6;stades;L'enceinte borde la Tamise;factuel;2;situation du stade
CRAVEN;Craven;6;stades;Six lettres au charme très anglais;joueur;2;caractère du lieu
CRESPO;Crespo;6;legendes;Buteur argentin passé par la Lazio, Chelsea et Milan;factuel;2;carrière du joueur
CRESPO;Crespo;6;legendes;Il a marqué deux fois en finale de C1 en 2005;factuel;3;première période d'Istanbul
CRESPO;Crespo;6;legendes;Six lettres qui n'ont jamais soulevé le trophée;joueur;3;remontée de Liverpool
CROUCH;Crouch;6;legendes;Attaquant anglais de deux mètres;factuel;1;gabarit hors norme
CROUCH;Crouch;6;legendes;Il célébrait par une danse de robot;factuel;1;geste devenu culte
CROUCH;Crouch;6;legendes;Six lettres bien plus techniques qu'on ne croyait;joueur;2;qualités du joueur
CRUYFF;Cruyff;6;stades;Nom donné à l'enceinte d'Amsterdam;factuel;1;hommage au Ballon d'Or
CRUYFF;Cruyff;6;stades;Il fut le premier stade européen à toit rétractable;factuel;3;innovation de 1996
CRUYFF;Cruyff;6;stades;Six lettres qui honorent l'inventeur du football total;joueur;1;héritage du joueur
DALLAS;Dallas;6;stades;Ville texane hôte du Mondial 2026;factuel;1;organisation américaine
DALLAS;Dallas;6;stades;Elle a accueilli plusieurs matchs du tournoi;factuel;2;édition à quarante-huit
DALLAS;Dallas;6;stades;Six lettres qui portent aussi le nom d'une série;joueur;1;homonymie
DAVIDS;Davids;6;legendes;Milieu néerlandais aux lunettes de protection;factuel;1;silhouette culte
DAVIDS;Davids;6;legendes;Il a joué à l'Ajax, à la Juventus et au Barça;factuel;2;carrière du joueur
DAVIDS;Davids;6;legendes;Six lettres surnommées le Pitbull;joueur;1;surnom du récupérateur
DAVIES;Davies;6;actuels;Latéral canadien du Bayern Munich;factuel;2;carrière allemande
DAVIES;Davies;6;actuels;Il est réputé le plus rapide du monde à son poste;factuel;2;qualité du joueur
DAVIES;Davies;6;actuels;Six lettres arrivées de la MLS à dix-huit ans;joueur;3;parcours du joueur
DECLIC;déclic;6;feminin;Ce qui donne envie de s'inscrire dans un club;factuel;1;naissance d'une vocation
DECLIC;déclic;6;feminin;Il se produit souvent devant un match télévisé;factuel;1;rôle de la diffusion
DECLIC;déclic;6;feminin;Six lettres qui changent une trajectoire;joueur;1;effet du modèle
DEFILE;défilé;6;culture;Parade des champions sur un bus à impériale;factuel;1;célébration du titre
DEFILE;défilé;6;culture;Il traverse la ville au ralenti;factuel;1;déroulé de la parade
DEFILE;défilé;6;culture;Six lettres suivies par des milliers de personnes;joueur;1;affluence de la fête
DEJONG;De Jong;6;legendes;Milieu néerlandais passé de l'Ajax au Barça;factuel;2;transfert de 2019
DEJONG;De Jong;6;legendes;Il a atteint la demi-finale de C1 à vingt et un ans;factuel;3;épopée de l'Ajax
DEJONG;De Jong;6;legendes;Six lettres qui sortent du pressing en conduite;joueur;2;qualité du milieu
DEKUIP;De Kuip;6;stades;Enceinte de Rotterdam surnommée la Cuve;factuel;3;Feyenoord
DEKUIP;De Kuip;6;stades;Sa forme ovale lui a valu ce surnom;factuel;3;architecture du lieu
DEKUIP;De Kuip;6;stades;Six lettres réputées pour leur acoustique;joueur;3;ambiance du stade
DELIGT;De Ligt;6;legendes;Capitaine de l'Ajax demi-finaliste en 2019;factuel;2;épopée européenne
DELIGT;De Ligt;6;legendes;Il était capitaine à dix-neuf ans;factuel;2;précocité du défenseur
DELIGT;De Ligt;6;legendes;Six lettres parties ensuite à la Juventus;joueur;2;carrière du joueur
DEPAUL;De Paul;6;actuels;Milieu argentin champion du monde en 2022;factuel;2;titre au Qatar
DEPAUL;De Paul;6;actuels;Il est le garde du corps de Messi, dit-on;factuel;2;expression consacrée
DEPAUL;De Paul;6;actuels;Six lettres au volume de course énorme;joueur;2;profil du milieu
DESTIN;destin;6;culture;Ce qui semble décider d'un but à la dernière seconde;factuel;1;part d'irrationnel
DESTIN;destin;6;culture;Les supporters y croient plus qu'aux statistiques;joueur;1;croyance du public
DESTIN;destin;6;culture;Six lettres invoquées après chaque poteau;joueur;1;explication commode
DEVISE;devise;6;culture;Phrase qui résume l'esprit d'un club;factuel;1;identité du club
DEVISE;devise;6;culture;Celle de Liverpool parle de ne jamais marcher seul;factuel;2;hymne du club
DEVISE;devise;6;culture;Six lettres qui désignent aussi une monnaie;joueur;1;homonymie
DIABLE;diable;6;fillfoot;Surnom d'une sélection qui joue en rouge;factuel;2;Belgique
DIABLE;diable;6;fillfoot;Il sort de sa boîte à la 89e;joueur;1;entrant décisif
DIACRE;Diacre;6;feminin;Sélectionneuse des Bleues jusqu'en 2023;factuel;2;banc tricolore
DIACRE;Diacre;6;feminin;Elle avait été championne d'Europe comme joueuse;factuel;3;palmarès de la joueuse
DIACRE;Diacre;6;feminin;Six lettres qui portent aussi un titre religieux;joueur;1;homonymie
DIARRA;Diarra;6;actuels;Milieu sénégalais évoluant à Strasbourg;factuel;2;club français
DIARRA;Diarra;6;actuels;Retenu pour la Coupe du monde 2026;factuel;1;liste de Pape Thiaw
DIARRA;Diarra;6;actuels;Six lettres dans l'entrejeu des Lions;joueur;1;poste du joueur
DIATTA;Diatta;6;actuels;Ailier sénégalais de Monaco;factuel;3;carrière en Ligue 1
DIATTA;Diatta;6;actuels;Il est passé par le Club Bruges;factuel;3;parcours du joueur
DIATTA;Diatta;6;actuels;Six lettres qui peuvent jouer latéral;joueur;3;polyvalence du joueur
DINAMO;Dinamo;6;clubs;Nom porté par des clubs de Zagreb, Kiev et Bucarest;factuel;2;dénomination répandue
DINAMO;Dinamo;6;clubs;Il désignait souvent les clubs de la police;factuel;3;origine soviétique
DINAMO;Dinamo;6;clubs;Six lettres présentes dans toute l'Europe de l'Est;joueur;2;usage régional
DIRECT;direct;6;fillfoot;Le coup franc qui l'est peut finir au fond;factuel;1;type de remise en jeu
DIRECT;direct;6;fillfoot;Retransmission sans le moindre différé;factuel;1;diffusion en temps réel
DIRECT;direct;6;fillfoot;On le préfère toujours au résumé;joueur;1;choix du spectateur
DOGUES;Dogues;6;clubs;Surnom des joueurs du club lillois;factuel;2;emblème du club
DOGUES;Dogues;6;clubs;Ils ont été champions de France en 2021;factuel;2;titre nordiste
DOGUES;Dogues;6;clubs;Six lettres au molosse sur l'écusson;joueur;2;blason du club
DOUBLE;double;6;vocab;Deux réalisations dans la même rencontre;factuel;1;doublé
DOUBLE;double;6;vocab;L'attaquant en réclame aussitôt un troisième;joueur;2;appétit du marqueur
DOUCHE;douche;6;culture;Ce qui suit immédiatement le match au vestiaire;factuel;1;rituel d'après-match
DOUCHE;douche;6;culture;Froide, elle décrit aussi une grosse déception;joueur;1;expression consacrée
DOUCHE;douche;6;culture;Six lettres où se chantent les meilleurs airs;joueur;1;ambiance du vestiaire
DOVBYK;Dovbyk;6;actuels;Attaquant ukrainien de la Roma;factuel;3;buteur giallorosso
DOVBYK;Dovbyk;6;actuels;Il avait été meilleur buteur de Liga avec Gérone;factuel;3;saison 2023-2024
DOVBYK;Dovbyk;6;actuels;Six lettres au gabarit de grand avant-centre;joueur;3;profil du buteur
DRAGAO;Dragão;6;stades;Enceinte portugaise au nom de créature légendaire;factuel;3;Porto
DRAGAO;Dragão;6;stades;Elle a accueilli une finale de C1 en 2021;factuel;3;Chelsea contre City
DRAGAO;Dragão;6;stades;Six lettres qui signifient dragon;joueur;2;traduction
DROGBA;Drogba;6;legendes;Attaquant ivoirien décisif en finale de C1 en 2012;factuel;1;égalisation et penalty
DROGBA;Drogba;6;legendes;Meilleur buteur de l'histoire des Éléphants;factuel;2;record national
DROGBA;Drogba;6;legendes;Six lettres qui ont fait taire un stade bavarois;joueur;2;finale de Munich
DYBALA;Dybala;6;actuels;Grand absent de la présélection argentine 2026;factuel;2;écarté par le sélectionneur
DYBALA;Dybala;6;actuels;Champion du monde 2022 non retenu quatre ans après;factuel;2;fin de cycle
DYBALA;Dybala;6;actuels;Six lettres et une célébration devenue culte;joueur;2;geste du masque
EAGLES;Eagles;6;selections;Ils suivent Super dans le surnom nigérian;factuel;2;Super Eagles
EAGLES;Eagles;6;selections;La sélection a été trois fois championne d'Afrique;factuel;2;palmarès continental
EAGLES;Eagles;6;selections;Six lettres qui signifient aigles en anglais;joueur;1;traduction
ECOSSE;Écosse;6;selections;Sélection au chardon et au tartan;factuel;2;emblèmes nationaux
ECOSSE;Écosse;6;selections;Elle était dans le groupe du Brésil en 2026;factuel;2;tirage du Mondial
ECOSSE;Écosse;6;selections;Six lettres qui jouent en bleu marine;joueur;1;couleur du maillot
EGYPTE;Égypte;6;selections;Recordwoman de titres continentaux africains;factuel;2;sept Coupes d'Afrique
EGYPTE;Égypte;6;selections;Elle était dans le groupe de la Belgique en 2026;factuel;3;tirage du Mondial
EGYPTE;Égypte;6;selections;Six lettres emmenées par l'ailier de Liverpool;joueur;1;Salah
EJECTE;éjecté;6;coachs;Ce qu'on dit d'un technicien renvoyé;joueur;1;langage courant
EJECTE;éjecté;6;coachs;Sa chaise est réputée pour cela;factuel;1;expression consacrée
EJECTE;éjecté;6;coachs;Six lettres du participe passé d'éjecter;factuel;1;conjugaison
ELANGA;Elanga;6;actuels;Ailier suédois de Newcastle;factuel;3;carrière anglaise
ELANGA;Elanga;6;actuels;Il a été formé à Manchester United;factuel;3;parcours du joueur
ELANGA;Elanga;6;actuels;Six lettres à la pointe de vitesse redoutée;joueur;2;profil de l'ailier
ELLAND;Elland;6;stades;Il précède Road dans le nom d'un stade anglais;factuel;3;Leeds
ELLAND;Elland;6;stades;L'enceinte se trouve dans le Yorkshire;factuel;3;implantation
ELLAND;Elland;6;stades;Six lettres à l'ambiance très bruyante;joueur;3;réputation du public
EMELEC;Emelec;6;clubs;Club équatorien de Guayaquil;factuel;3;championnat local
EMELEC;Emelec;6;clubs;Son nom vient d'une compagnie d'électricité;factuel;3;origine du club
EMELEC;Emelec;6;clubs;Six lettres bleues de la côte pacifique;joueur;3;couleur du maillot
EMPOLI;Empoli;6;clubs;Club toscan habitué de l'ascenseur;factuel;3;montées et descentes
EMPOLI;Empoli;6;clubs;Il est réputé pour son centre de formation;factuel;3;qualité du recrutement
EMPOLI;Empoli;6;clubs;Six lettres bleues de Toscane;joueur;3;couleur du maillot
ENTREE;entrée;6;coachs;Moment où un remplaçant rejoint le terrain;factuel;1;changement en cours
ENTREE;entrée;6;coachs;Réussie, elle peut renverser une rencontre;factuel;1;impact du banc
ENTREE;entrée;6;coachs;Six lettres qui précèdent parfois un but;joueur;1;coup gagnant du coach
EPAULE;épaule;6;fillfoot;Charge autorisée tant qu'elle reste correcte;factuel;2;contact légal
EPAULE;épaule;6;fillfoot;On y pleure après une finale perdue;joueur;1;réconfort d'un coéquipier
EPINAL;Épinal;6;clubs;Club vosgien du football amateur;factuel;3;implantation
EPINAL;Épinal;6;clubs;Sa ville a donné son nom à des images populaires;factuel;2;expression consacrée
EPINAL;Épinal;6;clubs;Six lettres jaune et bleu des Vosges;joueur;3;couleurs du club
EPOPEE;épopée;6;culture;Parcours héroïque d'un petit club en coupe;factuel;1;récit consacré
EPOPEE;épopée;6;culture;Celle du Maroc en 2022 a marqué un continent;factuel;1;demi-finale historique
EPOPEE;épopée;6;culture;Six lettres qu'on raconte pendant vingt ans;joueur;1;mémoire collective
EQUIPE;équipe;6;vocab;Onze titulaires et leurs remplaçants;factuel;1;composition
EQUIPE;équipe;6;vocab;Type, elle s'écrit sur un coin de nappe;joueur;1;discussion de comptoir
ESPACE;espace;6;vocab;Zone libre entre deux lignes adverses;factuel;2;intervalle
ESPACE;espace;6;vocab;Le bloc bas n'en laisse pas le moindre;joueur;2;densité défensive
ESPOIR;espoir;6;fillfoot;Jeune joueur promis à un bel avenir;factuel;1;catégorie de joueur
ESPOIR;espoir;6;fillfoot;Il renaît sur une réduction du score à la 85e;joueur;1;fin de match
ESSIEN;Essien;6;legendes;Milieu ghanéen emblématique de Chelsea;factuel;2;carrière anglaise
ESSIEN;Essien;6;legendes;Sa frappe de loin contre Arsenal reste un classique;factuel;3;but de 2006
ESSIEN;Essien;6;legendes;Six lettres surnommées le Bison;joueur;2;surnom du milieu
ETIHAD;Etihad;6;stades;Enceinte du club champion d'Angleterre en 2012;factuel;2;Manchester City
ETIHAD;Etihad;6;stades;Agüero y a marqué à la dernière seconde du titre;factuel;1;saison 2011-2012
ETIHAD;Etihad;6;stades;Six lettres qui portent le nom d'une compagnie;joueur;1;sponsor du stade
ETOILE;étoile;6;fillfoot|competitions;Elle surmonte l'écusson après un titre mondial;factuel;2;symbole de palmarès
ETOILE;étoile;6;fillfoot|competitions;Montante, elle a dix-neuf ans et déjà tout;joueur;1;jeune talent
ETOILE;étoile;6;fillfoot|competitions;La France en porte deux au-dessus du blason;factuel;1;1998 et 2018
EUROPA;Europa;6;competitions;Deuxième épreuve continentale de clubs;factuel;1;League
EUROPA;Europa;6;competitions;Elle se joue le jeudi soir;factuel;1;programmation habituelle
EUROPA;Europa;6;competitions;Six lettres pour ceux qui ont raté mieux;joueur;2;compétition de consolation
EUROPE;Europe;6;competitions;Continent aux trois coupes de clubs;factuel;1;organisation continentale
EUROPE;Europe;6;competitions;Son championnat des nations se joue tous les quatre ans;factuel;1;cycle de l'Euro
EUROPE;Europe;6;competitions;Six lettres au toit desquelles on monte en mai;joueur;1;expression consacrée
EXEMPT;exempt;6;competitions;Club dispensé d'un tour de coupe;factuel;3;règlement des épreuves
EXEMPT;exempt;6;competitions;Les grands le sont souvent au premier tour;factuel;2;entrée en lice différée
EXEMPT;exempt;6;competitions;Six lettres qui économisent un déplacement;joueur;2;avantage du calendrier
FABIAN;Fabián;6;actuels;Milieu espagnol du PSG;factuel;2;entrejeu parisien
FABIAN;Fabián;6;actuels;Il a été champion d'Europe en 2024;factuel;2;titre de la Roja
FABIAN;Fabián;6;actuels;Six lettres qui frappent très bien de loin;joueur;2;qualité du milieu
FALCAO;Falcao;6;legendes;Buteur colombien surnommé le Tigre;factuel;2;surnom du joueur
FALCAO;Falcao;6;legendes;Il célébrait en mimant un tir à l'arc;factuel;2;geste reconnaissable
FALCAO;Falcao;6;legendes;Six lettres passées par Porto, l'Atlético et Monaco;joueur;2;carrière du joueur
FANION;fanion;6;vocab;Petit drapeau planté au coin du terrain;factuel;1;marquage du corner
FANION;fanion;6;vocab;L'assistant le lève et la joie retombe;joueur;1;signalisation du hors-jeu
FEINTE;feinte;6;vocab;Geste destiné à tromper l'adversaire;factuel;1;technique individuelle
FEINTE;feinte;6;vocab;De corps, elle envoie le défenseur au café;joueur;2;expression consacrée
FESSEE;fessée;6;culture;Correction sévère infligée sur le terrain;factuel;1;terme d'argot
FESSEE;fessée;6;culture;Elle se raconte longtemps chez l'adversaire;joueur;1;humiliation durable
FESSEE;fessée;6;culture;Six lettres qui font la une des journaux;joueur;2;traitement médiatique
FIERTE;fierté;6;fillfoot;Porter le maillot national la procure;factuel;1;sentiment du sélectionné
FIERTE;fierté;6;fillfoot;Même battu, on rentre avec elle;joueur;1;honneur préservé
FILLES;filles;6;feminin;Elles jouent avec les garçons jusqu'à un certain âge;factuel;1;règle de la mixité
FILLES;filles;6;feminin;Leur nombre explose dans les écoles de foot;factuel;1;croissance de la pratique
FILLES;filles;6;feminin;Six lettres qui réclament un vestiaire à elles;joueur;2;équipement des clubs
FINALE;finale;6;competitions;Dernier match d'une compétition;factuel;1;ultime rencontre
FINALE;finale;6;competitions;Celle de 2026 s'est jouée près de New York;factuel;1;MetLife Stadium
FINALE;finale;6;competitions;Six lettres qui ne se rejouent jamais;joueur;1;caractère unique
FLEURY;Fleury;6;feminin;Club francilien de l'élite féminine;factuel;3;championnat de France
FLEURY;Fleury;6;feminin;Il représente une commune de l'Essonne;factuel;3;implantation
FLEURY;Fleury;6;feminin;Six lettres qui bousculent parfois les gros;joueur;3;exploits du club
FOFANA;Fofana;6;actuels;Milieu nommé au trophée du meilleur joueur de L1;factuel;3;nomination UNFP
FOFANA;Fofana;6;actuels;Il a brillé sous les couleurs du RC Lens;factuel;3;passage en Ligue 1
FOFANA;Fofana;6;actuels;Six lettres très répandues en Afrique de l'Ouest;joueur;1;nom courant
FOREST;Forest;6;clubs;Vainqueur cinq à zéro à Sunderland en avril;factuel;3;plus large victoire à l'extérieur
FOREST;Forest;6;clubs;Club anglais installé à Nottingham;factuel;1;implantation
FOREST;Forest;6;clubs;Six lettres qui signifient forêt en anglais;joueur;1;traduction du nom
FORLAN;Forlan;6;legendes;Meilleur joueur de la Coupe du monde 2010;factuel;2;distinction du tournoi
FORLAN;Forlan;6;legendes;Il a porté l'Uruguay en demi-finale;factuel;2;parcours sud-africain
FORLAN;Forlan;6;legendes;Six lettres à la frappe de balle exceptionnelle;joueur;2;réputation du buteur
FORMAT;format;6;competitions;Organisation d'une compétition;factuel;1;structure de l'épreuve
FORMAT;format;6;competitions;Celui du Mondial est passé à quarante-huit en 2026;factuel;1;élargissement
FORMAT;format;6;competitions;Six lettres qui font hurler les puristes;joueur;2;critique de l'expansion
FOWLER;Fowler;6;legendes;Attaquant anglais surnommé Dieu à Anfield;factuel;2;idole de Liverpool
FOWLER;Fowler;6;legendes;Il a marqué un triplé en cinq minutes;factuel;3;record de Premier League
FOWLER;Fowler;6;legendes;Six lettres au sens du but redoutable;joueur;2;profil du finisseur
FRANCE;France;6;selections;Quatrième du Mondial 2026;factuel;1;petite finale perdue
FRANCE;France;6;selections;Elle a été championne du monde en 1998 et 2018;factuel;1;deux étoiles
FRANCE;France;6;selections;Six lettres qui ont perdu six à quatre à Miami;joueur;1;match pour la troisième place
FRIULI;Friuli;6;stades;Enceinte du nord-est italien;factuel;3;Udine
FRIULI;Friuli;6;stades;Elle porte le nom de sa région;factuel;3;toponymie
FRIULI;Friuli;6;stades;Six lettres noir et blanc;joueur;3;couleurs du club
FULHAM;Fulham;6;clubs;Club londonien de Premier League;factuel;1;implantation
FULHAM;Fulham;6;clubs;Il a encaissé cinq buts contre City en décembre;factuel;3;rencontre la plus prolifique
FULHAM;Fulham;6;clubs;Six lettres battues quatre buts à cinq;joueur;3;score du 2 décembre 2025
FUTKEU;Futkeu;6;actuels;Deuxième buteur de la deuxième Bundesliga;factuel;3;seize réalisations
FUTKEU;Futkeu;6;actuels;Buteur du football allemand en 2025-2026;factuel;3;saison écoulée
FUTKEU;Futkeu;6;actuels;Six lettres au deuxième échelon allemand;joueur;2;championnat de division 2
FUTSAL;futsal;6;competitions;Football à cinq joué en salle;factuel;1;variante officielle
FUTSAL;futsal;6;competitions;Sa Coupe du monde se dispute depuis 1989;factuel;3;épreuve de la FIFA
FUTSAL;futsal;6;competitions;Six lettres qui ont formé bien des Brésiliens;joueur;2;école de la technique
GALAXY;Galaxy;6;clubs;Club de Los Angeles au riche palmarès en MLS;factuel;2;championnat nord-américain
GALAXY;Galaxy;6;clubs;Beckham y a signé en 2007;factuel;2;arrivée retentissante
GALAXY;Galaxy;6;clubs;Six lettres blanc, bleu et or;joueur;3;couleurs du club
GALLES;Galles;6;selections;Demi-finaliste de l'Euro 2016;factuel;2;meilleur parcours du pays
GALLES;Galles;6;selections;Son emblème est un dragon rouge;factuel;1;symbole national
GALLES;Galles;6;selections;Six lettres qui suivent pays de;joueur;1;dénomination complète
GAMPER;Gamper;6;competitions;Trophée amical annuel du FC Barcelone;factuel;3;match de présentation
GAMPER;Gamper;6;competitions;Il porte le nom du fondateur suisse du club;factuel;3;histoire du Barça
GAMPER;Gamper;6;competitions;Six lettres qui ouvrent la saison catalane;joueur;3;tradition estivale
GARCIA;García;6;actuels;Deux Espagnols le portaient chez les sacrés de 2026;factuel;2;Joan et Eric
GARCIA;García;6;actuels;Un portier et un défenseur partagent ce patronyme;factuel;2;homonymie chez la Roja
GARCIA;García;6;actuels;Le nom le plus répandu de la péninsule;joueur;1;patronyme courant
GAUCHO;Gaúcho;6;legendes;Surnom d'un Ballon d'Or brésilien de 2005;factuel;2;Ronaldinho
GAUCHO;Gaúcho;6;legendes;Il désigne un habitant du sud du Brésil;factuel;2;origine du terme
GAUCHO;Gaúcho;6;legendes;Six lettres au sourire inoubliable;joueur;1;image du joueur
GETAFE;Getafe;6;clubs;Club de la banlieue madrilène;factuel;3;championnat espagnol
GETAFE;Getafe;6;clubs;Il est réputé pour son jeu très rugueux;factuel;3;style du club
GETAFE;Getafe;6;clubs;Six lettres bleu ciel;joueur;3;couleurs du club
GEYORO;Geyoro;6;feminin;Milieu française longtemps capitaine du PSG;factuel;2;brassard parisien
GEYORO;Geyoro;6;feminin;Elle a rejoint le championnat anglais;factuel;2;transfert de la joueuse
GEYORO;Geyoro;6;feminin;Six lettres au volume de course impressionnant;joueur;2;profil du milieu
GINOLA;Ginola;6;legendes;Ailier français passé par le PSG et Newcastle;factuel;2;carrière du joueur
GINOLA;Ginola;6;legendes;Élu meilleur joueur du championnat anglais en 1999;factuel;3;distinction anglaise
GINOLA;Ginola;6;legendes;Six lettres à la chevelure de publicité;joueur;1;image du joueur
GIRONA;Gérone;6;clubs;Club catalan révélé en Ligue des champions;factuel;3;première qualification
GIRONA;Gérone;6;clubs;Il a terminé troisième de Liga en 2024;factuel;3;meilleur classement
GIRONA;Gérone;6;clubs;Six lettres rouge et blanc de Catalogne;joueur;3;couleurs du club
GIROUD;Giroud;6;legendes;Meilleur buteur de l'histoire des Bleus;factuel;1;record national
GIROUD;Giroud;6;legendes;Champion du monde 2018 sans marquer une seule fois;factuel;2;particularité du tournoi
GIROUD;Giroud;6;legendes;Six lettres redoutables de la tête;joueur;1;jeu aérien du buteur
GNABRY;Gnabry;6;legendes;Ailier allemand du Bayern Munich;factuel;2;carrière du joueur
GNABRY;Gnabry;6;legendes;Il a marqué quatre fois à Tottenham en une soirée;factuel;2;Ligue des champions 2019
GNABRY;Gnabry;6;legendes;Six lettres qui adorent Londres, disait-il;joueur;2;phrase restée célèbre
GOLAZO;golazo;6;culture;But magnifique, en espagnol;factuel;2;terme hispanique
GOLAZO;golazo;6;culture;Le suffixe augmente le mot pour dire but superbe;factuel;3;grammaire espagnole
GOLAZO;golazo;6;culture;Six lettres criées par les commentateurs latinos;joueur;1;usage télévisé
GORDON;Gordon;6;actuels;Ailier anglais parti de Newcastle au Barça;factuel;1;transfert de l'été 2026
GORDON;Gordon;6;actuels;Il a signé jusqu'en 2031 pour quatre-vingts millions;factuel;2;contrat de cinq ans
GORDON;Gordon;6;actuels;Dix de ses dix-sept buts l'ont été en Coupe d'Europe;factuel;3;saison 2025-2026
GORDON;Gordon;6;actuels;Six lettres passées de la Tyne au Camp Nou;joueur;2;transfert de l'été 2026
GOURDE;gourde;6;culture;Bouteille posée au bord du terrain;factuel;1;ravitaillement
GOURDE;gourde;6;culture;Les gardiens la gardent sur le montant;factuel;2;habitude du poste
GOURDE;gourde;6;culture;Six lettres qui qualifient aussi une personne naïve;joueur;1;homonymie
GRADIN;gradin;6;culture;Rangée de sièges où s'assoit le public;factuel;1;partie du stade
GRADIN;gradin;6;culture;Le plus haut offre la meilleure vision tactique;factuel;2;point de vue du spectateur
GRADIN;gradin;6;culture;Six lettres où personne ne reste assis;joueur;1;habitude des virages
GREMIO;Grêmio;6;clubs;Club de Porto Alegre rival de l'Internacional;factuel;3;derby du Sud
GREMIO;Grêmio;6;clubs;Ronaldinho y a débuté;factuel;3;formation du meneur
GREMIO;Grêmio;6;clubs;Six lettres bleu, noir et blanc;joueur;3;couleurs du club
GRIFFE;griffe;6;fillfoot;Celle d'un technicien se lit dans le jeu;factuel;2;signature d'un entraîneur
GRIFFE;griffe;6;fillfoot;Le fauve du blason en montre toujours;joueur;1;emblème animalier
GRILLE;grille;6;culture;Support de pronostics à remplir avant les matchs;factuel;2;jeu du week-end
GRILLE;grille;6;culture;C'est aussi ce qui sépare le parcage du terrain;factuel;1;dispositif du stade
GRILLE;grille;6;culture;Six lettres qu'on remplit aussi avec des mots;joueur;1;double sens
GRINTA;grinta;6;vocab;Hargne venue du vocabulaire italien;factuel;2;terme transalpin
GRINTA;grinta;6;vocab;Sans elle, le talent ne suffit jamais;joueur;2;adage consacré
GROSSO;Grosso;6;legendes;Il a transformé le dernier penalty de la finale 2006;factuel;2;séance de Berlin
GROSSO;Grosso;6;legendes;Son but en demi-finale a éliminé l'Allemagne;factuel;2;prolongation à Dortmund
GROSSO;Grosso;6;legendes;Six lettres devenues entraîneur ensuite;joueur;3;reconversion
GROUPE;groupe;6;vocab;Ensemble des joueurs convoqués pour le match;factuel;1;liste de la rencontre
GROUPE;groupe;6;vocab;Quand il vit bien, tout devient facile;joueur;1;cohésion de l'effectif
GUEDES;Guedes;6;actuels;Attaquant retenu pour sa polyvalence;factuel;3;choix de Martínez
GUEDES;Guedes;6;actuels;Il a validé sa place dans le groupe portugais;factuel;2;liste de 2026
GUEDES;Guedes;6;actuels;Six lettres comme option offensive de plus;joueur;1;profil du joueur
GULLIT;Gullit;6;legendes;Ballon d'Or néerlandais de 1987;factuel;2;milieu du Milan
GULLIT;Gullit;6;legendes;Champion d'Europe des nations en 1988;factuel;2;titre continental
GULLIT;Gullit;6;legendes;Six lettres à la coiffure inoubliable;joueur;1;silhouette culte
HAKIMI;Hakimi;6;actuels;Capitaine marocain et latéral droit de référence;factuel;1;brassard des Lions
HAKIMI;Hakimi;6;actuels;Le plus capé du groupe marocain de 2026;factuel;2;soixante-dix sélections
HAKIMI;Hakimi;6;actuels;Six lettres qui montent tout le couloir;joueur;1;profil du joueur
HAPOEL;Hapoel;6;clubs;Nom porté par des clubs israéliens;factuel;3;dénomination répandue
HAPOEL;Hapoel;6;clubs;Son nom signifie le travailleur;factuel;3;étymologie
HAPOEL;Hapoel;6;clubs;Six lettres rouges d'Israël;joueur;3;couleur du maillot
HARDER;Harder;6;feminin;Attaquante danoise capitaine de sa sélection;factuel;2;brassard national
HARDER;Harder;6;feminin;Elle a joué à Wolfsburg, Chelsea puis au Bayern;factuel;2;carrière européenne
HARDER;Harder;6;feminin;Six lettres qui signifient plus dur en anglais;joueur;1;traduction
HARGNE;hargne;6;fillfoot;Combativité mise dans chaque duel;factuel;1;engagement
HARGNE;hargne;6;fillfoot;Le public la réclame plus que le beau jeu;joueur;1;attente des tribunes
HAZARD;Hazard;6;legendes;Ailier belge vedette de Chelsea;factuel;1;carrière anglaise
HAZARD;Hazard;6;legendes;Troisième du Mondial 2018 avec les Diables;factuel;2;meilleur résultat belge
HAZARD;Hazard;6;legendes;Six lettres impossibles à faire tomber;joueur;1;résistance aux tacles
HEARTS;Hearts;6;clubs;Club écossais d'Édimbourg;factuel;3;championnat local
HEARTS;Hearts;6;clubs;Il dispute le derby de la capitale;factuel;3;rivalité locale
HEARTS;Hearts;6;clubs;Six lettres qui signifient cœurs en anglais;joueur;2;traduction
HESKEY;Heskey;6;legendes;Attaquant anglais partenaire d'Owen en sélection;factuel;3;duo offensif
HESKEY;Heskey;6;legendes;Il jouait pour les autres plus que pour lui;factuel;2;rôle du pivot
HESKEY;Heskey;6;legendes;Six lettres souvent moquées, souvent regrettées;joueur;2;réputation contrastée
HIERRO;Hierro;6;legendes;Capitaine du Real et de l'Espagne;factuel;2;brassard madrilène
HIERRO;Hierro;6;legendes;Défenseur qui marquait beaucoup pour son poste;factuel;2;buts du central
HIERRO;Hierro;6;legendes;Six lettres qui signifient fer en espagnol;joueur;2;traduction
HINCHA;hincha;6;culture;Nom espagnol du supporter;factuel;2;terme hispanique
HINCHA;hincha;6;culture;Il s'emploie dans toute l'Amérique du Sud;factuel;2;usage continental
HINCHA;hincha;6;culture;Six lettres qui viennent d'un mot signifiant gonfler;joueur;3;étymologie
HOTDOG;hot-dog;6;culture;Sandwich vendu dans les stades américains;factuel;1;restauration d'enceinte
HOTDOG;hot-dog;6;culture;Il s'est imposé lors du Mondial 2026;factuel;2;organisation nord-américaine
HOTDOG;hot-dog;6;culture;Six lettres qui signifient chien chaud;joueur;1;traduction littérale
HOURRA;hourra;6;culture;Cri de joie poussé par une foule;factuel;1;exclamation collective
HOURRA;hourra;6;culture;Il a un peu vieilli face aux chants modernes;joueur;2;évolution des tribunes
HOURRA;hourra;6;culture;Six lettres qui claquent comme un applaudissement;factuel;1;sonorité du mot
HOWARD;Howard;6;legendes;Gardien américain auteur de quinze arrêts en 2014;factuel;2;huitième contre la Belgique
HOWARD;Howard;6;legendes;Il a longtemps gardé les buts d'Everton;factuel;3;carrière anglaise
HOWARD;Howard;6;legendes;Six lettres qui ont failli tenir tout seuls;joueur;2;performance du Mondial
HUESCA;Huesca;6;clubs;Club aragonais monté en Liga en 2018;factuel;3;première accession
HUESCA;Huesca;6;clubs;Il représente une des plus petites villes de l'élite;factuel;3;taille de la commune
HUESCA;Huesca;6;clubs;Six lettres bleu et grenat;joueur;3;couleurs du club
HURLER;hurler;6;culture;Version encore plus forte du cri de joie;factuel;1;intensité du public
HURLER;hurler;6;culture;On le fait aussi contre l'arbitre;joueur;1;réaction de tribune
HURLER;hurler;6;culture;Six lettres qui font perdre la voix jusqu'au mardi;joueur;1;conséquence du match
ICARDI;Icardi;6;legendes;Attaquant argentin capitaine de l'Inter puis du PSG;factuel;2;carrière du joueur
ICARDI;Icardi;6;legendes;Il a été deux fois meilleur buteur de Serie A;factuel;3;titres individuels
ICARDI;Icardi;6;legendes;Six lettres qui ne vivaient que dans la surface;joueur;2;profil du finisseur
INACIO;Inácio;6;actuels;Défenseur central portugais du Sporting;factuel;2;club lisboète
INACIO;Inácio;6;actuels;Doublure principale de la charnière lusitanienne;factuel;3;hiérarchie défensive
INACIO;Inácio;6;actuels;Six lettres formées du côté de Lisbonne;joueur;2;produit du club
INDICE;indice;6;competitions;Coefficient qui classe les pays en Europe;factuel;2;calcul de l'UEFA
INDICE;indice;6;competitions;Il détermine le nombre de places européennes;factuel;2;enjeu du classement
INDICE;indice;6;competitions;Six lettres suivies de près par les dirigeants;joueur;2;préoccupation des clubs
IRAOLA;Iraola;6;coachs;Technicien basque de Bournemouth;factuel;2;banc anglais
IRAOLA;Iraola;6;coachs;Il avait été latéral de l'Athletic Bilbao;factuel;2;joueur puis coach
IRAOLA;Iraola;6;coachs;Six lettres qui font presser très haut;joueur;2;style de jeu
ISTRES;Istres;6;clubs;Club provençal passé par la Ligue 1 en 2004;factuel;3;unique saison dans l'élite
ISTRES;Istres;6;clubs;Sa ville borde l'étang de Berre;factuel;3;géographie
ISTRES;Istres;6;clubs;Six lettres bleu et blanc de Provence;joueur;3;couleurs du club
ITALIE;Italie;6;selections;Quadruple championne du monde;factuel;1;1934, 1938, 1982 et 2006
ITALIE;Italie;6;selections;Elle a gagné l'Euro 2021 à Wembley;factuel;1;titre continental
ITALIE;Italie;6;selections;Six lettres en maillot azur;joueur;1;couleur de la sélection
JARDIM;Jardim;6;coachs;Technicien portugais champion avec Monaco;factuel;2;titre de 2017
JARDIM;Jardim;6;coachs;Il a lancé Mbappé en professionnel;factuel;1;éclosion du buteur
JARDIM;Jardim;6;coachs;Six lettres qui font confiance aux très jeunes;joueur;2;philosophie du coach
JINGLE;jingle;6;culture;Petite musique qui annonce une émission sportive;factuel;1;identité sonore
JINGLE;jingle;6;culture;Celui de la Ligue des champions est reconnaissable;factuel;1;hymne de la compétition
JINGLE;jingle;6;culture;Six lettres qu'on fredonne sans y penser;joueur;1;effet du procédé
JOUEUR;joueur;6;vocab;Il compose l'effectif avec ses coéquipiers;factuel;1;membre de l'équipe
JOUEUR;joueur;6;vocab;Du match, il repart avec le trophée individuel;joueur;1;distinction d'après-match
KAGAWA;Kagawa;6;legendes;Milieu japonais passé par Dortmund et United;factuel;3;carrière européenne
KAGAWA;Kagawa;6;legendes;Il a été champion d'Allemagne deux fois;factuel;3;palmarès du joueur
KAGAWA;Kagawa;6;legendes;Six lettres qui se faufilaient entre les lignes;joueur;3;style du meneur
KAISER;Kaiser;6;legendes;Surnom d'un défenseur allemand champion du monde;factuel;2;Beckenbauer
KAISER;Kaiser;6;legendes;Il signifie empereur en allemand;factuel;1;traduction
KAISER;Kaiser;6;legendes;Six lettres qui ont gagné en joueur et en sélectionneur;joueur;2;1974 et 1990
KAMARA;Kamara;6;actuels;Il a rejoint Lyon à l'été 2026;factuel;3;transfert officialisé
KAMARA;Kamara;6;actuels;Jeune joueur recruté par l'OL;factuel;3;mercato estival
KAMARA;Kamara;6;actuels;Six lettres arrivées sur les bords du Rhône;joueur;2;destination du transfert
KANGIN;Kang-in;6;actuels;Milieu sud-coréen du PSG;factuel;3;entrejeu parisien
KANGIN;Kang-in;6;actuels;Il était arrivé de Majorque en 2023;factuel;3;transfert du joueur
KANGIN;Kang-in;6;actuels;Six lettres au pied gauche très technique;joueur;3;style du joueur
KANSAS;Kansas;6;stades;Ville américaine hôte du Mondial 2026;factuel;2;organisation américaine
KANSAS;Kansas;6;stades;Elle est réputée pour son barbecue;factuel;2;spécialité locale
KANSAS;Kansas;6;stades;Six lettres au centre des États-Unis;joueur;1;géographie
KATOTO;Katoto;6;feminin;Attaquante française vedette du PSG;factuel;1;buteuse parisienne
KATOTO;Katoto;6;feminin;Elle marque en moyenne presque un but par match;factuel;2;rendement remarquable
KATOTO;Katoto;6;feminin;Six lettres au gabarit de grande avant-centre;joueur;2;profil de la buteuse
KERKEZ;Kerkez;6;actuels;Latéral hongrois arrivé à Liverpool en 2025;factuel;3;transfert du joueur
KERKEZ;Kerkez;6;actuels;Il avait brillé à Bournemouth;factuel;3;saison précédente
KERKEZ;Kerkez;6;actuels;Six lettres au volume de course impressionnant;joueur;3;profil du latéral
KLAXON;klaxon;6;culture;Il retentit dans toute la ville après un titre;factuel;1;célébration urbaine
KLAXON;klaxon;6;culture;Les voisins non supporters le détestent;joueur;1;revers de la fête
KLAXON;klaxon;6;culture;Six lettres qui viennent d'une marque déposée;factuel;2;origine du mot
KOEMAN;Koeman;6;legendes;Son coup franc a offert la C1 au Barça en 1992;factuel;2;finale de Wembley
KOEMAN;Koeman;6;legendes;Défenseur néerlandais à la frappe surpuissante;factuel;2;réputation du joueur
KOEMAN;Koeman;6;legendes;Six lettres devenues sélectionneur des Pays-Bas;joueur;2;reconversion
KOLLER;Koller;6;actuels;Jeune attaquant tchèque de Feyenoord;factuel;3;espoir batave
KOLLER;Koller;6;actuels;Un homonyme fut un géant de la Bundesliga;factuel;3;attaquant des années 2000
KOLLER;Koller;6;actuels;Six lettres au patronyme déjà célèbre;joueur;3;homonymie
KONAMI;Konami;6;culture;Éditeur japonais du grand rival de FIFA;factuel;2;studio de jeux vidéo
KONAMI;Konami;6;culture;Il a perdu la plupart des licences officielles;factuel;3;guerre des droits
KONAMI;Konami;6;culture;Six lettres qui ont bercé une génération de manettes;joueur;2;culture du jeu vidéo
KONATE;Konaté;6;actuels;Défenseur central des Bleus au Mondial 2026;factuel;1;charnière tricolore
KONATE;Konaté;6;actuels;Il défendait les couleurs de Liverpool;factuel;2;club anglais
KONATE;Konaté;6;actuels;Grand costaud de l'axe tricolore;joueur;1;profil physique
KOUNDE;Koundé;6;actuels;Latéral droit français passé par Séville;factuel;2;parcours en Liga
KOUNDE;Koundé;6;actuels;Il était déjà du Mondial 2022;factuel;2;deuxième phase finale
KOUNDE;Koundé;6;actuels;Défenseur tricolore réputé pour ses tenues;joueur;2;style vestimentaire
LAKRAR;Lakrar;6;feminin;Défenseure française internationale;factuel;3;charnière des Bleues
LAKRAR;Lakrar;6;feminin;Elle a été formée à Montpellier;factuel;3;parcours de la joueuse
LAKRAR;Lakrar;6;feminin;Six lettres très solides dans les duels;joueur;3;style de la défenseure
LARMES;larmes;6;fillfoot;Elles coulent après la séance des onze mètres;factuel;1;départage cruel
LARMES;larmes;6;fillfoot;Perdants et gagnants les versent;joueur;1;émotion de la finale
LATINE;latine;6;competitions;Coupe qui réunissait quatre pays du Sud;factuel;3;épreuve disparue
LATINE;latine;6;competitions;Elle a précédé la Coupe d'Europe des clubs;factuel;3;ancêtre de la C1
LATINE;latine;6;competitions;Six lettres oubliées depuis les années cinquante;joueur;3;compétition éteinte
LEAGUE;League;6;competitions;Mot anglais présent dans trois noms de coupes;factuel;1;Champions, Europa, Conference
LEAGUE;League;6;competitions;Premier, il désigne l'élite anglaise;factuel;1;championnat d'Angleterre
LEAGUE;League;6;competitions;Six lettres empruntées à l'anglais;joueur;1;emprunt lexical
LEGUEN;Le Guen;6;coachs;Technicien français passé par Lyon et le PSG;factuel;2;carrière du coach
LEGUEN;Le Guen;6;coachs;Il a aussi dirigé le Cameroun;factuel;2;banc des Lions
LEGUEN;Le Guen;6;coachs;Six lettres qui ont gagné trois titres avec Lyon;joueur;2;série rhodanienne
LEPAUL;Lepaul;6;actuels;Meilleur buteur de Ligue 1 en 2025-2026;factuel;1;vingt et une réalisations
LEPAUL;Lepaul;6;actuels;Artilleur français absent de la liste du Mondial;factuel;3;non-convocation de mai 2026
LEPAUL;Lepaul;6;actuels;Six lettres sacrées meilleur buteur du championnat;joueur;2;titre de la saison
LIBERO;libéro;6;vocab;Défenseur libre de tout marquage;factuel;3;rôle défensif italien
LIBERO;libéro;6;vocab;Beckenbauer l'a presque inventé;joueur;3;précurseur du poste
LIESSE;liesse;6;fillfoot;Joie collective qui suit un sacre;factuel;1;célébration populaire
LIESSE;liesse;6;fillfoot;La ville entière y bascule jusqu'au matin;joueur;1;fête du titre
LLORIS;Lloris;6;legendes;Gardien capitaine des Bleus sacrés en 2018;factuel;1;titre en Russie
LLORIS;Lloris;6;legendes;Il a longtemps gardé les buts de Tottenham;factuel;2;carrière anglaise
LLORIS;Lloris;6;legendes;Six lettres qui ont soulevé la coupe à Moscou;joueur;1;finale de 2018
LONDON;London;6;stades;Enceinte olympique reconvertie pour un club de l'est;factuel;2;West Ham
LONDON;London;6;stades;Elle a accueilli les Jeux de 2012;factuel;1;olympisme
LONDON;London;6;stades;Six lettres critiquées pour leur piste d'athlétisme;joueur;2;éloignement du terrain
LUGANO;Lugano;6;clubs;Club suisse du canton italophone;factuel;3;Tessin
LUGANO;Lugano;6;clubs;Sa ville borde un lac au sud des Alpes;factuel;2;géographie
LUGANO;Lugano;6;clubs;Six lettres noir et blanc;joueur;3;couleurs du club
LUKAKU;Lukaku;6;actuels;Attaquant belge annoncé parmi les cadres de 2026;factuel;2;effectif des Diables
LUKAKU;Lukaku;6;actuels;Avant-centre historique de sa sélection;factuel;1;statut en sélection
LUKAKU;Lukaku;6;actuels;Six lettres pour un buteur de gabarit;joueur;1;profil du joueur
LUKEBA;Lukeba;6;actuels;Défenseur français passé de Lyon à Leipzig;factuel;3;transfert de 2023
LUKEBA;Lukeba;6;actuels;Il était titulaire en Ligue 1 à dix-neuf ans;factuel;3;précocité du central
LUKEBA;Lukeba;6;actuels;Six lettres qui relancent proprement;joueur;3;style du défenseur
LUSAIL;Lusail;6;stades;Enceinte de la finale du Mondial 2022;factuel;1;Argentine contre France
LUSAIL;Lusail;6;stades;Il se dresse près de Doha;factuel;1;capitale qatarie
LUSAIL;Lusail;6;stades;Six lettres en forme de coupe dorée;joueur;2;architecture du bâtiment
MADJER;Madjer;6;vocab;Auteur du talon le plus célèbre;factuel;3;finale européenne 1987
MADJER;Madjer;6;vocab;Son geste porte désormais son nom;factuel;3;talon devenu éponyme
MADJER;Madjer;6;vocab;Il a marqué en tournant le dos à la cage;joueur;2;talon devenu légendaire
MADRID;Madrid;6;clubs;Capitale espagnole à trois clubs de Liga;factuel;1;Real, Atlético et Rayo
MADRID;Madrid;6;clubs;Aucun Espagnol du Real n'était au Mondial 2026;factuel;3;liste de De la Fuente
MADRID;Madrid;6;clubs;Six lettres au bord du Manzanares;joueur;2;géographie
MAGULL;Magull;6;feminin;Milieu allemande internationale;factuel;3;entrejeu de la Mannschaft
MAGULL;Magull;6;feminin;Elle a joué au Bayern puis à Lyon;factuel;3;carrière européenne
MAGULL;Magull;6;feminin;Six lettres au pied très précis;joueur;3;qualité de passe
MAHREZ;Mahrez;6;legendes;Ailier algérien champion d'Angleterre avec Leicester;factuel;1;exploit de 2016
MAHREZ;Mahrez;6;legendes;Il a ensuite tout gagné à Manchester City;factuel;2;palmarès du joueur
MAHREZ;Mahrez;6;legendes;Six lettres qui rentrent toujours sur leur gauche;joueur;1;geste signature
MAICON;Maicon;6;legendes;Latéral droit brésilien du triplé de l'Inter;factuel;2;saison 2009-2010
MAICON;Maicon;6;legendes;Il a martyrisé les ailiers adverses cette saison-là;factuel;2;forme du joueur
MAICON;Maicon;6;legendes;Six lettres à la puissance impressionnante;joueur;2;profil du latéral
MAINOO;Mainoo;6;actuels;Milieu anglais formé à Manchester United;factuel;2;produit du club
MAINOO;Mainoo;6;actuels;Il a marqué en finale de la Coupe d'Angleterre;factuel;2;édition de 2024
MAINOO;Mainoo;6;actuels;Six lettres révélées à dix-huit ans;joueur;2;précocité du milieu
MAIRIE;mairie;6;culture;Bâtiment qui reçoit l'équipe championne;factuel;1;réception officielle
MAIRIE;mairie;6;culture;Elle finance souvent le stade municipal;factuel;2;rôle de la collectivité
MAIRIE;mairie;6;culture;Six lettres où se termine toute belle épopée;joueur;1;étape de la fête
MAISON;maison;6;fillfoot;Chez-soi où l'on reçoit l'adversaire;factuel;1;match à domicile
MAISON;maison;6;fillfoot;On n'y perd pas, c'est la règle non écrite;joueur;1;invincibilité à domicile
MAKAAY;Makaay;6;legendes;Auteur du but le plus rapide de la Ligue des champions;factuel;2;dix secondes en 2007
MAKAAY;Makaay;6;legendes;Attaquant néerlandais du Bayern;factuel;3;carrière allemande
MAKAAY;Makaay;6;legendes;Six lettres qui ont surpris tout le Real;joueur;2;huitième de finale
MALAGA;Malaga;6;clubs;Club andalou quart-finaliste de la C1 en 2013;factuel;3;parcours européen
MALAGA;Malaga;6;clubs;Sa ville est la porte de la Costa del Sol;factuel;2;tourisme local
MALAGA;Malaga;6;clubs;Six lettres qui désignent aussi un vin doux;joueur;1;homonymie
MANCHE;manche;6;competitions;Rencontre d'une double confrontation;factuel;1;aller ou retour
MANCHE;manche;6;competitions;La seconde se joue chez l'autre équipe;factuel;1;alternance des terrains
MANCHE;manche;6;competitions;Six lettres qui désignent aussi une partie du maillot;joueur;1;homonymie
MARTIN;Martín;6;actuels;Deuxième buteur de la deuxième division espagnole;factuel;3;dix-neuf réalisations
MARTIN;Martín;6;actuels;Buteur espagnol du deuxième échelon;factuel;3;saison 2025-2026
MARTIN;Martín;6;actuels;Six lettres et un patronyme très répandu;joueur;1;nom courant
MASQUE;masque;6;culture;Célébration où l'on couvre son visage;factuel;1;geste reconnaissable
MASQUE;masque;6;culture;Aubameyang en avait fait sa signature;factuel;2;buteur gabonais
MASQUE;masque;6;culture;Six lettres qui protègent aussi un nez cassé;joueur;1;double usage
MATETA;Mateta;6;actuels;Attaquant tricolore de retour dans la liste;factuel;2;rappel en 2026
MATETA;Mateta;6;actuels;Il évoluait en Angleterre avant le Mondial;factuel;2;Premier League
MATETA;Mateta;6;actuels;Buteur passé par Lyon puis par l'Allemagne;joueur;3;parcours du joueur
MAUROY;Mauroy;6;stades;Il suit Pierre dans le nom d'un stade nordiste;factuel;2;Lille
MAUROY;Mauroy;6;stades;Le nom honore un ancien Premier ministre;factuel;3;hommage politique
MAUROY;Mauroy;6;stades;Six lettres à la pelouse rétractable;joueur;2;innovation du lieu
MAYULU;Mayulu;6;actuels;Jeune attaquant français formé au PSG;factuel;3;produit du club
MAYULU;Mayulu;6;actuels;Il a marqué en finale de Ligue des champions;factuel;2;édition 2025
MAYULU;Mayulu;6;actuels;Six lettres entrées en jeu pour marquer;joueur;2;remplaçant décisif
MBAPPE;Mbappé;6;actuels;Capitaine des Bleus au Mondial 2026;factuel;1;brassard tricolore
MBAPPE;Mbappé;6;actuels;Meilleur buteur du Mondial 2026 avec dix buts;factuel;1;classement des buteurs
MBAPPE;Mbappé;6;actuels;Champion du monde à dix-neuf ans en 2018;factuel;1;titre remporté en Russie
MBAPPE;Mbappé;6;actuels;Dix réalisations et toujours pas de seconde étoile;joueur;1;quatrième place française
MBEMBA;Mbemba;6;actuels;Joueur parti du PSG au Paris FC en 2026;factuel;3;transfert du 16 juillet
MBEMBA;Mbemba;6;actuels;Il a changé de club sans quitter la capitale;factuel;3;mercato de l'été 2026
MBEMBA;Mbemba;6;actuels;Six lettres passées d'un club parisien à l'autre;joueur;2;mouvement intra-muros
MBEUMO;Mbeumo;6;actuels;Attaquant camerounais passé de Brentford à United;factuel;2;transfert de 2025
MBEUMO;Mbeumo;6;actuels;Il a été formé à Troyes;factuel;3;origine du joueur
MBEUMO;Mbeumo;6;actuels;Six lettres qui enroulent du gauche;joueur;2;geste signature
MEAZZA;Meazza;6;stades;Autre nom de l'enceinte partagée de Milan;factuel;2;dénomination officielle
MEAZZA;Meazza;6;stades;Il honore un attaquant italien d'avant-guerre;factuel;3;légende du club
MEAZZA;Meazza;6;stades;Six lettres que les Milanais appellent autrement;joueur;2;double dénomination
MEINAU;Meinau;6;stades;Enceinte alsacienne du Racing;factuel;2;Strasbourg
MEINAU;Meinau;6;stades;Son ambiance est saluée dans toute la Ligue 1;factuel;2;ferveur du public
MEINAU;Meinau;6;stades;Six lettres qui portent le nom d'un quartier;joueur;3;toponymie locale
MENDES;Mendes;6;actuels;Latéral gauche portugais évoluant à Paris;factuel;2;club français
MENDES;Mendes;6;actuels;Titulaire du couloir gauche lusitanien;factuel;1;poste en sélection
MENDES;Mendes;6;actuels;Six lettres sans concurrence à leur poste;joueur;2;statut de titulaire
MENEUR;meneur;6;vocab;Numéro dix chargé de créer le jeu;factuel;1;organisateur offensif
MENEUR;meneur;6;vocab;Il touche le ballon plus que quiconque;joueur;2;plaque tournante de l'équipe
MENTAL;mental;6;vocab;Force psychologique face à la pression;factuel;1;solidité intérieure
MENTAL;mental;6;vocab;Il fait la différence à zéro partout à la 85e;joueur;1;fin de match
MENTOR;mentor;6;coachs;Technicien qui a formé d'autres entraîneurs;factuel;2;transmission du métier
MENTOR;mentor;6;coachs;Guardiola cite souvent le sien;factuel;2;influence de Cruyff
MENTOR;mentor;6;coachs;Six lettres empruntées à un personnage antique;joueur;1;étymologie
MERINO;Merino;6;actuels;Milieu du trio espagnol champion du monde;factuel;2;entrejeu de la Roja
MERINO;Merino;6;actuels;Il dictait le tempo avec ses deux partenaires;factuel;2;rôle au milieu
MERINO;Merino;6;actuels;Grand gabarit de l'entrejeu basque;joueur;2;profil du joueur
MERLIN;Merlin;6;actuels;Latéral gauche français du PSG;factuel;2;couloir parisien
MERLIN;Merlin;6;actuels;Il est arrivé de Rennes en 2024;factuel;3;transfert du joueur
MERLIN;Merlin;6;actuels;Six lettres qui portent aussi le nom d'un enchanteur;joueur;1;homonymie
MERLUS;Merlus;6;clubs;Surnom des joueurs du club lorientais;factuel;3;emblème du club
MERLUS;Merlus;6;clubs;Il vient d'un poisson pêché au large;factuel;3;origine du surnom
MERLUS;Merlus;6;clubs;Six lettres orange et noir;joueur;3;couleurs du club
MEXICO;Mexico;6;stades;Capitale hôte du Mondial pour la troisième fois;factuel;1;1970, 1986 et 2026
MEXICO;Mexico;6;stades;On y joue à plus de deux mille mètres d'altitude;factuel;1;difficulté du déplacement
MEXICO;Mexico;6;stades;Six lettres qui essoufflent les visiteurs;joueur;1;effet de l'altitude
MHEUKA;Mheuka;6;actuels;Meilleur joueur et buteur de la Premier League 2;factuel;3;dix-huit réalisations
MHEUKA;Mheuka;6;actuels;Espoir de Chelsea distingué chez les moins de 21 ans;factuel;3;saison 2025-2026
MHEUKA;Mheuka;6;actuels;Six lettres au sommet du football de formation;joueur;3;championnat des espoirs
MICHEL;Michel;6;coachs;Prénom de techniciens français au long parcours;factuel;2;usage courant
MICHEL;Michel;6;coachs;Prénom masculin très répandu au siècle passé;factuel;1;génération concernée
MICHEL;Michel;6;coachs;Six lettres devenues rares chez les jeunes;joueur;1;prénom démodé
MICOUD;Micoud;6;legendes;Meneur français passé par Bordeaux et le Werder;factuel;3;carrière du joueur
MICOUD;Micoud;6;legendes;Il a été champion d'Europe en 2000;factuel;2;titre continental
MICOUD;Micoud;6;legendes;Six lettres au toucher de balle rare;joueur;3;style du joueur
MILIEU;milieu;6;vocab;Il relie la défense et l'attaque;factuel;1;ligne intermédiaire
MILIEU;milieu;6;vocab;Le terrain est coupé par sa ligne;factuel;1;ligne médiane
MILIEU;milieu;6;vocab;Récupérateur, relayeur ou meneur;joueur;2;trois profils du poste
MILITO;Milito;6;legendes;Son doublé a offert la C1 à l'Inter en 2010;factuel;2;finale de Madrid
MILITO;Milito;6;legendes;Attaquant argentin du triplé nerazzurro;factuel;2;saison historique
MILITO;Milito;6;legendes;Six lettres surnommées le Prince;joueur;3;surnom du buteur
MILLOT;Millot;6;actuels;Milieu français révélé à Stuttgart;factuel;3;carrière allemande
MILLOT;Millot;6;actuels;Il avait été formé au PSG;factuel;3;parcours du joueur
MILLOT;Millot;6;actuels;Six lettres au pied gauche soyeux;joueur;3;style du milieu
MINUIT;minuit;6;fillfoot;Heure de clôture de la période des transferts;factuel;1;fin du mercato
MINUIT;minuit;6;fillfoot;Le dossier se signe à trois minutes près;joueur;1;dernière minute du marché
MINUTE;minute;6;vocab;Il y en a quatre-vingt-dix réglementaires;factuel;1;durée du match
MINUTE;minute;6;vocab;La dernière fait battre tous les cœurs;joueur;1;fin de rencontre
MIXITE;mixité;6;feminin;Pratique commune aux filles et aux garçons;factuel;1;football des jeunes
MIXITE;mixité;6;feminin;Elle est autorisée jusqu'à une certaine catégorie;factuel;2;règlement fédéral
MIXITE;mixité;6;feminin;Six lettres qui font jouer tout le monde ensemble;joueur;1;principe du club
MODELE;modèle;6;coachs;Technicien dont un autre s'inspire;factuel;1;transmission du métier
MODELE;modèle;6;coachs;Cruyff en fut un pour toute une génération;factuel;1;influence du Néerlandais
MODELE;modèle;6;coachs;Six lettres qu'on cite en conférence de presse;joueur;1;hommage public
MODRIC;Modric;6;legendes;Ballon d'Or croate de 2018;factuel;1;milieu du Real
MODRIC;Modric;6;legendes;Il a mené son pays en finale du Mondial 2018;factuel;1;défaite contre la France
MODRIC;Modric;6;legendes;Six lettres qui ont brisé le duopole de dix ans;joueur;2;fin du règne de deux stars
MOLINA;Molina;6;actuels;Latéral droit argentin champion du monde 2022;factuel;1;titre conquis au Qatar
MOLINA;Molina;6;actuels;Il occupait le couloir droit du finaliste 2026;factuel;2;onze de l'Albiceleste
MOLINA;Molina;6;actuels;Six lettres pour tenir un côté;joueur;1;patronyme court
MONACO;Monaco;6;clubs;Club de la principauté au stade Louis-II;factuel;1;enceinte du club
MONACO;Monaco;6;clubs;Il a vendu Bamba à Newcastle en juillet 2026;factuel;3;transfert de 41,5 millions
MONACO;Monaco;6;clubs;Six lettres qui jouent presque à huis clos;joueur;2;affluence limitée
MONTEE;montée;6;vocab;Accession à la division supérieure;factuel;1;résultat de fin de saison
MONTEE;montée;6;vocab;Celle du latéral laisse un trou derrière;joueur;2;risque du repli
MORATA;Morata;6;legendes;Attaquant espagnol champion d'Europe en 2024;factuel;2;capitaine de la Roja
MORATA;Morata;6;legendes;Il a joué au Real, à la Juventus et à Chelsea;factuel;2;carrière du joueur
MORATA;Morata;6;legendes;Six lettres souvent critiquées puis regrettées;joueur;2;réputation contrastée
MORGAN;Morgan;6;feminin;Attaquante américaine double championne du monde;factuel;1;2015 et 2019
MORGAN;Morgan;6;feminin;Elle célébrait en mimant une tasse de thé;factuel;2;geste très commenté
MORGAN;Morgan;6;feminin;Six lettres devenues une icône aux États-Unis;joueur;1;notoriété de la joueuse
MOSSON;Mosson;6;stades;Enceinte héraultaise du club champion en 2012;factuel;3;Montpellier
MOSSON;Mosson;6;stades;Elle a reçu des matchs du Mondial 1998;factuel;3;compétition à domicile
MOSSON;Mosson;6;stades;Six lettres qui portent le nom d'un quartier;joueur;3;toponymie locale
MULLER;Müller;6;legendes;Attaquant allemand champion du monde en 2014;factuel;1;titre au Brésil
MULLER;Müller;6;legendes;Il se décrit comme un interprète de l'espace;factuel;2;rôle inventé pour lui
MULLER;Müller;6;legendes;Six lettres toujours au bon endroit, on ne sait comment;joueur;1;sens du placement
MURIQI;Muriqi;6;actuels;Deuxième buteur de Liga en 2025-2026;factuel;2;vingt-trois réalisations
MURIQI;Muriqi;6;actuels;Il termine juste derrière un Français au classement;factuel;2;saison espagnole
MURIQI;Muriqi;6;actuels;Six lettres à consonance kosovare;joueur;2;origine du nom
NAEHER;Naeher;6;feminin;Gardienne américaine championne du monde;factuel;2;titre de 2019
NAEHER;Naeher;6;feminin;Elle a multiplié les arrêts décisifs en finale;factuel;2;performance du tournoi
NAEHER;Naeher;6;feminin;Six lettres qui ont aussi arrêté des penaltys;joueur;3;séances de départage
NAKATA;Nakata;6;legendes;Premier Japonais star du football européen;factuel;2;pionnier asiatique
NAKATA;Nakata;6;legendes;Il a été champion d'Italie avec la Roma;factuel;3;titre de 2001
NAKATA;Nakata;6;legendes;Six lettres aux cheveux souvent colorés;joueur;2;style du joueur
NAMASO;Namaso;6;actuels;Attaquant arrivé du FC Porto à l'été 2026;factuel;3;transfert officialisé
NAMASO;Namaso;6;actuels;Recrue d'un club de Ligue 1 en 2026;factuel;2;mercato estival
NAMASO;Namaso;6;actuels;Six lettres venues du Portugal;joueur;2;provenance du joueur
NANTES;Nantes;6;clubs;Club ligérien huit fois champion de France;factuel;2;palmarès national
NANTES;Nantes;6;clubs;Il est surnommé les Canaris;factuel;1;surnom du club
NANTES;Nantes;6;clubs;Six lettres au jeu à la nantaise;joueur;2;style de jeu réputé
NAPLES;Naples;6;clubs;Club italien où Maradona est devenu un dieu;factuel;1;idole du Vésuve
NAPLES;Naples;6;clubs;Il a définitivement acheté Højlund en 2026;factuel;2;cinquante millions
NAPLES;Naples;6;clubs;Six lettres bleu ciel du sud de l'Italie;joueur;1;couleurs du club
NDIAYE;Ndiaye;6;actuels;Patronyme le plus représenté chez les Lions;factuel;2;triple homonymie
NDIAYE;Ndiaye;6;actuels;Trois joueurs le portaient dans le groupe de 2026;factuel;3;Iliman, Chérif et Bara Sapoko
NDIAYE;Ndiaye;6;actuels;Six lettres qu'on retrouve partout dans la liste;joueur;1;nom très répandu
NEDVED;Nedved;6;legendes;Ballon d'Or tchèque de 2003;factuel;2;milieu de la Juventus
NEDVED;Nedved;6;legendes;Il courait plus que n'importe qui sur le terrain;factuel;2;réputation du joueur
NEDVED;Nedved;6;legendes;Six lettres blondes surnommées la Furie tchèque;joueur;2;surnom du milieu
NEUTRE;neutre;6;competitions;Terrain choisi quand aucun club ne reçoit;factuel;2;lieu de la finale
NEUTRE;neutre;6;competitions;Adjectif d'une enceinte sans avantage;factuel;1;équité sportive
NEUTRE;neutre;6;competitions;Six lettres qui n'existent pas vraiment en tribune;joueur;2;public toujours partisan
NEYMAR;Neymar;6;actuels;Il disputait sa quatrième Coupe du monde en 2026;factuel;1;après 2014, 2018 et 2022
NEYMAR;Neymar;6;actuels;Rappelé en sélection après trois ans d'absence;factuel;2;retour dans le groupe
NEYMAR;Neymar;6;actuels;Six lettres revenues jouer au pays;joueur;2;retour au Brésil
NKUNKU;Nkunku;6;actuels;Attaquant français passé de Leipzig à Chelsea;factuel;2;transfert de 2023
NKUNKU;Nkunku;6;actuels;Il avait été formé au PSG;factuel;2;parcours du joueur
NKUNKU;Nkunku;6;actuels;Six lettres qui répètent la même syllabe;joueur;2;forme du nom
NMECHA;Nmecha;6;actuels;Attaquant allemand du contingent de Dortmund;factuel;2;quatre joueurs du club
NMECHA;Nmecha;6;actuels;Retenu par Nagelsmann pour l'Amérique du Nord;factuel;1;liste de mai 2026
NMECHA;Nmecha;6;actuels;Six lettres à consonance nigériane;joueur;2;origine du nom
NUMERO;numéro;6;vocab;Il figure dans le dos du maillot;factuel;1;identification du joueur
NUMERO;numéro;6;vocab;Le dix est réservé à celui qui crée;joueur;1;tradition du poste
NUSKEN;Nüsken;6;feminin;Milieu allemande passée à Chelsea;factuel;3;carrière anglaise
NUSKEN;Nüsken;6;feminin;Elle est réputée pour son jeu de tête;factuel;3;qualité de la joueuse
NUSKEN;Nüsken;6;feminin;Six lettres qui montent sur les corners;joueur;3;habitude du milieu
OKOCHA;Okocha;6;legendes;Meneur nigérian aux dribbles spectaculaires;factuel;2;style du joueur
OKOCHA;Okocha;6;legendes;Il a joué au PSG puis à Bolton;factuel;2;carrière européenne
OKOCHA;Okocha;6;legendes;Six lettres si bonnes qu'on les a nommées deux fois;joueur;2;surnom du joueur
OPENDA;Openda;6;actuels;Attaquant belge nommé au trophée UNFP;factuel;3;meilleur joueur de Ligue 1
OPENDA;Openda;6;actuels;Il a marqué le championnat de France;factuel;2;passage en Ligue 1
OPENDA;Openda;6;actuels;Six lettres à consonance flamande;joueur;2;origine du nom
ORANGE;Orange;6;stades;Marque accolée au stade marseillais;factuel;2;Vélodrome
ORANGE;Orange;6;stades;Elle désigne aussi un fruit et une couleur;factuel;1;acception courante
ORANGE;Orange;6;stades;Six lettres qui portent le nom d'un opérateur;joueur;1;sponsor du stade
ORANJE;Oranje;6;selections;Surnom de la sélection néerlandaise;factuel;1;couleur du maillot
ORANJE;Oranje;6;selections;Elle a perdu trois finales de Coupe du monde;factuel;1;1974, 1978 et 2010
ORANJE;Oranje;6;selections;Six lettres qui signifient orange;joueur;1;traduction
OSPINA;Ospina;6;legendes;Gardien colombien passé par Nice et Arsenal;factuel;3;carrière européenne
OSPINA;Ospina;6;legendes;Il a gardé les buts au Mondial 2014;factuel;3;quart de finale colombien
OSPINA;Ospina;6;legendes;Six lettres au gabarit modeste pour un portier;joueur;3;particularité du joueur
OUNAHI;Ounahi;6;legendes;Révélation marocaine du Mondial 2022;factuel;2;épopée des Lions
OUNAHI;Ounahi;6;legendes;Il évoluait en Ligue 2 quelques mois plus tôt;factuel;3;parcours atypique
OUNAHI;Ounahi;6;legendes;Six lettres qui ont surpris toute l'Europe;joueur;2;éclosion du milieu
OVIEDO;Oviedo;6;clubs;Club asturien remonté dans l'élite espagnole;factuel;3;accession du club
OVIEDO;Oviedo;6;clubs;Sa ville est la capitale des Asturies;factuel;3;géographie
OVIEDO;Oviedo;6;clubs;Six lettres bleues du nord de l'Espagne;joueur;3;couleur du maillot
OXFORD;Oxford;6;clubs;Club anglais vainqueur de la Coupe de la Ligue en 1986;factuel;3;titre du club
OXFORD;Oxford;6;clubs;Sa ville abrite la plus ancienne université anglophone;factuel;1;patrimoine local
OXFORD;Oxford;6;clubs;Six lettres jaunes de la Tamise;joueur;3;couleur du maillot
PALACE;Palace;6;clubs;Vainqueur de la Conférence qualifié en Ligue Europa;factuel;3;saison 2025-2026
PALACE;Palace;6;clubs;Club du sud de Londres;factuel;2;implantation
PALACE;Palace;6;clubs;Six lettres qui évoquent un édifice royal;joueur;1;homonymie
PALIER;palier;6;vocab;Étape franchie dans la progression;factuel;1;niveau atteint
PALIER;palier;6;vocab;Le jeune en franchit un chaque saison;joueur;1;évolution d'un espoir
PALMER;Palmer;6;actuels;Milieu anglais parti de City à Chelsea;factuel;1;transfert de 2023
PALMER;Palmer;6;actuels;Il a marqué deux fois en finale du Mondial des clubs;factuel;2;édition de 2025
PALMER;Palmer;6;actuels;Six lettres qui célèbrent en frissonnant;joueur;1;geste devenu culte
PANINI;Panini;6;culture;Éditeur italien des albums de vignettes;factuel;1;collection culte
PANINI;Panini;6;culture;Il sort un album à chaque Coupe du monde;factuel;1;tradition quadriennale
PANINI;Panini;6;culture;Six lettres qui portent aussi le nom d'un sandwich;joueur;1;homonymie
PARADE;parade;6;vocab;Intervention du portier sur une frappe;factuel;1;arrêt du gardien
PARADE;parade;6;vocab;Elle vaut parfois autant qu'une réalisation;joueur;1;adage consacré
PAREJO;Parejo;6;actuels;Milieu espagnol de Villarreal;factuel;3;carrière en Liga
PAREJO;Parejo;6;actuels;Il est le grand spécialiste des coups de pied arrêtés;factuel;3;qualité du joueur
PAREJO;Parejo;6;actuels;Six lettres qui jouent encore à plus de trente-cinq ans;joueur;3;longévité du milieu
PARIER;parier;6;culture;Miser de l'argent sur un résultat;factuel;1;pratique du secteur
PARIER;parier;6;culture;Les joueurs professionnels n'en ont pas le droit;factuel;2;règle de la fédération
PARIER;parier;6;culture;Six lettres qui font perdre plus souvent que gagner;joueur;1;réalité du parieur
PARITE;parité;6;feminin;Objectif d'égalité entre femmes et hommes;factuel;1;enjeu du sport
PARITE;parité;6;feminin;Les primes de Coupe du monde en sont loin;factuel;2;écart des dotations
PARITE;parité;6;feminin;Six lettres réclamées par bien des joueuses;joueur;1;revendication du secteur
PARVIS;parvis;6;culture;Esplanade où l'on se retrouve avant le match;factuel;2;abord du stade
PARVIS;parvis;6;culture;Les vendeurs d'écharpes s'y installent;factuel;1;commerce ambulant
PARVIS;parvis;6;culture;Six lettres qui désignent aussi l'avant d'une église;joueur;1;acception courante
PAVARD;Pavard;6;legendes;Son but contre l'Argentine a été élu plus beau de 2018;factuel;1;huitième de finale
PAVARD;Pavard;6;legendes;Défenseur français champion du monde;factuel;1;titre en Russie
PAVARD;Pavard;6;legendes;Six lettres à la reprise de volée improbable;joueur;1;geste du but
PISTON;piston;6;vocab;Latéral qui couvre tout le couloir à lui seul;factuel;3;système à trois défenseurs
PISTON;piston;6;vocab;Il monte et redescend jusqu'à l'épuisement;joueur;2;exigence du rôle
PODIUM;podium;6;competitions;Les trois premières places d'une compétition;factuel;1;classement final
PODIUM;podium;6;competitions;En 2026, Espagne, Argentine et Angleterre;factuel;1;trio de tête
PODIUM;podium;6;competitions;Six lettres où la France a manqué une marche;joueur;1;quatrième place
PONCHO;poncho;6;culture;Cape distribuée au public les soirs de pluie;factuel;2;équipement du spectateur
PONCHO;poncho;6;culture;Il transforme la tribune en océan de plastique;joueur;1;image du stade
PONCHO;poncho;6;culture;Six lettres venues d'Amérique du Sud;factuel;1;origine du vêtement
POSTER;poster;6;culture;Grande affiche accrochée dans une chambre;factuel;1;objet du jeune supporter
POSTER;poster;6;culture;Il se trouvait au centre des magazines;factuel;2;usage de la presse
POSTER;poster;6;culture;Six lettres qui signifient aussi publier en ligne;joueur;1;double sens moderne
POTEAU;poteau;6;vocab;Montant vertical de la cage;factuel;1;structure du but
POTEAU;poteau;6;vocab;Il sauve les gardiens malchanceux;joueur;1;frappe repoussée
POTTER;Potter;6;coachs;Technicien anglais passé par Brighton et Chelsea;factuel;2;carrière du coach
POTTER;Potter;6;coachs;Il avait entraîné en Suède avant de percer;factuel;2;parcours atypique
POTTER;Potter;6;coachs;Six lettres au patronyme de sorcier célèbre;joueur;1;homonymie
PRESSE;presse;6;fillfoot;Elle occupe une tribune qui lui est réservée;factuel;1;espace du stade
PRESSE;presse;6;fillfoot;Elle enterre le technicien avant le président;joueur;1;pression médiatique
PUBILL;Pubill;6;actuels;Il a rejoint le Mondial 2026 sans aucune cape;factuel;3;première convocation
PUBILL;Pubill;6;actuels;Défenseur espagnol champion du monde;factuel;1;titre de 2026
PUBILL;Pubill;6;actuels;Six lettres et zéro sélection au moment de la liste;joueur;2;pari du sélectionneur
PUSKAS;Puskás;6;competitions;Prix du plus beau but de l'année;factuel;2;distinction FIFA
PUSKAS;Puskás;6;competitions;Il porte le nom d'un buteur hongrois;factuel;2;légende du Onze d'Or
PUSKAS;Puskás;6;competitions;Six lettres décernées au vote du public;joueur;3;mode d'attribution
PYJAMA;pyjama;6;culture;Surnom moqueur d'un maillot très mal dessiné;factuel;2;langage des supporters
PYJAMA;pyjama;6;culture;Certaines tenues rayées y ressemblent vraiment;joueur;1;critique esthétique
PYJAMA;pyjama;6;culture;Six lettres qu'on porte plutôt pour dormir;factuel;1;acception courante
QUARTS;quarts;6;competitions;Tour où il ne reste que huit équipes;factuel;1;phase à élimination
QUARTS;quarts;6;competitions;La Belgique y a été éliminée en 2026;factuel;2;défaite contre l'Espagne
QUARTS;quarts;6;competitions;Six lettres qui séparent des demi-finales;joueur;1;étape du tableau
QUINAS;Quinas;6;selections;Elles figurent sur l'écusson portugais;factuel;3;blason national
QUINAS;Quinas;6;selections;La sélection est surnommée par elles;factuel;3;dénomination consacrée
QUINAS;Quinas;6;selections;Six lettres qui désignent cinq écus;joueur;3;héraldique portugaise
RABIOT;Rabiot;6;actuels;Milieu tricolore aux plus de cinquante capes;factuel;2;expérience en sélection
RABIOT;Rabiot;6;actuels;Il était déjà du voyage au Qatar;factuel;2;deuxième phase finale
RABIOT;Rabiot;6;actuels;Le grand gaucher de l'entrejeu;joueur;1;profil du joueur
RABONA;rabona;6;vocab;Frappe jambe croisée derrière l'appui;factuel;2;geste technique
RABONA;rabona;6;vocab;Le geste préféré des frimeurs du dimanche;joueur;2;geste spectaculaire
RACING;Racing;6;clubs;Club argentin d'Avellaneda;factuel;3;championnat argentin
RACING;Racing;6;clubs;Nom porté par des clubs français et espagnols;factuel;2;dénomination répandue
RACING;Racing;6;clubs;Six lettres bleu ciel et blanches;joueur;3;couleurs du club
RAHIMI;Rahimi;6;actuels;Attaquant marocain retenu pour le Mondial 2026;factuel;2;liste d'Ouahbi
RAHIMI;Rahimi;6;actuels;Il figure dans la sélection annoncée à Rabat;factuel;2;conférence du 26 mai
RAHIMI;Rahimi;6;actuels;Six lettres dans l'attaque des Lions;joueur;1;poste du joueur
RAMSEY;Ramsey;6;actuels;Patronyme d'un milieu gallois international;factuel;2;carrière européenne
RAMSEY;Ramsey;6;actuels;Un homonyme fut sélectionneur champion du monde;factuel;3;Angleterre 1966
RAMSEY;Ramsey;6;actuels;Six lettres passées par Arsenal et la Juventus;joueur;2;parcours du joueur
RATEAU;râteau;6;culture;Geste qui ramène le ballon vers l'arrière;factuel;1;technique du dribble
RATEAU;râteau;6;culture;Il fait passer le défenseur devant sans le ballon;factuel;2;effet du geste
RATEAU;râteau;6;culture;Six lettres qui servent aussi au jardinage;joueur;1;homonymie
RECOBA;Recoba;6;legendes;Uruguayen de l'Inter à la frappe de gauche folle;factuel;3;réputation du joueur
RECOBA;Recoba;6;legendes;Il fut un temps le joueur le mieux payé du monde;factuel;3;contrat de 2001
RECOBA;Recoba;6;legendes;Six lettres surnommées le Petit Prince;joueur;3;surnom du joueur
RECORD;record;6;competitions;Mbappé en détient un de buts en Coupe du monde;factuel;1;vingt-deux réalisations
RECORD;record;6;competitions;Celui de Fontaine sur une édition tient depuis 1958;factuel;2;treize buts
RECORD;record;6;competitions;Six lettres faites pour être battues;joueur;1;adage consacré
RECRUE;recrue;6;vocab;Joueur arrivé pendant la période des transferts;factuel;1;renfort de l'effectif
RECRUE;recrue;6;vocab;Elle doit chanter debout devant le vestiaire;joueur;2;tradition d'accueil
REGGAE;Reggae;6;selections;Il précède Boyz dans le surnom jamaïcain;factuel;2;musique du pays
REGGAE;Reggae;6;selections;La sélection a joué le Mondial 1998;factuel;3;unique participation
REGGAE;Reggae;6;selections;Six lettres qui viennent de Kingston;joueur;1;origine musicale
RELEVE;relève;6;feminin;Génération qui prend la suite des anciennes;factuel;1;renouvellement
RELEVE;relève;6;feminin;Elle se prépare dans les centres de formation;factuel;1;travail de fond
RELEVE;relève;6;feminin;Six lettres qui rassurent une sélection;joueur;1;avenir de l'équipe
RENARD;renard;6;fillfoot|feminin;Des surfaces, il vit à cinq mètres de la cage;factuel;2;expression consacrée
RENARD;renard;6;fillfoot|feminin;Rusé, il marque sans jamais avoir couru;joueur;1;profil du finisseur
RENARD;renard;6;fillfoot|feminin;Capitaine des Bleues aux huit Ligues des champions;factuel;1;joueuse lyonnaise
RENARD;renard;6;fillfoot|feminin;Six lettres qui dominent tous les duels aériens;joueur;1;jeu de tête de la défenseure
RENNES;Rennes;6;clubs;Club breton vainqueur de la Coupe de France en 2019;factuel;2;titre du club
RENNES;Rennes;6;clubs;Brice Samba y garde les buts;factuel;2;portier international
RENNES;Rennes;6;clubs;Six lettres rouge et noir;joueur;2;couleurs du club
REPLAY;replay;6;culture;Diffusion différée d'une action;factuel;1;outil télévisé
REPLAY;replay;6;culture;Il permet de revoir ce que l'œil a manqué;factuel;1;fonction de l'image
REPLAY;replay;6;culture;Six lettres qui alimentent toutes les polémiques;joueur;1;débats d'arbitrage
RESUME;résumé;6;culture;Version courte du match diffusée après coup;factuel;1;format télévisé
RESUME;résumé;6;culture;On y voit les buts sans le reste;joueur;1;limite du format
RESUME;résumé;6;culture;Six lettres qui durent rarement plus de cinq minutes;factuel;1;durée habituelle
RETOUR;retour;6;competitions;Deuxième manche d'une double confrontation;factuel;1;format à élimination
RETOUR;retour;6;competitions;Il se joue chez celui qui a reçu en second;factuel;1;alternance des terrains
RETOUR;retour;6;competitions;Six lettres où tout peut encore basculer;joueur;1;remontée possible
RIAZOR;Riazor;6;stades;Enceinte galicienne au bord de l'Atlantique;factuel;3;La Corogne
RIAZOR;Riazor;6;stades;Elle a vu son club champion en 2000;factuel;3;titre espagnol
RIAZOR;Riazor;6;stades;Six lettres balayées par le vent du large;joueur;3;situation du stade
RIBERY;Ribéry;6;legendes;Ailier français vedette du Bayern Munich;factuel;1;carrière allemande
RIBERY;Ribéry;6;legendes;Finaliste de la Coupe du monde 2006;factuel;2;parcours en sélection
RIBERY;Ribéry;6;legendes;Six lettres qui dribblaient dans un mouchoir de poche;joueur;1;style du joueur
RISSER;Risser;6;actuels;Élu meilleur gardien de Ligue 1 en 2026;factuel;2;distinction de la saison
RISSER;Risser;6;actuels;Troisième portier des Bleus à vingt et un ans;factuel;2;première convocation
RISSER;Risser;6;actuels;Onze rencontres sans encaisser dans sa saison;factuel;3;clean sheets en Ligue 1
RISSER;Risser;6;actuels;Le seul vrai nouveau du groupe tricolore;joueur;1;unique première liste
RITUEL;rituel;6;culture;Geste répété avant chaque match;factuel;1;superstition du joueur
RITUEL;rituel;6;culture;Certains entrent toujours du pied droit;factuel;1;exemple courant
RITUEL;rituel;6;culture;Six lettres auxquelles personne ne déroge;joueur;1;force de l'habitude
ROBBEN;Robben;6;legendes;Tout le monde savait qu'il rentrerait sur son gauche;joueur;1;geste signature
ROBBEN;Robben;6;legendes;Son but a offert la C1 au Bayern en 2013;factuel;2;finale de Wembley
ROBBEN;Robben;6;legendes;Six lettres au crâne dégarni et à la pointe de vitesse;factuel;1;silhouette du joueur
ROGERS;Rogers;6;actuels;Plus gros transfert de l'été 2026 à la mi-juillet;factuel;1;cent trente-sept millions d'euros
ROGERS;Rogers;6;actuels;Anglais passé d'Aston Villa à Chelsea;factuel;2;opération du 21 juillet
ROGERS;Rogers;6;actuels;Six lettres à cent trente-sept millions;joueur;2;montant du transfert
ROMERO;Romero;6;actuels;Défenseur central argentin sacré au Qatar;factuel;1;titre de 2022
ROMERO;Romero;6;actuels;Il tenait encore la charnière en 2026;factuel;2;titulaire de l'Albiceleste
ROMERO;Romero;6;actuels;Six lettres pour un central rugueux;joueur;1;profil du joueur
ROONEY;Rooney;6;legendes;Longtemps meilleur buteur de la sélection anglaise;factuel;1;record national
ROONEY;Rooney;6;legendes;Son retourné dans le derby mancunien est resté culte;factuel;2;but de 2011
ROONEY;Rooney;6;legendes;Six lettres révélées à seize ans;joueur;2;précocité du buteur
ROVERS;Rovers;6;clubs;Mot présent dans le nom de clubs britanniques;factuel;3;dénomination courante
ROVERS;Rovers;6;clubs;Celui de Blackburn fut champion en 1995;factuel;3;titre de Premier League
ROVERS;Rovers;6;clubs;Six lettres qui évoquent les vagabonds;joueur;2;traduction
RUMEUR;rumeur;6;fillfoot;Elle enfle dans la presse avant la clôture;factuel;1;bruit de mercato
RUMEUR;rumeur;6;fillfoot;Neuf sur dix ne se vérifient jamais;joueur;1;fiabilité des bruits
RUSSIE;Russie;6;selections;Pays hôte du Mondial 2018;factuel;1;édition remportée par la France
RUSSIE;Russie;6;selections;Elle avait atteint les quarts à domicile;factuel;2;parcours de 2018
RUSSIE;Russie;6;selections;Six lettres qui jouent en rouge;joueur;1;couleur du maillot
SACCHI;Sacchi;6;coachs;Technicien italien du grand Milan des années 90;factuel;2;équipe légendaire
SACCHI;Sacchi;6;coachs;Il a inventé une défense en ligne restée célèbre;factuel;2;révolution tactique
SACCHI;Sacchi;6;coachs;Six lettres qui n'avaient jamais joué en professionnel;joueur;2;particularité du coach
SAGNOL;Sagnol;6;legendes;Latéral droit français finaliste du Mondial 2006;factuel;2;parcours des Bleus
SAGNOL;Sagnol;6;legendes;Il a passé neuf saisons au Bayern;factuel;3;carrière allemande
SAGNOL;Sagnol;6;legendes;Six lettres devenues entraîneur d'une sélection;joueur;3;reconversion
SAINTS;Saints;6;clubs;Surnom des joueurs d'un club du sud de l'Angleterre;factuel;3;Southampton
SAINTS;Saints;6;clubs;Il vient de la paroisse qui a fondé le club;factuel;3;origine religieuse
SAINTS;Saints;6;clubs;Six lettres rouge et blanc rayées;joueur;3;tenue du club
SAISON;saison;6;vocab;Cycle allant de l'été au printemps suivant;factuel;1;calendrier annuel
SAISON;saison;6;vocab;Blanche, elle laisse un goût de rien;joueur;2;année sans trophée
SALIBA;Saliba;6;actuels;Défenseur central des Bleus formé à Saint-Étienne;factuel;2;formation stéphanoise
SALIBA;Saliba;6;actuels;Il tient l'axe tricolore depuis l'Euro 2024;factuel;2;titulaire en sélection
SALIBA;Saliba;6;actuels;Le patron de la défense, disent les tribunes;joueur;1;statut dans le groupe
SAMEDI;samedi;6;fillfoot;Jour traditionnel des rencontres;factuel;1;calendrier hebdomadaire
SAMEDI;samedi;6;fillfoot;Sa soirée appartient au championnat;joueur;1;habitude du supporter
SAMUEL;Samuel;6;legendes;Défenseur argentin surnommé le Mur;factuel;3;solidité du central
SAMUEL;Samuel;6;legendes;Il a réalisé le triplé avec l'Inter;factuel;3;saison 2009-2010
SAMUEL;Samuel;6;legendes;Six lettres qui sont aussi un prénom;joueur;1;homonymie
SANCHO;Sancho;6;legendes;Ailier anglais révélé au Borussia Dortmund;factuel;2;éclosion en Allemagne
SANCHO;Sancho;6;legendes;Parti d'Angleterre pour percer, il y est revenu;factuel;2;parcours atypique
SANCHO;Sancho;6;legendes;Six lettres qui évoquent aussi un écuyer célèbre;joueur;2;homonymie
SANTOS;Santos;6;clubs;Club brésilien où Pelé a tout gagné;factuel;1;légende du club
SANTOS;Santos;6;clubs;Neymar y est revenu jouer;factuel;2;retour au pays
SANTOS;Santos;6;clubs;Six lettres blanches de l'État de São Paulo;joueur;2;couleurs du club
SCHEMA;schéma;6;vocab;Organisation chiffrée du dispositif;factuel;2;4-3-3 ou 4-4-2
SCHEMA;schéma;6;vocab;Le tableau du vestiaire en est couvert;joueur;1;consignes tactiques
SCHOLL;Scholl;6;legendes;Meneur allemand fidèle au Bayern Munich;factuel;3;carrière du joueur
SCHOLL;Scholl;6;legendes;Il a gagné la C1 en 2001;factuel;3;titre continental
SCHOLL;Scholl;6;legendes;Six lettres au dribble très court;joueur;3;style du joueur
SEAMAN;Seaman;6;legendes;Gardien anglais emblématique d'Arsenal;factuel;2;carrière londonienne
SEAMAN;Seaman;6;legendes;Sa moustache et sa queue-de-cheval étaient célèbres;factuel;2;silhouette culte
SEAMAN;Seaman;6;legendes;Six lettres lobées par Ronaldinho en 2002;joueur;2;quart de finale du Mondial
SEANCE;séance;6;vocab;Entraînement collectif de la journée;factuel;1;travail quotidien
SEANCE;séance;6;vocab;Celle des onze mètres décide d'une saison;joueur;1;épreuve de départage
SECRET;secret;6;fillfoot;Le onze de départ en reste un jusqu'au bout;factuel;1;composition non divulguée
SECRET;secret;6;fillfoot;De polichinelle, il fuite deux heures avant;joueur;1;fuite prévisible
SELFIE;selfie;6;culture;Photo prise avec un joueur à la sortie;factuel;1;rituel moderne
SELFIE;selfie;6;culture;Il a remplacé l'autographe;factuel;1;évolution des usages
SELFIE;selfie;6;culture;Six lettres qui envahissent parfois la pelouse;joueur;2;intrusion de spectateurs
SENESI;Senesi;6;actuels;Il a remplacé un blessé dans le groupe argentin;factuel;3;forfait de dernière minute
SENESI;Senesi;6;actuels;Défenseur appelé quelques jours avant le tournoi;factuel;2;renfort tardif
SENESI;Senesi;6;actuels;Six lettres entrées par la petite porte;joueur;2;sélection de dernière heure
SERBIE;Serbie;6;selections;Sélection née de la dissolution d'une union;factuel;2;héritage yougoslave
SERBIE;Serbie;6;selections;Son emblème est un aigle bicéphale;factuel;2;symbole national
SERBIE;Serbie;6;selections;Six lettres des Balkans;joueur;2;implantation
SERIEA;Serie A;6;competitions;Première division du championnat italien;factuel;1;élite transalpine
SERIEA;Serie A;6;competitions;Lautaro Martínez en a été le meilleur buteur en 2026;factuel;2;dix-sept réalisations
SERIEA;Serie A;6;competitions;Six lettres longtemps dominées par la Juventus;joueur;2;hégémonie turinoise
SESAME;sésame;6;competitions;Ce qui ouvre la porte de la phase finale;joueur;1;qualification acquise
SESAME;sésame;6;competitions;Il se décroche lors des éliminatoires;factuel;1;campagne qualificative
SESAME;sésame;6;competitions;Six lettres empruntées à un conte oriental;factuel;1;étymologie
SETIEN;Setién;6;coachs;Technicien espagnol passé par le Barça;factuel;2;banc catalan
SETIEN;Setién;6;coachs;Il est un passionné revendiqué du jeu de position;factuel;2;philosophie du coach
SETIEN;Setién;6;coachs;Six lettres qui aiment jouer aux échecs;joueur;2;passion du technicien
SHIELD;Shield;6;competitions;Trophée anglais qui ouvre la saison;factuel;2;match de rentrée
SHIELD;Shield;6;competitions;Il oppose le champion au vainqueur de la coupe;factuel;2;format de l'épreuve
SHIELD;Shield;6;competitions;Six lettres qui signifient bouclier en anglais;joueur;1;traduction
SIRENE;sirène;6;fillfoot;Elle annonce parfois l'entrée des équipes;factuel;2;signal sonore
SIRENE;sirène;6;fillfoot;Celles du grand club lui ont tourné la tête;joueur;2;expression consacrée
SLAVIA;Slavia;6;clubs;Club tchèque rival du Sparta de Prague;factuel;3;derby de la capitale
SLAVIA;Slavia;6;clubs;Il a atteint les quarts de la Ligue Europa;factuel;3;parcours continental
SLAVIA;Slavia;6;clubs;Six lettres rouge et blanc;joueur;3;couleurs du club
SOLEIL;soleil;6;fillfoot;Il tape sur les gradins lors des matchs de midi;factuel;1;programmation estivale
SOLEIL;soleil;6;fillfoot;Le portier lève la main pour s'en protéger;joueur;1;gêne du gardien
SOMMER;Sommer;6;actuels;Gardien suisse de l'Inter;factuel;3;portier nerazzurro
SOMMER;Sommer;6;actuels;Il est passé par le Bayern;factuel;3;parcours du joueur
SOMMER;Sommer;6;actuels;Six lettres qui signifient été en allemand;joueur;2;traduction
SORTIE;sortie;6;vocab;Le portier quitte sa ligne;factuel;1;intervention du gardien
SORTIE;sortie;6;vocab;Aérienne, elle demande du courage;joueur;2;intervention dans les airs
SOYAUX;Soyaux;6;feminin;Club charentais longtemps présent dans l'élite;factuel;3;championnat de France
SOYAUX;Soyaux;6;feminin;Il représente une commune de quelques milliers;factuel;3;taille de la ville
SOYAUX;Soyaux;6;feminin;Six lettres qui ont tenu tête aux gros budgets;joueur;3;exploit du club
SPARTA;Sparta;6;clubs;Club tchèque de Prague;factuel;2;championnat local
SPARTA;Sparta;6;clubs;Nom porté aussi par un club de Rotterdam;factuel;3;dénomination partagée
SPARTA;Sparta;6;clubs;Six lettres empruntées à une cité grecque;joueur;1;étymologie
SPRINT;sprint;6;vocab;Course courte à pleine vitesse;factuel;1;effort explosif
SPRINT;sprint;6;vocab;Le latéral en enchaîne des dizaines par match;joueur;2;charge physique du poste
STADIO;stadio;6;stades;Mot italien devant bien des noms d'enceintes;factuel;2;dénomination transalpine
STADIO;stadio;6;stades;Il précède Olimpico dans la capitale italienne;factuel;2;stade romain
STADIO;stadio;6;stades;Six lettres qui signifient stade;joueur;1;traduction
STATUE;statue;6;culture;Hommage de bronze devant l'enceinte d'un club;factuel;1;honneur rendu au joueur
STATUE;statue;6;culture;Une orne l'entrée de l'Emirates;factuel;2;hommage à Henry
STATUE;statue;6;culture;Six lettres devant lesquelles on prend une photo;joueur;1;rituel du visiteur
STEAUA;Steaua;6;clubs;Club roumain champion d'Europe en 1986;factuel;2;titre continental
STEAUA;Steaua;6;clubs;Il a gagné la finale aux tirs au but à Séville;factuel;3;exploit du gardien
STEAUA;Steaua;6;clubs;Six lettres qui signifient étoile en roumain;joueur;2;traduction
STONES;Stones;6;legendes;Défenseur anglais de Manchester City;factuel;2;carrière du joueur
STONES;Stones;6;legendes;Guardiola l'a parfois aligné au milieu;factuel;2;invention tactique
STONES;Stones;6;legendes;Six lettres qui signifient pierres en anglais;joueur;1;traduction
STREAM;stream;6;culture;Diffusion en direct sur internet;factuel;1;pratique moderne
STREAM;stream;6;culture;Des joueurs professionnels en font après les matchs;factuel;2;nouvelle habitude
STREAM;stream;6;culture;Six lettres qui signifient flux en anglais;joueur;1;traduction
STUDIO;studio;6;fillfoot;Les consultants y refont la rencontre;factuel;1;émission télévisée
STUDIO;studio;6;fillfoot;On y est toujours plus fort que sur la pelouse;joueur;1;facilité du commentaire
SUAREZ;Suárez;6;actuels;Meilleur buteur du championnat portugais en 2025-2026;factuel;2;vingt-quatre réalisations
SUAREZ;Suárez;6;actuels;Attaquant colombien sacré artilleur au Portugal;factuel;3;saison 2025-2026
SUAREZ;Suárez;6;actuels;Six lettres et un patronyme très répandu;joueur;1;nom courant
SUISSE;Suisse;6;selections;Sélection à la croix blanche;factuel;1;emblème du maillot
SUISSE;Suisse;6;selections;La FIFA a son siège dans ce pays;factuel;1;implantation à Zurich
SUISSE;Suisse;6;selections;Six lettres qui parlent quatre langues;joueur;1;particularité nationale
SURNOM;surnom;6;culture;Nom d'usage qui remplace le patronyme;factuel;1;pratique du football
SURNOM;surnom;6;culture;Beaucoup de Brésiliens n'en portent pas d'autre;factuel;1;usage auriverde
SURNOM;surnom;6;culture;Six lettres plus connues que le vrai nom;joueur;1;notoriété du diminutif
SURSIS;sursis;6;coachs;Ce que gagne un technicien après une victoire;joueur;1;répit du banc
SURSIS;sursis;6;coachs;Il dure rarement plus de trois matchs;factuel;1;réalité du métier
SURSIS;sursis;6;coachs;Six lettres qui prolongent l'incertitude;factuel;1;situation du coach
SURVET;survêt;6;culture;Tenue portée avant et après la rencontre;factuel;1;équipement du joueur
SURVET;survêt;6;culture;Le remplaçant le garde tout le match;factuel;1;réalité du banc
SURVET;survêt;6;culture;Six lettres abrégées d'un mot plus long;joueur;1;troncation courante
SYDNEY;Sydney;6;feminin;Ville de la finale du Mondial féminin 2023;factuel;1;Espagne contre Angleterre
SYDNEY;Sydney;6;feminin;Son opéra est mondialement connu;factuel;1;patrimoine local
SYDNEY;Sydney;6;feminin;Six lettres qui ont vu un premier titre espagnol;joueur;1;sacre de la Roja
TALENT;talent;6;vocab;Don naturel pour le jeu;factuel;1;qualité innée
TALENT;talent;6;vocab;Sans travail, il ne mène nulle part;joueur;1;adage consacré
TANDEM;tandem;6;vocab;Deux joueurs qui s'entendent à merveille;factuel;2;association sur le terrain
TANDEM;tandem;6;vocab;Devant, ils se cherchent les yeux fermés;joueur;1;complicité offensive
TARTAN;tartan;6;stades;Revêtement synthétique de la piste d'athlétisme;factuel;2;matériau du stade
TARTAN;tartan;6;stades;Il désigne aussi un tissu écossais à carreaux;factuel;1;homonymie
TARTAN;tartan;6;stades;Six lettres rouge brique autour du terrain;joueur;2;couleur du revêtement
TEMPLE;temple;6;stades;Lieu sacré, en langage de supporter;factuel;1;image consacrée
TEMPLE;temple;6;stades;Wembley porte souvent ce surnom;factuel;1;stade anglais
TEMPLE;temple;6;stades;Six lettres où l'on entre en silence;joueur;1;respect du lieu
TENANT;tenant;6;vocab;Le champion en titre s'appelle ainsi;factuel;1;détenteur du trophée
TENANT;tenant;6;vocab;Sortir au premier tour lui va très mal;joueur;2;contre-performance
TENHAG;Ten Hag;6;coachs;Technicien néerlandais passé par Manchester United;factuel;1;banc des Red Devils
TENHAG;Ten Hag;6;coachs;Il avait mené l'Ajax en demi-finale de C1;factuel;2;épopée de 2019
TENHAG;Ten Hag;6;coachs;Six lettres qui ont tout de même gagné deux coupes;joueur;2;palmarès anglais
THIAGO;Thiago;6;actuels;Deuxième buteur de Premier League en 2025-2026;factuel;2;vingt-deux réalisations
THIAGO;Thiago;6;actuels;Il talonne le Norvégien au classement anglais;factuel;2;derrière le meilleur artilleur
THIAGO;Thiago;6;actuels;Six lettres très répandues au Brésil;joueur;1;prénom courant
THINEY;Thiney;6;feminin;Attaquante française à la très longue carrière;factuel;3;longévité de la joueuse
THINEY;Thiney;6;feminin;Elle a marqué plus de cinquante buts en sélection;factuel;3;record de la joueuse
THINEY;Thiney;6;feminin;Six lettres emblématiques du club parisien;joueur;3;idole du Paris FC
THURAM;Thuram;6;actuels;Attaquant tricolore fils d'un champion du monde;factuel;1;filiation
THURAM;Thuram;6;actuels;Son père a soulevé le trophée en 1998;factuel;2;héritage familial
THURAM;Thuram;6;actuels;Un nom qui pèse deux générations de Bleus;joueur;1;dynastie tricolore
TICKET;ticket;6;competitions;Place qualificative pour une coupe d'Europe;factuel;1;enjeu de fin de saison
TICKET;ticket;6;competitions;Le cinquième du championnat en décroche parfois un;factuel;2;répartition des places
TICKET;ticket;6;competitions;Six lettres qui désignent aussi un titre d'entrée;joueur;1;homonymie
TIFOSI;tifosi;6;culture;Nom italien des supporters passionnés;factuel;2;terme transalpin
TIFOSI;tifosi;6;culture;Il vient du même mot que tifo;factuel;2;étymologie commune
TIFOSI;tifosi;6;culture;Six lettres qui s'emploient aussi en Formule 1;joueur;2;usage élargi
TIGANA;Tigana;6;legendes;Milieu du carré magique des Bleus;factuel;2;années quatre-vingt
TIGANA;Tigana;6;legendes;Sa course en 1982 précède le but de la qualification;factuel;3;demi-finale de Séville
TIGANA;Tigana;6;legendes;Six lettres qui n'arrêtaient jamais de courir;joueur;2;volume du milieu
TIGRES;Tigres;6;clubs;Club mexicain de Monterrey;factuel;3;championnat local
TIGRES;Tigres;6;clubs;Il a été finaliste du Mondial des clubs en 2020;factuel;3;parcours mondial
TIGRES;Tigres;6;clubs;Six lettres jaunes au nom de fauve;joueur;2;emblème du club
TIKTOK;TikTok;6;culture;Plateforme où circulent les gestes techniques;factuel;1;réseau social
TIKTOK;TikTok;6;culture;Les célébrations y deviennent des tendances;factuel;1;viralité des gestes
TIKTOK;TikTok;6;culture;Six lettres qui font le tour du monde en une heure;joueur;1;vitesse de diffusion
TIMBER;Timber;6;actuels;Défenseur néerlandais d'Arsenal;factuel;3;carrière anglaise
TIMBER;Timber;6;actuels;Il peut jouer latéral ou central;factuel;3;polyvalence du joueur
TIMBER;Timber;6;actuels;Six lettres qui signifient bois en anglais;joueur;1;traduction
TIMBRE;timbre;6;culture;Certaines postes en éditent après un titre;factuel;2;hommage officiel
TIMBRE;timbre;6;culture;Il désigne aussi la qualité d'une voix;factuel;1;acception courante
TIMBRE;timbre;6;culture;Six lettres qui immortalisent un sacre;joueur;2;objet commémoratif
TIRAGE;tirage;6;vocab;Au sort, il compose les groupes;factuel;1;répartition des équipes
TIRAGE;tirage;6;vocab;Clément, il fait sourire tout un pays;joueur;1;groupe abordable
TIREUR;tireur;6;vocab;Désigné d'avance pour les onze mètres;factuel;1;spécialiste des penaltys
TIREUR;tireur;6;vocab;De coup franc attitré, il fait taire le stade;joueur;2;spécialiste des phases arrêtées
TITRES;titres;6;competitions;Ce que compte le palmarès d'un club;factuel;1;bilan des trophées
TITRES;titres;6;competitions;Le Real en détient le plus en Coupe d'Europe;factuel;1;record continental
TITRES;titres;6;competitions;Six lettres qu'on aligne dans une vitrine;joueur;1;salle des trophées
TOLUCA;Toluca;6;clubs;Club mexicain qui joue en altitude;factuel;3;stade le plus haut du pays
TOLUCA;Toluca;6;clubs;Il compte parmi les plus titrés du championnat;factuel;3;palmarès national
TOLUCA;Toluca;6;clubs;Six lettres rouge et blanc;joueur;3;couleurs du club
TONALI;Tonali;6;actuels;Milieu italien passé de Newcastle à Tottenham;factuel;2;transfert de juillet 2026
TONALI;Tonali;6;actuels;Son départ a coûté cent huit millions;factuel;2;montant de l'opération
TONALI;Tonali;6;actuels;Six lettres annoncées ailleurs, arrivées à Londres;joueur;3;rumeurs déjouées
TORINO;Torino;6;clubs;Club turinois rival de la Juventus;factuel;2;derby de la Mole
TORINO;Torino;6;clubs;Son équipe des années quarante reste mythique;factuel;3;Grande Torino
TORINO;Torino;6;clubs;Six lettres grenat du Piémont;joueur;2;couleur du maillot
TORRES;Torres;6;actuels;Auteur du but décisif de la finale 2026;factuel;1;réalisation à la 106e minute
TORRES;Torres;6;actuels;Il a offert la deuxième étoile à son pays;factuel;1;titre espagnol
TORRES;Torres;6;actuels;Entré en jeu, il est ressorti en héros;joueur;1;remplaçant décisif
TOUCHE;touche;6;vocab;Remise en jeu à deux mains;factuel;1;règle de la rentrée
TOUCHE;touche;6;vocab;Ligne latérale du terrain;factuel;1;délimitation du terrain
TOUCHE;touche;6;vocab;Certains la lancent comme un centre;joueur;2;longues rentrées offensives
TOULON;Toulon;6;competitions;Ville d'un tournoi international de jeunes;factuel;2;épreuve d'espoirs
TOULON;Toulon;6;competitions;Il a révélé Zidane, Henry et bien d'autres;factuel;3;vitrine des talents
TOULON;Toulon;6;competitions;Six lettres au bord de la Méditerranée;joueur;2;géographie
TOYOTA;Toyota;6;competitions;Marque qui a donné son nom à une coupe mondiale;factuel;3;épreuve intercontinentale
TOYOTA;Toyota;6;competitions;Elle opposait le champion d'Europe à celui d'Amérique;factuel;3;format de l'épreuve
TOYOTA;Toyota;6;competitions;Six lettres qui se jouaient au Japon;joueur;3;lieu de la rencontre
TRAORE;Traoré;6;legendes;Ailier au physique de culturiste;factuel;2;silhouette impressionnante
TRAORE;Traoré;6;legendes;Il a brillé à Wolverhampton;factuel;3;carrière anglaise
TRAORE;Traoré;6;legendes;Six lettres très répandues en Afrique de l'Ouest;joueur;1;patronyme courant
TRAVEE;travée;6;stades;Portion d'une tribune entre deux escaliers;factuel;3;architecture du stade
TRAVEE;travée;6;stades;Le numéro figure sur le billet;factuel;2;repérage du spectateur
TRAVEE;travée;6;stades;Six lettres qu'on cherche avant le coup d'envoi;joueur;2;galère du retardataire
TRICOT;tricot;6;fillfoot;Autre nom du haut aux couleurs du club;factuel;2;terme d'époque
TRICOT;tricot;6;fillfoot;L'échanger à la fin est une tradition;joueur;1;geste d'après-match
TRIPES;tripes;6;fillfoot;Ce que le vestiaire réclame à la pause;factuel;1;discours de motivation
TRIPES;tripes;6;fillfoot;Les mettre sur la pelouse, c'est tout donner;joueur;1;expression consacrée
TRIPLE;triplé;6;vocab;Trois réalisations du même joueur;factuel;1;performance individuelle
TRIPLE;triplé;6;vocab;Le ballon du match repart avec son auteur;joueur;2;tradition consacrée
TROYES;Troyes;6;clubs;Club aubois passé par l'élite française;factuel;3;football français
TROYES;Troyes;6;clubs;Son sigle commence par une étoile sportive;factuel;3;dénomination du club
TROYES;Troyes;6;clubs;Six lettres bleu et blanc de Champagne;joueur;3;couleurs du club
TUCHEL;Tuchel;6;coachs;Technicien allemand vainqueur de la C1 avec Chelsea;factuel;1;titre de 2021
TUCHEL;Tuchel;6;coachs;Il est devenu sélectionneur de l'Angleterre;factuel;2;nomination de 2024
TUCHEL;Tuchel;6;coachs;Six lettres passées par le PSG et le Bayern;joueur;1;carrière du technicien
TUNNEL;tunnel;6;culture;Couloir par lequel les équipes entrent;factuel;1;accès au terrain
TUNNEL;tunnel;6;culture;Les caméras y attendent les joueurs;factuel;1;images d'avant-match
TUNNEL;tunnel;6;culture;Six lettres où monte la tension;joueur;1;instant d'avant-match
TUTEUR;tuteur;6;coachs;Il accompagne un jeune joueur au centre;factuel;2;rôle de formation
TUTEUR;tuteur;6;coachs;Il suit aussi sa scolarité;factuel;2;mission éducative
TUTEUR;tuteur;6;coachs;Six lettres qui soutiennent aussi les plantes;joueur;1;homonymie
TWENTE;Twente;6;clubs;Club néerlandais champion en 2010;factuel;3;unique titre national
TWENTE;Twente;6;clubs;Il est installé à Enschede, près de la frontière;factuel;3;implantation
TWENTE;Twente;6;clubs;Six lettres rouge et blanc de l'Est;joueur;3;couleurs du club
TWITCH;Twitch;6;culture;Plateforme où des joueurs commentent en direct;factuel;1;streaming vidéo
TWITCH;Twitch;6;culture;Un championnat y a même été créé;factuel;2;compétition alternative
TWITCH;Twitch;6;culture;Six lettres devenues un second stade;joueur;1;nouvelle tribune
TZOLIS;Tzolis;6;actuels;Grec recruté par Arsenal pour quarante millions;factuel;2;transfert du 23 juillet
TZOLIS;Tzolis;6;actuels;Il a quitté la Belgique pour Londres;factuel;2;départ de Bruges
TZOLIS;Tzolis;6;actuels;Six lettres à consonance hellénique;joueur;2;origine du nom
UDOGIE;Udogie;6;actuels;Latéral italien de Tottenham;factuel;3;carrière anglaise
UDOGIE;Udogie;6;actuels;Il monte très haut sur son couloir;factuel;3;style du latéral
UDOGIE;Udogie;6;actuels;Six lettres formées en Italie;joueur;3;parcours du joueur
UGARTE;Ugarte;6;actuels;Milieu uruguayen passé du PSG à United;factuel;3;transfert de 2024
UGARTE;Ugarte;6;actuels;Il récupère plus de ballons que tout le monde;factuel;3;statistique du joueur
UGARTE;Ugarte;6;actuels;Six lettres qui ne lâchent jamais un duel;joueur;2;engagement du milieu
ULTRAS;ultras;6;culture;Groupes organisés qui animent les virages;factuel;1;supporters engagés
ULTRAS;ultras;6;culture;Ils préparent les tifos pendant des semaines;factuel;1;travail des groupes
ULTRAS;ultras;6;culture;Six lettres debout pendant tout le match;joueur;1;rituel du virage
UMTITI;Umtiti;6;legendes;Sa tête a envoyé les Bleus en finale en 2018;factuel;1;demi-finale contre la Belgique
UMTITI;Umtiti;6;legendes;Défenseur français passé par Lyon puis le Barça;factuel;2;carrière du joueur
UMTITI;Umtiti;6;legendes;Six lettres qui ont marqué le but le plus important;joueur;2;qualification en finale
UNITED;United;6;clubs;Mot présent dans le nom de nombreux clubs anglais;factuel;1;dénomination courante
UNITED;United;6;clubs;Celui de Manchester a fini troisième en 2026;factuel;2;soixante et onze points
UNITED;United;6;clubs;Six lettres qui signifient uni en anglais;joueur;1;traduction
VALDES;Valdés;6;legendes;Gardien du Barça de la grande époque;factuel;2;années Guardiola
VALDES;Valdés;6;legendes;Il a gagné trois Ligues des champions;factuel;2;palmarès du portier
VALDES;Valdés;6;legendes;Six lettres à l'aise au pied avant tout le monde;joueur;2;style du gardien
VALISE;valise;6;fillfoot;Elle suit le joueur toute la saison;factuel;1;vie de déplacement
VALISE;valise;6;fillfoot;En prendre cinq, c'est en ramener une pleine;joueur;2;expression consacrée
VARANE;Varane;6;actuels;Défenseur central champion du monde 2018;factuel;1;titre remporté en Russie
VARANE;Varane;6;actuels;Six lettres passées par le Real et Manchester;factuel;2;carrière du joueur
VARANE;Varane;6;actuels;Son nom a circulé du côté de Saint-Étienne;joueur;3;rumeur de mercato
VERONE;Vérone;6;clubs;Club vénète champion d'Italie en 1985;factuel;3;titre surprise
VERONE;Vérone;6;clubs;Sa ville a inspiré une célèbre tragédie;factuel;1;Roméo et Juliette
VERONE;Vérone;6;clubs;Six lettres jaune et bleu;joueur;3;couleurs du club
VIALLI;Vialli;6;legendes;Attaquant italien passé par la Juventus et Chelsea;factuel;3;carrière du joueur
VIALLI;Vialli;6;legendes;Il a gagné la C1 comme capitaine en 1996;factuel;3;titre turinois
VIALLI;Vialli;6;legendes;Six lettres qui ont ensuite entraîné à Londres;joueur;3;reconversion
VIEIRA;Vieira;6;legendes;Capitaine des Invincibles d'Arsenal en 2004;factuel;2;saison sans défaite
VIEIRA;Vieira;6;legendes;Il est entré en jeu lors de la finale de 1998;factuel;2;champion du monde
VIEIRA;Vieira;6;legendes;Six lettres immenses au milieu du terrain;joueur;1;gabarit du joueur
VIENNE;Vienne;6;clubs;Capitale autrichienne à plusieurs clubs historiques;factuel;2;football viennois
VIENNE;Vienne;6;clubs;Elle fut le berceau d'une école tactique réputée;factuel;3;Wunderteam des années trente
VIENNE;Vienne;6;clubs;Six lettres au bord du Danube;joueur;1;géographie
VIRAGE;virage;6;culture;Tribune derrière le but où se placent les groupes;factuel;1;zone du stade
VIRAGE;virage;6;culture;Il donne le tempo à tout le stade;factuel;1;rôle des supporters
VIRAGE;virage;6;culture;Six lettres qui désignent aussi un tournant;joueur;1;homonymie
VIVIAN;Vivian;6;actuels;Défenseur espagnol de l'Athletic Bilbao;factuel;3;charnière basque
VIVIAN;Vivian;6;actuels;Il a été champion du monde en 2026;factuel;2;titre de la Roja
VIVIAN;Vivian;6;actuels;Six lettres qui sont aussi un prénom;joueur;1;homonymie
VOLUME;volume;6;coachs;Quantité de course fournie par un joueur;factuel;1;donnée physique
VOLUME;volume;6;coachs;Il se compte en kilomètres parcourus;factuel;1;mesure du match
VOLUME;volume;6;coachs;Six lettres qui se règlent aussi sur une enceinte;joueur;1;homonymie
VOYAGE;voyage;6;fillfoot;Trajet vers l'enceinte de l'adversaire;factuel;1;déplacement de l'équipe
VOYAGE;voyage;6;fillfoot;Celui en Europe de l'Est fait peur à tous;joueur;1;déplacement redouté
WADDLE;Waddle;6;legendes;Ailier anglais adoré au Vélodrome;factuel;3;passage à Marseille
WADDLE;Waddle;6;legendes;Il a raté son penalty en demi-finale de 1990;factuel;3;Mondial italien
WADDLE;Waddle;6;legendes;Six lettres à la coupe de cheveux d'époque;joueur;2;silhouette culte
WALKER;Walker;6;legendes;Latéral anglais réputé pour sa pointe de vitesse;factuel;2;qualité du joueur
WALKER;Walker;6;legendes;Il a longtemps tenu le couloir droit de City;factuel;2;carrière mancunienne
WALKER;Walker;6;legendes;Six lettres qui signifient marcheur, quelle ironie;joueur;1;homonymie amusante
WENGER;Wenger;6;coachs;Technicien français des Invincibles d'Arsenal;factuel;1;saison 2004
WENGER;Wenger;6;coachs;Il est resté vingt-deux ans dans le même club;factuel;1;longévité rare
WENGER;Wenger;6;coachs;Six lettres qui ne fermaient jamais leur manteau;joueur;1;scène culte
WERNER;Werner;6;legendes;Attaquant allemand passé par Leipzig et Chelsea;factuel;2;carrière du joueur
WERNER;Werner;6;legendes;Sa vitesse en faisait un cauchemar pour les défenses;factuel;2;qualité du joueur
WERNER;Werner;6;legendes;Six lettres souvent moquées pour leurs ratés;joueur;2;réputation contrastée
WITSEL;Witsel;6;legendes;Milieu belge passé par Dortmund et l'Atlético;factuel;3;carrière du joueur
WITSEL;Witsel;6;legendes;Il a joué la demi-finale du Mondial 2018;factuel;2;parcours des Diables
WITSEL;Witsel;6;legendes;Six lettres qui protégeaient la défense;joueur;3;poste de sentinelle
WOLVES;Wolves;6;clubs;Dernier du championnat anglais en 2025-2026;factuel;1;vingt points seulement
WOLVES;Wolves;6;clubs;Dix-neuf rencontres consécutives sans victoire;factuel;3;série record de la saison
WOLVES;Wolves;6;clubs;Six lettres au fond du classement;joueur;1;relégation
WRIGHT;Wright;6;actuels;Deuxième buteur de Championship en 2025-2026;factuel;3;dix-sept réalisations
WRIGHT;Wright;6;actuels;Buteur du deuxième échelon anglais;factuel;3;saison 2025-2026
WRIGHT;Wright;6;actuels;Six lettres et un patronyme très anglais;joueur;1;origine du nom
YEBOAH;Yeboah;6;legendes;Attaquant ghanéen aux volées spectaculaires;factuel;3;carrière anglaise
YEBOAH;Yeboah;6;legendes;Ses buts avec Leeds passent encore en boucle;factuel;3;clips légendaires
YEBOAH;Yeboah;6;legendes;Six lettres qui ne frappaient qu'en pleine lucarne;joueur;2;style du buteur
YILDIZ;Yildiz;6;actuels;Jeune ailier turc de la Juventus;factuel;3;espoir bianconero
YILDIZ;Yildiz;6;actuels;Il porte le numéro dix du club;factuel;3;maillot emblématique
YILDIZ;Yildiz;6;actuels;Six lettres qui signifient étoile en turc;joueur;2;traduction
ZIDANE;Zidane;6;legendes;Deux têtes en finale de Coupe du monde 1998;factuel;1;victoire contre le Brésil
ZIDANE;Zidane;6;legendes;Une roulette porte son nom dans les cours d'école;joueur;1;geste éponyme
ZIDANE;Zidane;6;legendes;Il a gagné trois Ligues des champions comme entraîneur;factuel;2;banc du Real Madrid
ZIDANE;Zidane;6;legendes;Six lettres devenues un prénom très porté depuis 1998;joueur;2;influence de 1998
ZIYECH;Ziyech;6;legendes;Ailier marocain passé de l'Ajax à Chelsea;factuel;2;carrière du joueur
ZIYECH;Ziyech;6;legendes;Il a atteint la demi-finale du Mondial 2022;factuel;2;épopée des Lions
ZIYECH;Ziyech;6;legendes;Six lettres au pied gauche très précis;joueur;2;style de l'ailier
ZLATAN;Zlatan;6;legendes;Prénom d'un attaquant suédois au retourné mythique;factuel;1;but contre l'Angleterre
ZLATAN;Zlatan;6;legendes;Il parle de lui à la troisième personne;factuel;1;image du joueur
ZLATAN;Zlatan;6;legendes;Six lettres qui se suffisent sans patronyme;joueur;1;notoriété du prénom
ZURICH;Zurich;6;clubs;Plus grande ville de Suisse;factuel;1;géographie
ZURICH;Zurich;6;clubs;La FIFA y a installé son siège;factuel;2;instance mondiale
ZURICH;Zurich;6;clubs;Six lettres au bord d'un lac alémanique;joueur;2;situation de la ville
ZVEZDA;Zvezda;6;clubs;Mot serbe qui suit Crvena dans un nom de club;factuel;3;Étoile rouge de Belgrade
ZVEZDA;Zvezda;6;clubs;Ce club a gagné la Coupe d'Europe en 1991;factuel;2;titre continental
ZVEZDA;Zvezda;6;clubs;Six lettres qui signifient étoile;joueur;2;traduction
ADJOINT;adjoint;7;coachs;Il seconde l'entraîneur au quotidien;factuel;1;membre du staff
ADJOINT;adjoint;7;coachs;Il prend le relais quand le patron est suspendu;factuel;1;rôle de remplacement
ADJOINT;adjoint;7;coachs;Sept lettres qui font le lien avec les joueurs;joueur;1;fonction du poste
ADRIANO;Adriano;7;legendes;Attaquant brésilien à la frappe surpuissante;factuel;2;réputation du joueur
ADRIANO;Adriano;7;legendes;Il était surnommé l'Empereur à l'Inter;factuel;2;surnom du buteur
ADRIANO;Adriano;7;legendes;Sept lettres imbattables sur les jeux vidéo de l'époque;joueur;1;statistiques légendaires
AFFICHE;affiche;7;vocab;Rencontre entre deux grosses écuries;factuel;1;match attendu
AFFICHE;affiche;7;vocab;Belle sur le papier, moins sur le gazon;joueur;2;déception fréquente
AFRIQUE;Afrique;7;competitions;Continent dont la Coupe des nations est bisannuelle;factuel;1;épreuve continentale
AFRIQUE;Afrique;7;competitions;Le Sénégal en est champion depuis 2025;factuel;2;titre conquis au Maroc
AFRIQUE;Afrique;7;competitions;Sept lettres qui vident les clubs européens en janvier;joueur;2;calendrier de la CAN
AIGLONS;Aiglons;7;clubs;Surnom des joueurs du club niçois;factuel;3;emblème du club
AIGLONS;Aiglons;7;clubs;Un rapace figure sur leur écusson;factuel;3;blason du club
AIGLONS;Aiglons;7;clubs;Sept lettres rouge et noir de la Côte d'Azur;joueur;3;couleurs du club
AILIERE;ailière;7;feminin;Celle qui déborde sur le côté;factuel;1;poste offensif
AILIERE;ailière;7;feminin;Elle centre ou repique dans l'axe;factuel;1;choix du geste
AILIERE;ailière;7;feminin;Sept lettres à la pointe de vitesse décisive;joueur;1;qualité du poste
AJACCIO;Ajaccio;7;clubs;Club de la cité impériale;factuel;3;ville natale de Napoléon
AJACCIO;Ajaccio;7;clubs;Il a longtemps disputé le derby corse à Bastia;factuel;3;rivalité insulaire
AJACCIO;Ajaccio;7;clubs;Sept lettres rouge et blanc;joueur;3;couleurs du club
AJIBADE;Ajibade;7;feminin;Milieu nigériane internationale;factuel;3;sélection des Super Falcons
AJIBADE;Ajibade;7;feminin;Elle a joué en Espagne et en Angleterre;factuel;3;carrière de la joueuse
AJIBADE;Ajibade;7;feminin;Sept lettres au volume de course énorme;joueur;3;profil du milieu
AJORQUE;Ajorque;7;actuels;Attaquant français au gabarit de géant;factuel;3;deux mètres
AJORQUE;Ajorque;7;actuels;Il a marqué beaucoup avec Strasbourg;factuel;3;carrière en Ligue 1
AJORQUE;Ajorque;7;actuels;Sept lettres redoutables sur les centres;joueur;3;jeu aérien du buteur
ALBANIE;Albanie;7;selections;Sélection des Balkans à l'aigle bicéphale;factuel;3;emblème national
ALBANIE;Albanie;7;selections;Elle a disputé l'Euro pour la première fois en 2016;factuel;3;première qualification
ALBANIE;Albanie;7;selections;Sept lettres rouge et noir;joueur;2;couleurs nationales
ALGERIE;Algérie;7;selections;Sélection surnommée les Fennecs;factuel;1;surnom du pays
ALGERIE;Algérie;7;selections;Elle était dans le groupe de l'Argentine en 2026;factuel;3;tirage du Mondial
ALGERIE;Algérie;7;selections;Sept lettres championnes d'Afrique en 2019;joueur;2;titre continental
ALISSON;Alisson;7;actuels;Gardien brésilien favori pour le poste en 2026;factuel;1;portier de la Seleção
ALISSON;Alisson;7;actuels;Rescapé des Mondiaux 2018 et 2022;factuel;2;longévité en sélection
ALISSON;Alisson;7;actuels;Sept lettres devant la cage auriverde;joueur;1;poste du joueur
ALKMAAR;Alkmaar;7;clubs;Club néerlandais champion en 1981 et 2009;factuel;3;deux titres nationaux
ALKMAAR;Alkmaar;7;clubs;Sa ville est célèbre pour son marché au fromage;factuel;3;tradition locale
ALKMAAR;Alkmaar;7;clubs;Sept lettres rouge et blanc de Hollande;joueur;3;couleurs du club
ALLEGRI;Allegri;7;coachs;Technicien italien longtemps à la Juventus;factuel;2;carrière turinoise
ALLEGRI;Allegri;7;coachs;Il a enchaîné cinq titres nationaux d'affilée;factuel;2;série bianconera
ALLEGRI;Allegri;7;coachs;Sept lettres qui jettent leur veste par terre;joueur;2;geste reconnaissable
ALLIANZ;Allianz;7;stades;Enceinte bavaroise aux façades lumineuses;factuel;1;Bayern Munich
ALLIANZ;Allianz;7;stades;Elle change de couleur selon l'équipe qui joue;factuel;2;particularité du bâtiment
ALLIANZ;Allianz;7;stades;Sept lettres qui portent le nom d'un assureur;joueur;1;sponsor du stade
ALMERIA;Almeria;7;clubs;Club andalou passé par la Liga;factuel;3;championnat espagnol
ALMERIA;Almeria;7;clubs;Sa région est couverte de serres;factuel;3;économie locale
ALMERIA;Almeria;7;clubs;Sept lettres rouge et blanc;joueur;3;couleurs du club
ALVAREZ;Álvarez;7;actuels;Attaquant argentin champion du monde 2022;factuel;1;titre conquis au Qatar
ALVAREZ;Álvarez;7;actuels;Il a défendu son titre mondial en 2026;factuel;2;finale perdue à New York
ALVAREZ;Álvarez;7;actuels;Le pressing incessant de l'attaque albiceleste;joueur;2;profil du joueur
AMATEUR;amateur;7;competitions;Football joué sans contrat professionnel;factuel;1;statut du joueur
AMATEUR;amateur;7;competitions;Son club rêve d'affronter un grand en coupe;factuel;1;tirage de rêve
AMATEUR;amateur;7;competitions;Sept lettres qui font le sel de la Coupe de France;joueur;1;exploits des petits
AMERICA;América;7;competitions;Épreuve continentale des sélections sud-américaines;factuel;2;Copa
AMERICA;América;7;competitions;C'est la plus ancienne compétition de sélections;factuel;3;créée en 1916
AMERICA;América;7;competitions;Sept lettres disputées entre Argentine et Brésil;joueur;2;rivalité continentale
AMICALE;amicale;7;clubs;Mot présent dans le nom de clubs amateurs;factuel;3;dénomination locale
AMICALE;amicale;7;clubs;Elle désigne un groupement de camarades;factuel;1;acception courante
AMICALE;amicale;7;clubs;Sept lettres qui qualifient aussi un match sans enjeu;joueur;1;rencontre de préparation
AMRABAT;Amrabat;7;actuels;Révélation marocaine du Mondial 2022;factuel;1;parcours au Qatar
AMRABAT;Amrabat;7;actuels;Récupérateur toujours présent quatre ans après;factuel;2;liste de 2026
AMRABAT;Amrabat;7;actuels;Sept lettres qui ratissent tout le milieu;joueur;1;rôle du joueur
ANDRICH;Andrich;7;actuels;Milieu allemand déçu de la liste de 2026;factuel;2;non-convocation
ANDRICH;Andrich;7;actuels;Il évoluait à Leverkusen avant le Mondial;factuel;3;club allemand
ANDRICH;Andrich;7;actuels;Sept lettres restées à la maison;joueur;2;non-sélection
ANFIELD;Anfield;7;stades;Enceinte du club de la Mersey;factuel;1;Liverpool
ANFIELD;Anfield;7;stades;On y a renversé le Barça en 2019;factuel;1;demi-finale de C1
ANFIELD;Anfield;7;stades;Sept lettres où l'on ne marche jamais seul;joueur;1;hymne du club
ANTENNE;antenne;7;fillfoot;Y passer, c'est parler en direct;factuel;1;prise de parole
ANTENNE;antenne;7;fillfoot;Il la coupe après une question de trop;joueur;1;départ de conférence
ARBITRE;arbitre;7;vocab;Il est assisté de deux juges de touche;factuel;1;trio sur le terrain
ARBITRE;arbitre;7;vocab;Slavko Vincic a dirigé la finale 2026;factuel;3;finale du Mondial à New York
ARBITRE;arbitre;7;vocab;Tout le stade est meilleur que lui;joueur;1;vanne de tribune
ARDOISE;ardoise;7;coachs;Support sur lequel on dessine les schémas;factuel;1;outil du technicien
ARDOISE;ardoise;7;coachs;Elle sert aussi à afficher les changements;factuel;2;usage du quatrième arbitre
ARDOISE;ardoise;7;coachs;Sept lettres qu'on efface d'un revers de manche;joueur;1;usage de l'outil
ARMOIRE;armoire;7;fillfoot;Meuble du vestiaire où l'on range ses affaires;factuel;1;mobilier du club
ARMOIRE;armoire;7;fillfoot;À glace, c'est le grand central infranchissable;joueur;1;expression consacrée
ARRIBAS;Arribas;7;actuels;Meilleur buteur de la deuxième division espagnole;factuel;3;vingt-quatre réalisations
ARRIBAS;Arribas;7;actuels;Artilleur sacré au deuxième échelon ibérique;factuel;3;saison 2025-2026
ARRIBAS;Arribas;7;actuels;Sept lettres titrées dans l'antichambre espagnole;joueur;2;titre de la saison
ARRIERE;arrière;7;vocab;Joueur de la ligne défensive;factuel;1;poste défensif
ARRIERE;arrière;7;vocab;Latéral, il n'arrête jamais de courir;joueur;2;double tâche du poste
ARSENAL;Arsenal;7;clubs;Champion d'Angleterre 2025-2026 avec 85 points;factuel;1;quatorzième titre national
ARSENAL;Arsenal;7;clubs;Vingt-deux ans d'attente avant ce titre;factuel;2;précédent sacre en 2004
ARSENAL;Arsenal;7;clubs;Premier champion sans penalty concédé ni rouge reçu;factuel;3;record de la saison
ARSENAL;Arsenal;7;clubs;Sept lettres sacrées avec une journée d'avance;joueur;2;titre acquis le 19 mai
ASENCIO;Asencio;7;actuels;Jeune défenseur espagnol du Real Madrid;factuel;3;espoir madrilène
ASENCIO;Asencio;7;actuels;Il s'est imposé lors d'une hécatombe de blessés;factuel;3;saison 2024-2025
ASENCIO;Asencio;7;actuels;Sept lettres sorties du centre de formation;joueur;3;produit du club
ASENSIO;Asensio;7;legendes;Milieu offensif espagnol du Real puis du PSG;factuel;3;carrière du joueur
ASENSIO;Asensio;7;legendes;Il marquait souvent dès son entrée en jeu;factuel;3;profil du remplaçant
ASENSIO;Asensio;7;legendes;Sept lettres au pied gauche très pur;joueur;2;style du joueur
ASLLANI;Asllani;7;feminin;Milieu suédoise passée par le Barça et Milan;factuel;3;carrière européenne
ASLLANI;Asllani;7;feminin;Elle a été médaillée olympique;factuel;3;podium des Jeux
ASLLANI;Asllani;7;feminin;Sept lettres au pied gauche très pur;joueur;3;style de la joueuse
ATATURK;Atatürk;7;stades;Enceinte de la remontée de Liverpool en 2005;factuel;1;finale d'Istanbul
ATATURK;Atatürk;7;stades;Trois buts encaissés puis une séance renversante;factuel;1;scénario de la finale
ATATURK;Atatürk;7;stades;Sept lettres qui portent le nom d'un fondateur turc;joueur;2;hommage national
ATELIER;atelier;7;coachs;Poste de travail lors d'une séance;factuel;1;organisation du terrain
ATELIER;atelier;7;coachs;On y répète un geste jusqu'à l'automatisme;factuel;1;objectif de l'exercice
ATELIER;atelier;7;coachs;Sept lettres délimitées par des plots;joueur;1;matériel utilisé
ATLANTA;Atlanta;7;clubs;Club américain champion de MLS en 2018;factuel;3;titre nord-américain
ATLANTA;Atlanta;7;clubs;Sa ville a reçu les Jeux olympiques de 1996;factuel;2;olympisme
ATLANTA;Atlanta;7;clubs;Sept lettres rouge et noir de Géorgie;joueur;3;couleurs du club
ATTAQUE;attaque;7;vocab;Compartiment le plus avancé de l'équipe;factuel;1;ligne offensive
ATTAQUE;attaque;7;vocab;Placée, elle demande de la patience;factuel;2;jeu positionnel
ATTAQUE;attaque;7;vocab;C'est elle qui fait vendre les billets;joueur;2;attrait du spectacle
AUDIMAT;audimat;7;culture;Outil de mesure des audiences télévisées;factuel;2;instrument de référence
AUDIMAT;audimat;7;culture;Il décide de l'horaire des matchs;factuel;2;influence sur le calendrier
AUDIMAT;audimat;7;culture;Sept lettres devenues un nom commun;joueur;2;marque lexicalisée
AUSTRIA;Austria;7;clubs;Club viennois rival du Rapid;factuel;3;derby autrichien
AUSTRIA;Austria;7;clubs;Son nom est celui du pays en latin;factuel;2;étymologie
AUSTRIA;Austria;7;clubs;Sept lettres violettes de la capitale;joueur;3;couleur du maillot
AUTOMNE;automne;7;fillfoot;Saison où le classement commence à parler;factuel;1;début de championnat
AUTOMNE;automne;7;fillfoot;Les feuilles tombent, les techniciens aussi;joueur;2;premiers limogeages
AUXERRE;Auxerre;7;clubs;Club bourguignon champion de France en 1996;factuel;2;doublé coupe-championnat
AUXERRE;Auxerre;7;clubs;Guy Roux y est resté près de quarante ans;factuel;2;longévité du technicien
AUXERRE;Auxerre;7;clubs;Sept lettres qui ont formé toute une génération;joueur;2;centre réputé
AZZURRI;Azzurri;7;selections;Surnom de la sélection italienne;factuel;1;couleur du maillot
AZZURRI;Azzurri;7;selections;Ils ont gagné quatre Coupes du monde;factuel;1;palmarès mondial
AZZURRI;Azzurri;7;selections;Sept lettres qui signifient les bleus en italien;joueur;1;traduction
BAKAMBU;Bakambu;7;actuels;Attaquant congolais passé par Marseille;factuel;3;carrière en Ligue 1
BAKAMBU;Bakambu;7;actuels;Il a joué en Chine et en Espagne;factuel;3;carrière itinérante
BAKAMBU;Bakambu;7;actuels;Sept lettres qui portent les Léopards;joueur;3;sélection congolaise
BALERDI;Balerdi;7;actuels;Argentin forfait juste avant le Mondial 2026;factuel;2;blessure au mollet
BALERDI;Balerdi;7;actuels;Il a dû laisser sa place à un remplaçant;factuel;3;renfort appelé le 5 juin
BALERDI;Balerdi;7;actuels;Sept lettres restées à quai;joueur;2;forfait avant le tournoi
BALLACK;Ballack;7;legendes;Capitaine allemand finaliste du Mondial 2002;factuel;2;défaite contre le Brésil
BALLACK;Ballack;7;legendes;Milieu buteur passé par le Bayern et Chelsea;factuel;2;carrière du joueur
BALLACK;Ballack;7;legendes;Sept lettres qui ont perdu toutes leurs finales;joueur;2;malédiction du joueur
BALOGUN;Balogun;7;actuels;Américain au centre d'une polémique arbitrale;factuel;2;carton rouge annulé
BALOGUN;Balogun;7;actuels;Son expulsion a été effacée avant le huitième;factuel;3;décision de la FIFA
BALOGUN;Balogun;7;actuels;Sept lettres qui ont fait couler beaucoup d'encre;joueur;2;controverse de 2026
BANDEAU;bandeau;7;culture;Il retient les cheveux longs des joueurs;factuel;1;accessoire du terrain
BANDEAU;bandeau;7;culture;Il s'affiche aussi en bas de l'écran télévisé;factuel;1;double sens
BANDEAU;bandeau;7;culture;Sept lettres qui tombent souvent en pleine action;joueur;1;désagrément du joueur
BARCOLA;Barcola;7;actuels;Ailier parisien retenu pour le Mondial 2026;factuel;2;attaquant tricolore
BARCOLA;Barcola;7;actuels;Il découvrait la phase finale mondiale;factuel;2;première participation
BARCOLA;Barcola;7;actuels;Gaucher rapide qui part du couloir droit;joueur;2;profil de l'ailier
BARELLA;Barella;7;legendes;Milieu italien champion d'Europe en 2021;factuel;2;titre à Wembley
BARELLA;Barella;7;legendes;Il a marqué en quart contre la Belgique;factuel;3;parcours italien
BARELLA;Barella;7;legendes;Sept lettres au volume de course impressionnant;joueur;2;profil du milieu
BARRAGE;barrage;7;competitions;Match décisif pour une place en compétition;factuel;1;rencontre de départage
BARRAGE;barrage;7;competitions;Celui de qualification peut envoyer au Mondial;factuel;2;dernière chance
BARRAGE;barrage;7;competitions;Sept lettres qui retiennent aussi l'eau;joueur;1;homonymie
BARTHEZ;Barthez;7;legendes;Gardien des Bleus champions du monde en 1998;factuel;1;titre à domicile
BARTHEZ;Barthez;7;legendes;On lui embrassait le crâne avant les matchs;factuel;1;rituel de 1998
BARTHEZ;Barthez;7;legendes;Sept lettres devenues pilote automobile;joueur;2;seconde carrière
BASCULE;bascule;7;feminin;Passage d'une époque à une autre;factuel;1;changement de période
BASCULE;bascule;7;feminin;Celle du professionnalisme reste récente;factuel;2;évolution du statut
BASCULE;bascule;7;feminin;Sept lettres qui désignent aussi un jeu d'enfant;joueur;1;homonymie
BASTONI;Bastoni;7;actuels;Défenseur italien de l'Inter;factuel;2;charnière nerazzurra
BASTONI;Bastoni;7;actuels;Il a été champion d'Europe en 2021;factuel;2;titre à Wembley
BASTONI;Bastoni;7;actuels;Sept lettres qui relancent du gauche;joueur;2;style du central
BAUMANN;Baumann;7;actuels;Gardien allemand titulaire pendant les qualifications;factuel;3;campagne de qualification
BAUMANN;Baumann;7;actuels;Portier retenu malgré le retour du vétéran;factuel;2;liste de Nagelsmann
BAUMANN;Baumann;7;actuels;Sept lettres passées de titulaire à doublure;joueur;2;hiérarchie bouleversée
BECKHAM;Beckham;7;legendes;Spécialiste anglais du coup de pied arrêté;factuel;1;réputation du joueur
BECKHAM;Beckham;7;legendes;Il a porté le numéro sept de Manchester United;factuel;2;maillot emblématique
BECKHAM;Beckham;7;legendes;Sept lettres devenues une marque mondiale;joueur;1;notoriété du joueur
BENFICA;Benfica;7;clubs;Club lisboète deux fois champion d'Europe;factuel;1;1961 et 1962
BENFICA;Benfica;7;clubs;Eusébio y a inscrit plus de six cents buts;factuel;2;idole du club
BENFICA;Benfica;7;clubs;Sept lettres à l'aigle lâché avant le coup d'envoi;joueur;2;rituel du stade de la Luz
BENITEZ;Benítez;7;coachs;Technicien espagnol de la remontée d'Istanbul;factuel;1;finale de 2005
BENITEZ;Benítez;7;coachs;Il a renversé Milan après trois buts encaissés;factuel;1;seconde période mémorable
BENITEZ;Benítez;7;coachs;Sept lettres au carnet de notes toujours à la main;joueur;2;image du banc
BENZEMA;Benzema;7;actuels;Quinze buts en Ligue des champions en 2021-2022;factuel;2;saison de référence
BENZEMA;Benzema;7;actuels;Ancien avant-centre du Real Madrid;factuel;1;club espagnol
BENZEMA;Benzema;7;actuels;Sept lettres au sommet de l'Europe;joueur;1;domination continentale
BERALDO;Beraldo;7;actuels;Défenseur central brésilien du PSG;factuel;2;effectif 2026-2027
BERALDO;Beraldo;7;actuels;Central auriverde de vingt-deux ans en 2026;factuel;3;âge dans l'effectif
BERALDO;Beraldo;7;actuels;Sept lettres dans l'axe parisien;joueur;1;poste du joueur
BERCEAU;berceau;7;culture;Célébration des joueurs devenus papas;factuel;1;geste consacré
BERCEAU;berceau;7;culture;Bebeto l'a popularisée en 1994;factuel;1;Coupe du monde américaine
BERCEAU;berceau;7;culture;Sept lettres qui bercent un bébé imaginaire;joueur;1;mime du geste
BERNARD;Bernard;7;coachs;Prénom de techniciens français au long parcours;factuel;2;usage courant
BERNARD;Bernard;7;coachs;Il est aussi porté par un champion du monde 1998;factuel;2;joueur tricolore
BERNARD;Bernard;7;coachs;Sept lettres qui nomment aussi un chien de montagne;joueur;1;saint-bernard
BIERETH;Biereth;7;actuels;Attaquant danois révélé à Monaco;factuel;2;éclosion en Ligue 1
BIERETH;Biereth;7;actuels;Buteur du championnat de France;factuel;2;profil du joueur
BIERETH;Biereth;7;actuels;Sept lettres qui ont fait sensation en principauté;joueur;2;saison monégasque
BISSECK;Bisseck;7;actuels;Défenseur allemand absent du Mondial 2026;factuel;2;non-convocation
BISSECK;Bisseck;7;actuels;Il évoluait en Italie au moment de la liste;factuel;3;club transalpin
BISSECK;Bisseck;7;actuels;Sept lettres écartées par le sélectionneur;joueur;2;non-sélection
BOATENG;Boateng;7;legendes;Défenseur allemand champion du monde en 2014;factuel;2;titre au Brésil
BOATENG;Boateng;7;legendes;Son demi-frère jouait pour le Ghana;factuel;2;fratrie séparée
BOATENG;Boateng;7;legendes;Sept lettres relanceuses depuis leur surface;joueur;2;style du central
BOLIVIE;Bolivie;7;selections;Sélection qui joue à plus de trois mille mètres;factuel;2;altitude de La Paz
BOLIVIE;Bolivie;7;selections;Les visiteurs y manquent vite d'air;factuel;2;difficulté du déplacement
BOLIVIE;Bolivie;7;selections;Sept lettres vertes des Andes;joueur;3;couleur du maillot
BOLOGNE;Bologne;7;clubs;Club émilien retourné en Coupe d'Europe récemment;factuel;3;qualification continentale
BOLOGNE;Bologne;7;clubs;Sa ville abrite la plus vieille université d'Europe;factuel;2;patrimoine local
BOLOGNE;Bologne;7;clubs;Sept lettres rouge et bleu;joueur;3;couleurs du club
BONHEUR;bonheur;7;fillfoot;État que procure un titre attendu dix ans;factuel;1;sentiment du supporter
BONHEUR;bonheur;7;fillfoot;Il tient à un ballon qui finit dedans;joueur;1;émotion du but
BONMATI;Bonmatí;7;feminin;Triple Ballon d'Or espagnole du Barça;factuel;1;2023, 2024 et 2025
BONMATI;Bonmatí;7;feminin;Elle a été élue meilleure joueuse du Mondial 2023;factuel;1;distinction du tournoi
BONMATI;Bonmatí;7;feminin;Sept lettres au jeu entre les lignes;joueur;1;style de la meneuse
BONUCCI;Bonucci;7;legendes;Défenseur italien champion d'Europe en 2021;factuel;2;titre à Wembley
BONUCCI;Bonucci;7;legendes;Il a égalisé en finale contre l'Angleterre;factuel;2;but du sacre
BONUCCI;Bonucci;7;legendes;Sept lettres qui relançaient comme un milieu;joueur;2;qualité de passe
BOUADDI;Bouaddi;7;actuels;Prodige marocain né en octobre 2007;factuel;2;plus jeune du groupe
BOUADDI;Bouaddi;7;actuels;Milieu lillois retenu à dix-huit ans;factuel;2;liste de 2026
BOUADDI;Bouaddi;7;actuels;Sept lettres et pas encore vingt ans;joueur;1;précocité
BRAMALL;Bramall;7;stades;Il précède Lane dans le nom du plus vieux stade;factuel;3;Sheffield
BRAMALL;Bramall;7;stades;L'enceinte accueille du football depuis 1889;factuel;3;ancienneté du lieu
BRAMALL;Bramall;7;stades;Sept lettres rouge et blanc rayées;joueur;3;couleurs du club
BRESCIA;Brescia;7;clubs;Club lombard où Pirlo et Baggio ont joué;factuel;3;anciens du club
BRESCIA;Brescia;7;clubs;Sa ville est un centre industriel du nord;factuel;3;économie locale
BRESCIA;Brescia;7;clubs;Sept lettres bleu et blanc;joueur;3;couleurs du club
BRISTOL;Bristol;7;clubs;Ville anglaise à deux clubs rivaux;factuel;3;derby local
BRISTOL;Bristol;7;clubs;Elle est célèbre pour son pont suspendu;factuel;2;patrimoine local
BRISTOL;Bristol;7;clubs;Sept lettres du sud-ouest de l'Angleterre;joueur;2;géographie
BRONDBY;Brondby;7;clubs;Club danois de la banlieue de Copenhague;factuel;3;championnat local
BRONDBY;Brondby;7;clubs;Il dispute le derby de la capitale;factuel;3;rivalité danoise
BRONDBY;Brondby;7;clubs;Sept lettres jaune et bleu;joueur;3;couleurs du club
BUDIMIR;Budimir;7;actuels;Troisième buteur de Liga en 2025-2026;factuel;2;dix-sept réalisations
BUDIMIR;Budimir;7;actuels;Attaquant croate du championnat espagnol;factuel;3;profil du joueur
BUDIMIR;Budimir;7;actuels;Sept lettres sur le podium des artilleurs ibériques;joueur;2;classement de la saison
BURNLEY;Burnley;7;clubs;Promu relégué dès la saison suivante;factuel;2;dix-neuvième en 2025-2026
BURNLEY;Burnley;7;clubs;Vingt-deux points en trente-huit journées;factuel;2;bilan de la saison
BURNLEY;Burnley;7;clubs;Sept lettres redescendues aussitôt;joueur;2;aller-retour en deux saisons
BUTEUSE;buteuse;7;feminin;Celle qui termine les actions;factuel;1;féminin du finisseur
BUTEUSE;buteuse;7;feminin;La meilleure d'un tournoi reçoit un soulier;factuel;1;distinction individuelle
BUTEUSE;buteuse;7;feminin;Sept lettres qui vivent dans la surface;joueur;1;zone du poste
BUVETTE;buvette;7;vocab;Comptoir de l'enceinte pour les spectateurs;factuel;1;service au public
BUVETTE;buvette;7;vocab;On y refait le match pendant la pause;joueur;1;lieu du stade
CADENCE;cadence;7;vocab;Rythme des rencontres dans le calendrier;factuel;2;enchaînement des matchs
CADENCE;cadence;7;vocab;Infernale, elle vide les organismes;joueur;1;surcharge du calendrier
CADRAGE;cadrage;7;vocab;Le portier avance pour réduire la cible;factuel;2;placement du gardien
CADRAGE;cadrage;7;vocab;Mal fait, il ouvre grand la porte;joueur;2;erreur de placement
CAICEDO;Caicedo;7;actuels;Milieu formé du côté de Brighton;factuel;2;club anglais
CAICEDO;Caicedo;7;actuels;Il y a brillé aux côtés d'un futur champion du monde;factuel;3;tandem avec Mac Allister
CAICEDO;Caicedo;7;actuels;Sept lettres au milieu du terrain;joueur;1;poste du joueur
CALICOT;calicot;7;fillfoot;Banderole tendue devant le grillage;factuel;2;message des tribunes
CALICOT;calicot;7;fillfoot;Il s'adresse au président plus qu'à l'adversaire;joueur;2;contestation des groupes
CAMPNOU;Camp Nou;7;stades;Plus grand stade d'Europe par sa capacité;factuel;1;enceinte du Barça
CAMPNOU;Camp Nou;7;stades;Son nom signifie terrain neuf en catalan;factuel;2;traduction
CAMPNOU;Camp Nou;7;stades;Sept lettres qui ont vu la remontada de 2017;joueur;1;six à un contre Paris
CANARIS;Canaris;7;clubs;Surnom des joueurs du club nantais;factuel;1;couleur du maillot
CANARIS;Canaris;7;clubs;Il désigne aussi les joueurs de Norwich;factuel;3;surnom partagé
CANARIS;Canaris;7;clubs;Sept lettres jaune et vert;joueur;2;couleurs du club
CANCELO;Cancelo;7;actuels;Latéral portugais passé au Barça;factuel;2;club espagnol
CANCELO;Cancelo;7;actuels;Défenseur retenu pour la Coupe du monde 2026;factuel;1;liste de Martínez
CANCELO;Cancelo;7;actuels;Sept lettres et un parcours européen bien rempli;joueur;2;carrière du joueur
CANTONA;Cantona;7;legendes;Surnommé le King à Manchester United;factuel;2;idole d'Old Trafford
CANTONA;Cantona;7;legendes;Il jouait le col du maillot relevé;factuel;1;silhouette culte
CANTONA;Cantona;7;legendes;Sept lettres devenues acteur de cinéma;joueur;2;seconde carrière
CAPELLO;Capello;7;coachs;Technicien italien champion avec le Milan et le Real;factuel;2;palmarès du coach
CAPELLO;Capello;7;coachs;Il a été sélectionneur de l'Angleterre;factuel;2;banc des Three Lions
CAPELLO;Capello;7;coachs;Sept lettres réputées très strictes;joueur;2;style du technicien
CAPVERT;Cap-Vert;7;selections;Archipel qualifié pour le Mondial 2026;factuel;2;première participation
CAPVERT;Cap-Vert;7;selections;Il a accroché l'Espagne en phase de groupes;factuel;2;exploit du tournoi
CAPVERT;Cap-Vert;7;selections;Sept lettres au large de l'Afrique de l'Ouest;joueur;2;géographie
CARABAO;Carabao;7;competitions;Marque qui parraine la Coupe de la Ligue anglaise;factuel;3;nom commercial
CARABAO;Carabao;7;competitions;Manchester City l'a remportée en 2026;factuel;2;neuvième titre du club
CARABAO;Carabao;7;competitions;Sept lettres qui ont remplacé un ancien parrain;joueur;3;valse des sponsors
CARDIFF;Cardiff;7;clubs;Seul club gallois vainqueur de la Coupe d'Angleterre;factuel;3;titre de 1927
CARDIFF;Cardiff;7;clubs;Capitale du pays de Galles;factuel;1;géographie
CARDIFF;Cardiff;7;clubs;Sept lettres bleu ciel au dragon rouge;joueur;3;emblèmes gallois
CARTUJA;Cartuja;7;stades;Grande enceinte sévillane utilisée pour les finales;factuel;3;stade olympique
CARTUJA;Cartuja;7;stades;Elle a accueilli des matchs de l'Euro 2021;factuel;3;compétition continentale
CARTUJA;Cartuja;7;stades;Sept lettres qui portent le nom d'un monastère;joueur;3;origine du nom
CASSANO;Cassano;7;legendes;Attaquant italien au talent immense et gâché;factuel;2;carrière contrariée
CASSANO;Cassano;7;legendes;Il a joué à la Roma, au Real et au Milan;factuel;3;parcours du joueur
CASSANO;Cassano;7;legendes;Sept lettres qui n'en faisaient qu'à leur tête;joueur;2;réputation du joueur
CELESTE;Celeste;7;selections;Surnom de la sélection uruguayenne;factuel;2;couleur du maillot
CELESTE;Celeste;7;selections;Elle a gagné le tout premier Mondial;factuel;2;titre de 1930
CELESTE;Celeste;7;selections;Sept lettres qui signifient bleu ciel;joueur;1;traduction
CENTRAL;central;7;vocab;Défenseur qui évolue dans l'axe;factuel;1;poste défensif
CENTRAL;central;7;vocab;Le rond du terrain l'est également;factuel;1;tracé du milieu
CENTRAL;central;7;vocab;Il monte sur les corners et y croit dur;joueur;1;montée sur coup arrêté
CHALEUR;chaleur;7;fillfoot;Elle impose des pauses fraîcheur;factuel;2;interruption réglementaire
CHALEUR;chaleur;7;fillfoot;Celle du public porte l'équipe jusqu'au bout;joueur;1;soutien des tribunes
CHAPEAU;chapeau;7;competitions;Groupe d'équipes de même niveau au tirage;factuel;2;répartition par cote
CHAPEAU;chapeau;7;competitions;Être dans le premier évite les gros;factuel;2;avantage du classement
CHAPEAU;chapeau;7;competitions;Sept lettres qui se portent aussi sur la tête;joueur;1;homonymie
CHARITY;Charity;7;competitions;Ancien nom du trophée de rentrée anglais;factuel;3;avant 2002
CHARITY;Charity;7;competitions;Ses recettes allaient à des œuvres;factuel;3;origine caritative
CHARITY;Charity;7;competitions;Sept lettres rebaptisées au début du siècle;joueur;3;changement de dénomination
CHELSEA;Chelsea;7;clubs;Club londonien jamais relégué depuis 1992;factuel;2;six clubs dans ce cas
CHELSEA;Chelsea;7;clubs;Il a réalisé le plus gros transfert de l'été 2026;factuel;2;cent trente-sept millions
CHELSEA;Chelsea;7;clubs;Sept lettres qui n'ont jamais quitté l'élite;joueur;2;longévité en Premier League
CHIGNON;chignon;7;feminin;Coiffure qui dégage la nuque pendant le match;factuel;1;pratique du terrain
CHIGNON;chignon;7;feminin;Il se refait souvent à la mi-temps;factuel;1;scène du vestiaire
CHIGNON;chignon;7;feminin;Sept lettres tenues par une pince;joueur;1;accessoire nécessaire
CHORALE;chorale;7;culture;Ce à quoi ressemble un virage bien entraîné;joueur;1;image du chant collectif
CHORALE;chorale;7;culture;Groupe qui chante à plusieurs voix;factuel;1;acception courante
CHORALE;chorale;7;culture;Sept lettres qui répètent avant le match;joueur;2;préparation des groupes
CHUPETE;Chupete;7;actuels;Troisième buteur du deuxième échelon espagnol;factuel;3;dix-huit réalisations
CHUPETE;Chupete;7;actuels;Attaquant connu sous un surnom, pas un patronyme;factuel;3;usage espagnol
CHUPETE;Chupete;7;actuels;Sept lettres qui signifient tétine en espagnol;joueur;2;traduction du surnom
CIRCUIT;circuit;7;coachs;Enchaînement d'ateliers lors d'une séance;factuel;2;organisation du travail
CIRCUIT;circuit;7;coachs;Les joueurs y tournent par groupes;factuel;2;déroulé de l'exercice
CIRCUIT;circuit;7;coachs;Sept lettres qui désignent aussi une piste automobile;joueur;1;homonymie
CLAMEUR;clameur;7;fillfoot;Elle monte des gradins au moment du but;factuel;1;bruit du public
CLAMEUR;clameur;7;fillfoot;On l'entend à deux kilomètres de l'enceinte;joueur;1;puissance sonore
CLASICO;Clásico;7;competitions;Affiche entre les deux géants espagnols;factuel;1;Real contre Barça
CLASICO;Clásico;7;competitions;Il se joue deux fois par saison en Liga;factuel;1;calendrier du championnat
CLASICO;Clásico;7;competitions;Sept lettres suivies dans le monde entier;joueur;1;audience planétaire
COLLEGE;collège;7;feminin;Établissement où se poursuit la pratique;factuel;1;scolarité du jeune
COLLEGE;collège;7;feminin;Il propose parfois une section sportive;factuel;1;filière scolaire
COLLEGE;collège;7;feminin;Sept lettres qui compliquent les horaires;joueur;1;contrainte du calendrier
COLOGNE;Cologne;7;clubs;Club rhénan au bouc pour mascotte;factuel;3;emblème du club
COLOGNE;Cologne;7;clubs;Sa cathédrale est la plus visitée d'Allemagne;factuel;2;patrimoine local
COLOGNE;Cologne;7;clubs;Sept lettres rouge et blanc au bord du Rhin;joueur;2;couleurs du club
COLWILL;Colwill;7;actuels;Défenseur anglais formé à Chelsea;factuel;3;produit du club
COLWILL;Colwill;7;actuels;Il joue central ou latéral gauche;factuel;3;polyvalence du joueur
COLWILL;Colwill;7;actuels;Sept lettres relanceuses depuis leur surface;joueur;3;style du défenseur
CONTRAT;contrat;7;vocab;Document liant le joueur à son club;factuel;1;engagement écrit
CONTRAT;contrat;7;vocab;Sa dernière année fait tout basculer;joueur;2;fin d'engagement
CORDIER;Cordier;7;actuels;Jeune défenseur parisien parti à Lausanne;factuel;3;transfert du 31 juillet 2026
CORDIER;Cordier;7;actuels;Latéral gauche formé au Paris Saint-Germain;factuel;3;produit du centre
CORDIER;Cordier;7;actuels;Sept lettres qui évoquent un métier de la corde;joueur;1;homonymie
CORTEGE;cortège;7;culture;File de voitures klaxonnant après un titre;factuel;1;célébration urbaine
CORTEGE;cortège;7;culture;Il envahit les avenues jusque tard dans la nuit;factuel;1;fête populaire
CORTEGE;cortège;7;culture;Sept lettres drapées aux couleurs du club;joueur;1;image du sacre
COTTAGE;cottage;7;stades;Il suit Craven dans le nom d'un stade londonien;factuel;3;Fulham
COTTAGE;cottage;7;stades;Une petite maison en brique trône dans un coin;factuel;3;particularité du lieu
COTTAGE;cottage;7;stades;Sept lettres qui désignent une maison de campagne;joueur;1;traduction
COULOIR;couloir;7;vocab;Zone latérale longeant la ligne de touche;factuel;1;espace sur les côtés
COULOIR;couloir;7;vocab;L'ailier y monte et redescend cent fois;joueur;1;va-et-vient du poste
COUPLET;couplet;7;culture;Partie du chant que seuls les habitués connaissent;factuel;2;structure du chant
COUPLET;couplet;7;culture;Il précède la partie reprise par tous;factuel;1;construction du morceau
COUPLET;couplet;7;culture;Sept lettres murmurées avant l'explosion;joueur;2;montée du chant
COURAGE;courage;7;fillfoot;Il en faut pour aller au duel aérien;factuel;1;engagement physique
COURAGE;courage;7;fillfoot;Le public en réclame plus que du talent;joueur;1;attente des tribunes
CRAMPON;crampon;7;vocab;Il accroche la pelouse sous la chaussure;factuel;1;équipement du joueur
CRAMPON;crampon;7;vocab;Sur terrain sec, on en met des courts;factuel;2;adaptation au terrain
CRAMPON;crampon;7;vocab;Le raccrocher, c'est prendre sa retraite;joueur;1;expression consacrée
CREMONE;Crémone;7;clubs;Club lombard remonté en Serie A;factuel;3;championnat italien
CREMONE;Crémone;7;clubs;Sa ville est le berceau du violon;factuel;2;lutherie célèbre
CREMONE;Crémone;7;clubs;Sept lettres gris et rouge;joueur;3;couleurs du club
CRENEAU;créneau;7;feminin;Horaire attribué à une équipe sur le terrain;factuel;1;organisation du club
CRENEAU;créneau;7;feminin;Les filles héritaient souvent du plus tardif;factuel;2;inégalité d'accès
CRENEAU;créneau;7;feminin;Sept lettres qui se négocient au club;joueur;1;réalité du quotidien
CROATIE;Croatie;7;selections;Finaliste du Mondial 2018;factuel;1;défaite contre la France
CROATIE;Croatie;7;selections;Elle a fini troisième en 1998 et en 2022;factuel;2;deux podiums
CROATIE;Croatie;7;selections;Sept lettres au maillot à damier;joueur;1;motif reconnaissable
CROCHET;crochet;7;vocab;Changement de direction balle au pied;factuel;1;geste d'élimination
CROCHET;crochet;7;vocab;Extérieur ou intérieur, il fait tomber;joueur;2;variantes du geste
CRYSTAL;Crystal;7;clubs;Mot qui précède Palace dans le nom d'un club;factuel;2;sud de Londres
CRYSTAL;Crystal;7;clubs;Ce club a gagné la Ligue Conférence en 2026;factuel;3;titre européen
CRYSTAL;Crystal;7;clubs;Sept lettres qui évoquent un palais de verre;joueur;2;origine du nom
CUBARSI;Cubarsí;7;actuels;Défenseur central espagnol titulaire en finale 2026;factuel;2;onze de départ
CUBARSI;Cubarsí;7;actuels;Il tenait l'axe de la Roja à vingt ans;factuel;2;précocité
CUBARSI;Cubarsí;7;actuels;Le jeune roc catalan de la défense;joueur;1;profil du défenseur
CURACAO;Curaçao;7;selections;Plus petit territoire qualifié pour un Mondial;factuel;2;édition de 2026
CURACAO;Curaçao;7;selections;Il a été largement battu par l'Allemagne;factuel;3;phase de groupes
CURACAO;Curaçao;7;selections;Sept lettres qui désignent aussi une liqueur;joueur;1;homonymie
DALLARA;Dall'Ara;7;stades;Enceinte émilienne du club rouge et bleu;factuel;3;Bologne
DALLARA;Dall'Ara;7;stades;Sa tribune en arc de cercle est célèbre;factuel;3;architecture du lieu
DALLARA;Dall'Ara;7;stades;Sept lettres qui portent aussi le nom d'un constructeur;joueur;3;homonymie
DEBEVER;Debever;7;feminin;Défenseure française à la très longue carrière;factuel;3;longévité de la joueuse
DEBEVER;Debever;7;feminin;Elle a été capitaine de Montpellier;factuel;3;brassard du club
DEBEVER;Debever;7;feminin;Sept lettres qui ne reculaient devant rien;joueur;3;engagement de la défenseure
DEBINHA;Debinha;7;feminin;Attaquante brésilienne internationale;factuel;3;sélection auriverde
DEBINHA;Debinha;7;feminin;Elle a longtemps joué aux États-Unis;factuel;3;carrière en NWSL
DEBINHA;Debinha;7;feminin;Sept lettres au diminutif très brésilien;joueur;2;forme du surnom
DEBRIEF;débrief;7;culture;Analyse d'après-match sur un plateau;factuel;1;émission télévisée
DEBRIEF;débrief;7;culture;Il dure parfois plus longtemps que la rencontre;joueur;1;format des chaînes
DEBRIEF;débrief;7;culture;Sept lettres abrégées d'un mot plus long;factuel;2;troncation courante
DECINES;Décines;7;stades;Commune où le club rhodanien a bâti son stade;factuel;3;banlieue de Lyon
DECINES;Décines;7;stades;L'enceinte y a ouvert en 2016;factuel;3;déménagement du club
DECINES;Décines;7;stades;Sept lettres à l'est de la métropole;joueur;3;implantation
DECISIF;décisif;7;vocab;Le geste qui fait basculer le résultat;factuel;1;action déterminante
DECISIF;décisif;7;vocab;La passe qui l'est vaut une ligne de stats;factuel;2;offrande comptabilisée
DECISIF;décisif;7;vocab;Tout le monde veut l'être à la 90e;joueur;1;envie du joueur
DEFAITE;défaite;7;vocab;Rencontre perdue sur le terrain;factuel;1;résultat négatif
DEFAITE;défaite;7;vocab;Elle se digère mal jusqu'au mardi;joueur;1;lendemain difficile
DEFENSE;défense;7;vocab;Ligne chargée de protéger la cage;factuel;1;compartiment défensif
DEFENSE;défense;7;vocab;Elle gagne les titres, paraît-il;joueur;2;adage du football
DELAUNE;Delaune;7;stades;Il suit Auguste dans un nom de stade rémois;factuel;3;Reims
DELAUNE;Delaune;7;stades;Une compétition européenne porte aussi ce nom;factuel;3;trophée continental
DELAUNE;Delaune;7;stades;Sept lettres qui honorent un dirigeant sportif;joueur;3;hommage historique
DEMBELE;Dembélé;7;actuels;Dernier lauréat du prix The Best avant le Mondial;factuel;2;distinction FIFA
DEMBELE;Dembélé;7;actuels;Champion du monde 2018 et ailier tricolore;factuel;1;palmarès du joueur
DEMBELE;Dembélé;7;actuels;L'ambidextre qui déborde des deux côtés;joueur;2;particularité technique
DEMBELE;Dembélé;7;actuels;Meilleur joueur de Ligue 1 en 2024-2025;factuel;2;trophée UNFP
DERNIER;dernier;7;vocab;Défenseur le plus proche de sa propre cage;factuel;2;homme du dernier recours
DERNIER;dernier;7;vocab;Du classement, il descend au mois de juin;joueur;1;relégation
DEZERBI;De Zerbi;7;coachs;Technicien italien passé de Brighton à Marseille;factuel;2;banc phocéen
DEZERBI;De Zerbi;7;coachs;Guardiola l'a publiquement encensé;factuel;2;éloge d'un pair
DEZERBI;De Zerbi;7;coachs;Sept lettres obsédées par la relance courte;joueur;2;philosophie du coach
DIABLES;Diables;7;selections;Surnom de la sélection belge;factuel;1;les Diables rouges
DIABLES;Diables;7;selections;Ils ont fini troisièmes du Mondial 2018;factuel;2;meilleur résultat du pays
DIABLES;Diables;7;selections;Sept lettres éliminées en quart en 2026;joueur;2;défaite contre l'Espagne
DIAMANT;diamant;7;coachs;Milieu à quatre joueurs en losange;factuel;2;forme du dispositif
DIAMANT;diamant;7;coachs;Il concentre le jeu dans l'axe;factuel;2;conséquence tactique
DIAMANT;diamant;7;coachs;Sept lettres qui désignent aussi une pierre précieuse;joueur;1;homonymie
DIMARCO;Dimarco;7;actuels;Latéral italien de l'Inter;factuel;2;carrière transalpine
DIMARCO;Dimarco;7;actuels;Ses centres du gauche font sa réputation;factuel;2;qualité du joueur
DIMARCO;Dimarco;7;actuels;Sept lettres formées au club où elles jouent;joueur;3;produit du centre
DIMARIA;Di María;7;actuels;Ailier argentin champion du monde 2022;factuel;1;titre conquis au Qatar
DIMARIA;Di María;7;actuels;Buteur en finale au Qatar, absent en 2026;factuel;2;fin de carrière internationale
DIMARIA;Di María;7;actuels;Sept lettres pour un gaucher de légende;joueur;2;profil du joueur
DIPLOME;diplôme;7;culture;Document remis aux jeunes en fin de saison;factuel;2;kermesse du club
DIPLOME;diplôme;7;culture;Celui d'entraîneur est obligatoire pour coacher;factuel;2;formation encadrée
DIPLOME;diplôme;7;culture;Sept lettres accrochées dans la chambre;joueur;1;fierté du jeune
DONBASS;Donbass;7;stades;Enceinte ukrainienne du club des mineurs;factuel;3;Shakhtar
DONBASS;Donbass;7;stades;Son club a dû quitter la ville;factuel;3;exil de l'équipe
DONBASS;Donbass;7;stades;Sept lettres qui portent le nom d'une région;joueur;3;toponymie
DOUBLON;doublon;7;culture;Vignette qu'on possède déjà;factuel;1;problème du collectionneur
DOUBLON;doublon;7;culture;Il sert de monnaie d'échange dans la cour;joueur;1;troc entre enfants
DOUBLON;doublon;7;culture;Sept lettres qui désignaient aussi une pièce d'or;factuel;2;homonymie
DRAGONS;Dragons;7;selections;Surnom lié au pays de Galles;factuel;2;emblème national
DRAGONS;Dragons;7;selections;Le rouge figure sur le drapeau du pays;factuel;1;symbole gallois
DRAGONS;Dragons;7;selections;Sept lettres qui crachent du feu;joueur;1;créature légendaire
DRAPEAU;drapeau;7;fillfoot;L'assistant le lève sur une position illicite;factuel;1;signal de l'arbitre assistant
DRAPEAU;drapeau;7;fillfoot;Celui du pays flotte pendant l'hymne;joueur;1;protocole d'avant-match
DRIBBLE;dribble;7;vocab;Élimination d'un adversaire balle au pied;factuel;1;geste technique offensif
DRIBBLE;dribble;7;vocab;Le petit pont en est la version humiliante;joueur;2;ballon passé entre les jambes
DUGARRY;Dugarry;7;legendes;Attaquant français champion du monde en 1998;factuel;2;titre à domicile
DUGARRY;Dugarry;7;legendes;Il était l'ami d'enfance de Zidane à Bordeaux;factuel;2;duo bordelais
DUGARRY;Dugarry;7;legendes;Sept lettres devenues consultant très bavard;joueur;2;seconde carrière
ECHANGE;échange;7;culture;Troc de vignettes entre collectionneurs;factuel;1;pratique de la cour
ECHANGE;échange;7;culture;Celui des maillots se fait après le coup de sifflet;factuel;1;tradition d'après-match
ECHANGE;échange;7;culture;Sept lettres qui font tout le sel de la collection;joueur;1;plaisir du troc
ECHARPE;écharpe;7;fillfoot;Aux couleurs du club, elle passe de père en fils;factuel;1;objet du supporter
ECHARPE;écharpe;7;fillfoot;On la lève à bout de bras avant le coup d'envoi;joueur;1;rituel des tribunes
ECUSSON;écusson;7;fillfoot;Il porte les couleurs et la date de fondation;factuel;1;identité visuelle
ECUSSON;écusson;7;fillfoot;L'embrasser après avoir marqué fait son effet;joueur;1;célébration
EDERSON;Ederson;7;actuels;Gardien brésilien titré en Angleterre sous Guardiola;factuel;2;palmarès en club
EDERSON;Ederson;7;actuels;Doublure expérimentée de la Seleção;factuel;2;hiérarchie des portiers
EDERSON;Ederson;7;actuels;Sept lettres réputées pour le jeu au pied;joueur;2;style du gardien
EGALITE;égalité;7;feminin;Objectif encore lointain sur les primes;factuel;1;écart des dotations
EGALITE;égalité;7;feminin;Certaines fédérations l'ont instaurée;factuel;2;décision nationale
EGALITE;égalité;7;feminin;Sept lettres qui désignent aussi un score de parité;joueur;1;double sens
EKITIKE;Ekitiké;7;actuels;Attaquant français arrivé à Liverpool en 2025;factuel;2;transfert du joueur
EKITIKE;Ekitiké;7;actuels;Il était passé par le PSG et Francfort;factuel;2;parcours du joueur
EKITIKE;Ekitiké;7;actuels;Sept lettres au gabarit longiligne;joueur;2;silhouette du buteur
ELKAABI;El Kaabi;7;actuels;Buteur marocain compté parmi les cadres;factuel;2;liste de 2026
ELKAABI;El Kaabi;7;actuels;Attaquant reconnu pour son sens du but;factuel;2;profil du joueur
ELKAABI;El Kaabi;7;actuels;Sept lettres avec un article collé devant;joueur;2;forme du patronyme
ELLIOTT;Elliott;7;actuels;Milieu anglais formé à Liverpool;factuel;3;produit du club
ELLIOTT;Elliott;7;actuels;Il avait débuté en professionnel à seize ans;factuel;3;précocité du joueur
ELLIOTT;Elliott;7;actuels;Sept lettres au gabarit très léger;joueur;3;silhouette du milieu
EMBLEME;emblème;7;culture;Animal ou symbole qui représente un club;factuel;1;identité visuelle
EMBLEME;emblème;7;culture;Le coq, l'aigle et le lion sont les plus répandus;factuel;1;symboles courants
EMBLEME;emblème;7;culture;Sept lettres brodées au-dessus du cœur;joueur;1;emplacement sur le maillot
EMERSON;Emerson;7;legendes;Milieu brésilien passé par la Roma et la Juventus;factuel;3;carrière italienne
EMERSON;Emerson;7;legendes;Il a gagné la Coupe du monde en 2002;factuel;2;titre asiatique
EMERSON;Emerson;7;legendes;Sept lettres surnommées le Kaiser brésilien;joueur;3;surnom du joueur
EMOTION;émotion;7;feminin;Ce qui submerge une joueuse au coup de sifflet final;factuel;1;fin de match
EMOTION;émotion;7;feminin;Elle gagne aussi les tribunes;factuel;1;public du stade
EMOTION;émotion;7;feminin;Sept lettres qui font oublier la fatigue;joueur;1;effet du sacre
ENCHERE;enchère;7;culture;Vente où un maillot historique atteint des sommets;factuel;2;marché des souvenirs
ENCHERE;enchère;7;culture;Celui d'une finale peut valoir une fortune;factuel;2;valeur des reliques
ENCHERE;enchère;7;culture;Sept lettres où le marteau tombe très haut;joueur;2;déroulé de la vente
ENDRICK;Endrick;7;actuels;Jeune attaquant brésilien du groupe de 2026;factuel;2;liste d'Ancelotti
ENDRICK;Endrick;7;actuels;Solution offensive de luxe pour la Seleção;factuel;2;rôle dans le groupe
ENDRICK;Endrick;7;actuels;Sept lettres pour un espoir très précoce;joueur;1;jeunesse du joueur
ENFANCE;enfance;7;fillfoot;Période où l'on tape dans tout ce qui roule;factuel;1;premiers pas dans le jeu
ENFANCE;enfance;7;fillfoot;Le club de celle-ci ne se quitte jamais;joueur;1;attachement d'origine
ENTENTE;entente;7;clubs;Mot présent dans le nom de clubs français;factuel;3;dénomination locale
ENTENTE;entente;7;clubs;Il désigne un accord entre deux parties;factuel;1;acception courante
ENTENTE;entente;7;clubs;Sept lettres qui manquent parfois dans un vestiaire;joueur;2;cohésion du groupe
EPREUVE;épreuve;7;competitions;Autre nom d'une compétition sportive;factuel;1;acception courante
EPREUVE;épreuve;7;competitions;Celle des tirs au but départage après prolongation;factuel;1;séance décisive
EPREUVE;épreuve;7;competitions;Sept lettres qui mettent les nerfs à vif;joueur;1;tension du départage
ERIKSEN;Eriksen;7;legendes;Milieu danois passé par Tottenham et l'Inter;factuel;2;carrière du joueur
ERIKSEN;Eriksen;7;legendes;Ses coups francs faisaient sa réputation;factuel;2;spécialité du joueur
ERIKSEN;Eriksen;7;legendes;Sept lettres revenues au plus haut niveau;joueur;2;retour salué
ESPAGNE;Espagne;7;selections;Championne du monde 2026;factuel;1;titre conquis à New York
ESPAGNE;Espagne;7;selections;Elle avait déjà gagné en 2010;factuel;1;titre en Afrique du Sud
ESPAGNE;Espagne;7;selections;Sept lettres qui n'ont encaissé qu'un seul but;joueur;2;solidité de 2026
ESPOIRS;espoirs;7;competitions;Catégorie des moins de vingt et un ans;factuel;1;sélection de jeunes
ESPOIRS;espoirs;7;competitions;Leur championnat d'Europe se joue tous les deux ans;factuel;2;cycle de l'épreuve
ESPOIRS;espoirs;7;competitions;Sept lettres où l'on repère les futurs A;joueur;1;antichambre de la sélection
ESTADIO;estadio;7;stades;Mot espagnol qui précède bien des noms d'enceintes;factuel;1;dénomination hispanique
ESTADIO;estadio;7;stades;Il se retrouve dans toute l'Amérique latine;factuel;1;usage continental
ESTADIO;estadio;7;stades;Sept lettres qui signifient stade;joueur;1;traduction
ESTORIL;Estoril;7;clubs;Club de la banlieue balnéaire de Lisbonne;factuel;3;championnat portugais
ESTORIL;Estoril;7;clubs;Sa ville abrite un casino célèbre;factuel;3;patrimoine local
ESTORIL;Estoril;7;clubs;Sept lettres jaune et bleu;joueur;3;couleurs du club
ETALONS;Étalons;7;selections;Surnom de la sélection burkinabè;factuel;2;emblème national
ETALONS;Étalons;7;selections;Ils ont été finalistes de la CAN en 2013;factuel;3;parcours continental
ETALONS;Étalons;7;selections;Sept lettres au galop;joueur;2;image de l'animal
EUSEBIO;Eusebio;7;legendes;Meilleur buteur du Mondial 1966;factuel;2;neuf réalisations
EUSEBIO;Eusebio;7;legendes;Il a marqué plus de six cents buts pour Benfica;factuel;2;record du club
EUSEBIO;Eusebio;7;legendes;Sept lettres surnommées la Panthère noire;joueur;2;surnom du joueur
EVERTON;Everton;7;clubs;Club de Liverpool jamais relégué depuis 1992;factuel;2;six clubs dans ce cas
EVERTON;Everton;7;clubs;Battu un à zéro à Tottenham en dernière journée;factuel;3;38e journée 2025-2026
EVERTON;Everton;7;clubs;Sept lettres du Merseyside;joueur;1;implantation du club
EXPLOIT;exploit;7;fillfoot;Sortir un ogre en coupe en est un;factuel;1;performance remarquable
EXPLOIT;exploit;7;fillfoot;Il se raconte trente ans au comptoir;joueur;1;mémoire du supporter
FALCONS;Falcons;7;feminin;Ils suivent Super dans le surnom nigérian;factuel;2;sélection africaine
FALCONS;Falcons;7;feminin;Cette sélection domine son continent;factuel;2;record de titres
FALCONS;Falcons;7;feminin;Sept lettres qui signifient faucons;joueur;1;traduction
FAMILLE;famille;7;fillfoot;Elle se transmet le club de génération en génération;factuel;1;transmission du supportérisme
FAMILLE;famille;7;fillfoot;Le club en est une, jurent les dirigeants;joueur;1;discours institutionnel
FANFARE;fanfare;7;culture;Orchestre qui accompagne certains clubs;factuel;2;animation du stade
FANFARE;fanfare;7;culture;Elle joue avant le coup d'envoi;factuel;1;moment d'intervention
FANFARE;fanfare;7;culture;Sept lettres en cuivres et en percussions;joueur;2;composition du groupe
FANTASY;fantasy;7;culture;Jeu où l'on compose une équipe de vraies stars;factuel;2;compétition en ligne
FANTASY;fantasy;7;culture;Les points dépendent des performances réelles;factuel;2;mécanique du jeu
FANTASY;fantasy;7;culture;Sept lettres qui transforment chaque match en enjeu;joueur;2;plaisir du format
FANZINE;fanzine;7;culture;Publication artisanale éditée par des supporters;factuel;3;presse indépendante
FANZINE;fanzine;7;culture;Il se vend devant le stade avant le match;factuel;3;diffusion locale
FANZINE;fanzine;7;culture;Sept lettres nées de la contraction de deux mots;joueur;2;étymologie
FATIGUE;fatigue;7;fillfoot;Elle s'accumule sur les calendriers chargés;factuel;1;charge de travail
FATIGUE;fatigue;7;fillfoot;À la 80e, elle fait rater les contrôles;joueur;1;baisse de lucidité
FENNECS;Fennecs;7;selections;Surnom de la sélection algérienne;factuel;1;renard du désert
FENNECS;Fennecs;7;selections;Ils ont gagné la Coupe d'Afrique en 1990 et 2019;factuel;2;palmarès continental
FENNECS;Fennecs;7;selections;Sept lettres aux grandes oreilles;joueur;1;caractéristique de l'animal
FERVEUR;ferveur;7;fillfoot;Elle monte des gradins pendant l'hymne;factuel;1;passion du public
FERVEUR;ferveur;7;fillfoot;Elle vaut dix points par saison, jure-t-on;joueur;1;apport du soutien
FIRMINO;Firmino;7;legendes;Attaquant brésilien du Liverpool sacré en 2019;factuel;1;Ligue des champions
FIRMINO;Firmino;7;legendes;Il jouait faux neuf pour libérer les ailiers;factuel;2;rôle tactique
FIRMINO;Firmino;7;legendes;Sept lettres au sourire éclatant;joueur;1;image du joueur
FOOTING;footing;7;coachs;Course légère de reprise ou de récupération;factuel;1;exercice de base
FOOTING;footing;7;coachs;Il ouvre la séance du lendemain de match;factuel;1;programme habituel
FOOTING;footing;7;coachs;Sept lettres qui n'existent pas en anglais;joueur;2;faux anglicisme
FORFAIT;forfait;7;vocab;Renoncement d'une équipe à disputer la rencontre;factuel;1;abandon du match
FORFAIT;forfait;7;vocab;Il se solde par un résultat administratif;factuel;2;score de pénalité
FORFAIT;forfait;7;vocab;Perdre sans même sortir du bus;joueur;1;match non disputé
FORMIGA;Formiga;7;feminin;Brésilienne aux sept Coupes du monde;factuel;2;record absolu
FORMIGA;Formiga;7;feminin;Elle a joué en sélection après quarante ans;factuel;2;longévité rare
FORMIGA;Formiga;7;feminin;Sept lettres qui signifient fourmi en portugais;joueur;1;traduction
FORNALS;Fornals;7;actuels;Milieu espagnol revenu à Villarreal;factuel;3;carrière du joueur
FORNALS;Fornals;7;actuels;Il était passé par West Ham;factuel;3;parcours anglais
FORNALS;Fornals;7;actuels;Sept lettres au pied très juste;joueur;3;qualité de passe
FOUILLE;fouille;7;fillfoot;Elle précède l'entrée dans l'enceinte;factuel;1;contrôle de sécurité
FOUILLE;fouille;7;fillfoot;Elle ne trouve jamais les fumigènes;joueur;2;limite du dispositif
FRANCHI;Franchi;7;stades;Enceinte florentine au maillot violet;factuel;3;Fiorentina
FRANCHI;Franchi;7;stades;Son architecture des années trente est classée;factuel;3;patrimoine du lieu
FRANCHI;Franchi;7;stades;Sept lettres à la tour très reconnaissable;joueur;3;silhouette du stade
FRESQUE;fresque;7;culture;Peinture murale à l'effigie d'un joueur;factuel;1;art urbain
FRESQUE;fresque;7;culture;Naples en a couvert ses ruelles;factuel;2;hommage à Maradona
FRESQUE;fresque;7;culture;Sept lettres qui font le tour des réseaux;joueur;1;photo virale
FRISSON;frisson;7;fillfoot;Il parcourt l'enceinte pendant l'hymne;factuel;1;émotion collective
FRISSON;frisson;7;fillfoot;La lucarne trouvée à la 90e en donne un;joueur;1;émotion du but
FURIANI;Furiani;7;stades;Enceinte corse du club bastiais;factuel;3;Haute-Corse
FURIANI;Furiani;7;stades;Elle se trouve au bord de la mer;factuel;2;situation du stade
FURIANI;Furiani;7;stades;Sept lettres bleu ciel de l'île;joueur;3;couleurs du club
FUSIBLE;fusible;7;coachs;Ce que devient l'entraîneur quand ça va mal;joueur;1;image consacrée
FUSIBLE;fusible;7;coachs;Il saute avant qu'on touche à l'effectif;factuel;1;logique du club
FUSIBLE;fusible;7;coachs;Sept lettres empruntées à l'électricité;factuel;1;origine de l'image
GABRIEL;Gabriel;7;actuels;Défenseur brésilien d'Arsenal;factuel;1;charnière des Gunners
GABRIEL;Gabriel;7;actuels;Il marque souvent de la tête sur corner;factuel;1;spécialité du central
GABRIEL;Gabriel;7;actuels;Sept lettres qui sont aussi un prénom d'archange;joueur;1;homonymie
GAGNANT;gagnant;7;culture;Type de pari le plus simple à comprendre;factuel;1;vocabulaire du secteur
GAGNANT;gagnant;7;culture;Il désigne aussi celui qui sort vainqueur;factuel;1;acception courante
GAGNANT;gagnant;7;culture;Sept lettres qui font oublier toutes les autres;joueur;1;logique du pari
GALTIER;Galtier;7;coachs;Technicien français champion avec Lille en 2021;factuel;2;titre nordiste
GALTIER;Galtier;7;coachs;Il est ensuite passé par Nice et le PSG;factuel;2;carrière du coach
GALTIER;Galtier;7;coachs;Sept lettres au parcours très français;joueur;2;trajectoire du technicien
GAMEIRO;Gameiro;7;legendes;Attaquant français passé par le PSG et Séville;factuel;3;carrière du joueur
GAMEIRO;Gameiro;7;legendes;Il a gagné plusieurs Ligues Europa en Espagne;factuel;3;palmarès continental
GAMEIRO;Gameiro;7;legendes;Sept lettres qui marquaient sans faire de bruit;joueur;3;profil du buteur
GARDIEN;gardien;7;vocab;Seul à pouvoir prendre le ballon à la main;factuel;1;dans sa propre surface
GARDIEN;gardien;7;vocab;Son maillot diffère de celui des autres;factuel;1;couleur distincte obligatoire
GARDIEN;gardien;7;vocab;Yachine reste la référence du poste;joueur;3;seul Ballon d'Or à ce poste
GATTUSO;Gattuso;7;legendes;Récupérateur italien champion du monde en 2006;factuel;2;titre allemand
GATTUSO;Gattuso;7;legendes;Il ratissait pendant que Pirlo créait;factuel;2;duo du milieu milanais
GATTUSO;Gattuso;7;legendes;Sept lettres surnommées le Grinta;joueur;2;réputation du joueur
GAUCHER;gaucher;7;vocab;Messi et Maradona en sont les emblèmes;factuel;2;deux légendes argentines
GAUCHER;gaucher;7;vocab;Il frappe du mauvais côté, disent les autres;joueur;2;latéralité minoritaire
GAZETTE;gazette;7;culture;Journal, en version un peu ancienne;factuel;2;presse d'autrefois
GAZETTE;gazette;7;culture;Celle du sport italien s'imprime en rose;factuel;2;quotidien transalpin
GAZETTE;gazette;7;culture;Sept lettres qu'on lisait au comptoir;joueur;1;habitude d'époque
GENESIO;Génésio;7;coachs;Technicien français passé de Rennes à Lille;factuel;2;carrière en Ligue 1
GENESIO;Génésio;7;coachs;Il avait dirigé Lyon avant de partir en Chine;factuel;2;parcours du coach
GENESIO;Génésio;7;coachs;Sept lettres au calme légendaire;joueur;2;image du technicien
GEORGIE;Géorgie;7;selections;Sélection du Caucase qualifiée pour l'Euro 2024;factuel;3;première participation
GEORGIE;Géorgie;7;selections;Kvaratskhelia en est la vedette;factuel;2;ailier emblématique
GEORGIE;Géorgie;7;selections;Sept lettres qui nomment aussi un État américain;joueur;1;homonymie
GERLAND;Gerland;7;stades;Ancienne enceinte du club rhodanien;factuel;2;Olympique lyonnais
GERLAND;Gerland;7;stades;Le club l'a quittée pour un stade plus moderne;factuel;2;déménagement de 2016
GERLAND;Gerland;7;stades;Sept lettres devenues terrain de rugby;joueur;3;reconversion du lieu
GERRARD;Gerrard;7;legendes;Capitaine de Liverpool lors de la remontée d'Istanbul;factuel;1;finale de 2005
GERRARD;Gerrard;7;legendes;Sa frappe de loin faisait trembler la Premier League;factuel;2;réputation du milieu
GERRARD;Gerrard;7;legendes;Sept lettres qui n'ont jamais gagné le championnat;joueur;2;regret de sa carrière
GESTION;gestion;7;coachs;Art de faire vivre ensemble vingt-cinq joueurs;factuel;1;métier du coach
GESTION;gestion;7;coachs;Celle du temps fort décide souvent du match;factuel;2;enjeu tactique
GESTION;gestion;7;coachs;Sept lettres plus difficiles que la tactique;joueur;1;réalité du métier
GIMENEZ;Giménez;7;actuels;Défenseur uruguayen de l'Atlético;factuel;2;charnière madrilène
GIMENEZ;Giménez;7;actuels;Il forme une charnière très rugueuse;factuel;3;style de la défense
GIMENEZ;Giménez;7;actuels;Sept lettres qui montent sur tous les corners;joueur;2;jeu aérien du central
GIRESSE;Giresse;7;legendes;Milieu du carré magique des Bleus;factuel;2;années quatre-vingt
GIRESSE;Giresse;7;legendes;Champion d'Europe en 1984;factuel;2;titre à domicile
GIRESSE;Giresse;7;legendes;Sept lettres au tout petit gabarit;joueur;2;silhouette du joueur
GLASGOW;Glasgow;7;clubs;Ville écossaise au derby le plus tendu d'Europe;factuel;1;Old Firm
GLASGOW;Glasgow;7;clubs;Les poteaux carrés y ont coûté une finale aux Verts;factuel;2;Coupe d'Europe 1976
GLASGOW;Glasgow;7;clubs;Sept lettres au bord de la Clyde;joueur;2;géographie
GLASNER;Glasner;7;coachs;Technicien autrichien vainqueur de la Conférence;factuel;2;Crystal Palace 2026
GLASNER;Glasner;7;coachs;Il avait gagné la Ligue Europa avec Francfort;factuel;2;titre de 2022
GLASNER;Glasner;7;coachs;Sept lettres spécialistes des coupes européennes;joueur;2;réputation du coach
GUICHET;guichet;7;fillfoot;On y retire son sésame avant le coup d'envoi;factuel;1;billetterie du stade
GUICHET;guichet;7;fillfoot;Fermés, ils annoncent une enceinte pleine;joueur;1;expression consacrée
GUNNERS;Gunners;7;clubs;Surnom des joueurs du club du nord de Londres;factuel;1;Arsenal
GUNNERS;Gunners;7;clubs;Il vient d'une ancienne fabrique d'armes;factuel;2;origine du nom
GUNNERS;Gunners;7;clubs;Sept lettres championnes d'Angleterre en 2026;joueur;1;titre de la saison
HAALAND;Haaland;7;actuels;Troisième du podium des buteurs avec sept buts;factuel;1;Mondial 2026
HAALAND;Haaland;7;actuels;Norvégien qui a croisé les Bleus en phase de poules;factuel;2;groupe I
HAALAND;Haaland;7;actuels;Sept lettres et sept réalisations;joueur;2;coïncidence chiffrée
HAMMERS;Hammers;7;clubs;Surnom des joueurs du club de l'est de Londres;factuel;2;West Ham
HAMMERS;Hammers;7;clubs;Il rappelle un passé de chantier naval;factuel;3;origine du surnom
HAMMERS;Hammers;7;clubs;Sept lettres reléguées en 2026;joueur;2;dix-huitième place
HAMPTON;Hampton;7;actuels;Meilleure gardienne du championnat anglais féminin;factuel;2;huit clean sheets
HAMPTON;Hampton;7;actuels;Portière distinguée lors de la saison 2025-2026;factuel;3;distinction individuelle
HAMPTON;Hampton;7;actuels;Sept lettres devant une cage féminine;joueur;2;poste de la joueuse
HANOVRE;Hanovre;7;clubs;Club allemand de Basse-Saxe;factuel;3;championnat allemand
HANOVRE;Hanovre;7;clubs;Sa ville accueille de grandes foires industrielles;factuel;3;économie locale
HANOVRE;Hanovre;7;clubs;Sept lettres rouge et noir;joueur;3;couleurs du club
HASHTAG;hashtag;7;culture;Mot-clé précédé d'un croisillon sur les réseaux;factuel;1;usage numérique
HASHTAG;hashtag;7;culture;Chaque club a le sien pour ses annonces;factuel;1;communication du club
HASHTAG;hashtag;7;culture;Sept lettres qui rassemblent une conversation;joueur;1;fonction du procédé
HAVERTZ;Havertz;7;actuels;Attaquant allemand évoluant à Arsenal;factuel;2;club anglais
HAVERTZ;Havertz;7;actuels;Il apporte profondeur et polyvalence devant;factuel;2;profil du joueur
HAVERTZ;Havertz;7;actuels;Sept lettres capables de jouer partout devant;joueur;1;polyvalence
HERMOSO;Hermoso;7;feminin;Espagnole championne du monde en 2023;factuel;2;titre océanien
HERMOSO;Hermoso;7;feminin;Elle est la meilleure buteuse de sa sélection;factuel;2;record national
HERMOSO;Hermoso;7;feminin;Sept lettres qui signifient beau en espagnol;joueur;1;traduction
HERRERA;Herrera;7;coachs;Technicien du grand Inter des années 60;factuel;2;deux Coupes d'Europe
HERRERA;Herrera;7;coachs;Il est associé au catenaccio italien;factuel;2;système défensif
HERRERA;Herrera;7;coachs;Sept lettres surnommées le Mage;joueur;2;surnom du technicien
HIDDINK;Hiddink;7;coachs;Technicien néerlandais des exploits en Coupe du monde;factuel;2;Corée et Australie
HIDDINK;Hiddink;7;coachs;Il a mené la Corée du Sud en demi-finale en 2002;factuel;2;Mondial à domicile
HIDDINK;Hiddink;7;coachs;Sept lettres spécialistes des équipes surprises;joueur;2;réputation du coach
HIGUAIN;Higuain;7;legendes;Attaquant argentin aux trente-six buts en Serie A;factuel;2;saison 2015-2016
HIGUAIN;Higuain;7;legendes;Il a joué au Real, à Naples puis à la Juventus;factuel;2;carrière du joueur
HIGUAIN;Higuain;7;legendes;Sept lettres à qui l'on reproche encore des finales;joueur;2;occasions manquées
HIGUITA;Higuita;7;legendes;Gardien colombien auteur du coup du scorpion;factuel;2;geste de Wembley en 1995
HIGUITA;Higuita;7;legendes;Il sortait dribbler à trente mètres de sa cage;factuel;2;style du portier
HIGUITA;Higuita;7;legendes;Sept lettres surnommées El Loco;joueur;2;surnom du gardien
HOJLUND;Højlund;7;actuels;Danois définitivement transféré à Naples;factuel;2;obligation d'achat levée
HOJLUND;Højlund;7;actuels;Prêté puis acheté pour cinquante millions;factuel;2;opération en deux temps
HOJLUND;Højlund;7;actuels;Seize buts et huit passes en quarante-quatre matchs;factuel;3;saison sous Conte
HOJLUND;Højlund;7;actuels;Sept lettres avec un o barré en version d'origine;joueur;2;orthographe danoise
HOMMAGE;hommage;7;culture;Ce que le stade rend à une figure disparue;factuel;1;moment protocolaire
HOMMAGE;hommage;7;culture;Il peut prendre la forme d'un brassard noir;factuel;1;signe de deuil
HOMMAGE;hommage;7;culture;Sept lettres observées avant le coup d'envoi;joueur;1;instant de recueillement
HONGRIE;Hongrie;7;selections;Finaliste malheureuse du Mondial 1954;factuel;3;défaite contre l'Allemagne
HONGRIE;Hongrie;7;selections;Son Onze d'Or reste une équipe mythique;factuel;2;années cinquante
HONGRIE;Hongrie;7;selections;Sept lettres emmenées jadis par Puskás;joueur;2;légende nationale
HONNEUR;honneur;7;culture;Ce qu'on sauve en marquant à la dernière minute;factuel;1;but de consolation
HONNEUR;honneur;7;culture;La haie du même nom salue le champion;factuel;1;protocole de respect
HONNEUR;honneur;7;culture;Sept lettres qui ne changent pas le score;joueur;1;limite du geste
HORSJEU;hors-jeu;7;vocab;Position illicite au moment de la transmission;factuel;1;loi 11 du jeu
HORSJEU;hors-jeu;7;vocab;Un orteil suffit à tout annuler;joueur;2;détection semi-automatisée
HORSJEU;hors-jeu;7;vocab;Le drapeau se lève, la joie retombe;joueur;1;signal de l'assistant
HOUSTON;Houston;7;stades;Ville texane hôte du Mondial 2026;factuel;2;organisation américaine
HOUSTON;Houston;7;stades;Son centre spatial est mondialement connu;factuel;1;patrimoine local
HOUSTON;Houston;7;stades;Sept lettres associées à une phrase célèbre;joueur;1;réplique de cinéma
HUIJSEN;Huijsen;7;actuels;Défenseur espagnol forfait avant le Mondial;factuel;3;remplacé dans le groupe
HUIJSEN;Huijsen;7;actuels;Central madrilène absent du sacre de 2026;factuel;3;forfait de la Roja
HUIJSEN;Huijsen;7;actuels;Sept lettres à consonance néerlandaise;joueur;2;origine du nom
HUMMELS;Hummels;7;legendes;Défenseur allemand champion du monde en 2014;factuel;2;titre au Brésil
HUMMELS;Hummels;7;legendes;Il a marqué l'histoire de Dortmund;factuel;2;idole du Mur jaune
HUMMELS;Hummels;7;legendes;Sept lettres qui relançaient comme un milieu;joueur;2;qualité de passe
HYBRIDE;hybride;7;stades;Pelouse mêlant gazon naturel et fibres;factuel;2;technologie moderne
HYBRIDE;hybride;7;stades;Les grands stades l'ont presque tous adoptée;factuel;2;généralisation
HYBRIDE;hybride;7;stades;Sept lettres qui tiennent tout l'hiver;joueur;2;avantage de la surface
INIESTA;Iniesta;7;legendes;Auteur du but qui a donné le titre mondial à l'Espagne;factuel;1;finale de 2010
INIESTA;Iniesta;7;legendes;Il a marqué à la cent seizième minute;factuel;2;prolongation de la finale
INIESTA;Iniesta;7;legendes;Sept lettres qui n'ont jamais eu de Ballon d'Or;joueur;2;injustice souvent citée
INSIGNE;Insigne;7;legendes;Attaquant italien champion d'Europe en 2021;factuel;2;titre à Wembley
INSIGNE;Insigne;7;legendes;Sa frappe enroulée depuis la gauche a un nom;factuel;2;geste éponyme
INSIGNE;Insigne;7;legendes;Sept lettres au tout petit gabarit;joueur;2;silhouette du joueur
INTERIM;intérim;7;coachs;Période où un adjoint dirige provisoirement;factuel;1;après un limogeage
INTERIM;intérim;7;coachs;Certains restent finalement en poste;factuel;2;pari réussi
INTERIM;intérim;7;coachs;Sept lettres empruntées au latin;joueur;1;étymologie
INZAGHI;Inzaghi;7;legendes;Buteur italien auteur d'un doublé en finale de C1;factuel;2;édition 2007
INZAGHI;Inzaghi;7;legendes;Il vivait à la limite du hors-jeu;factuel;1;style du finisseur
INZAGHI;Inzaghi;7;legendes;Sept lettres qui marquaient sans jamais dribbler;joueur;2;profil du renard
IPSWICH;Ipswich;7;clubs;Relégué à l'issue de la saison 2024-2025;factuel;2;descente en Championship
IPSWICH;Ipswich;7;clubs;Il a recruté Issa Diop à l'été 2026;factuel;3;transfert de dix millions
IPSWICH;Ipswich;7;clubs;Sept lettres du Suffolk;joueur;2;implantation du club
IRLANDE;Irlande;7;selections;Sélection au trèfle et au maillot vert;factuel;1;emblèmes nationaux
IRLANDE;Irlande;7;selections;Elle a atteint les quarts du Mondial 1990;factuel;3;meilleur parcours
IRLANDE;Irlande;7;selections;Sept lettres aux supporters très festifs;joueur;1;réputation du public
ISLANDE;Islande;7;selections;Elle a éliminé l'Angleterre à l'Euro 2016;factuel;2;exploit du petit pays
ISLANDE;Islande;7;selections;Son clapping a été copié dans toute l'Europe;factuel;1;rituel devenu célèbre
ISLANDE;Islande;7;selections;Sept lettres pour trois cent mille habitants;joueur;2;taille du pays
ITTIHAD;Ittihad;7;clubs;Club saoudien où évolue Kanté;factuel;2;champion du monde 2018
ITTIHAD;Ittihad;7;clubs;Il est installé à Djeddah;factuel;3;implantation
ITTIHAD;Ittihad;7;clubs;Sept lettres jaune et noir;joueur;3;couleurs du club
JACKSON;Jackson;7;actuels;Attaquant sénégalais évoluant à Londres;factuel;2;club anglais
JACKSON;Jackson;7;actuels;Retenu pour la Coupe du monde 2026;factuel;1;liste de Pape Thiaw
JACKSON;Jackson;7;actuels;Sept lettres anglo-saxonnes chez les Lions;joueur;2;origine du nom
JACQUET;Jacquet;7;coachs;Sélectionneur des Bleus champions du monde en 1998;factuel;1;titre à domicile
JACQUET;Jacquet;7;coachs;Il avait été très critiqué avant le tournoi;factuel;1;retournement de l'opinion
JACQUET;Jacquet;7;coachs;Sept lettres qui n'ont jamais oublié les attaques;joueur;2;rancune du technicien
JANGEAL;Jangéal;7;actuels;Jeune Parisien engagé par Famalicão;factuel;3;transfert de juin 2026
JANGEAL;Jangéal;7;actuels;Joueur formé au PSG vendu à l'étranger;factuel;3;mercato de l'été 2026
JANGEAL;Jangéal;7;actuels;Sept lettres parties au Portugal;joueur;2;destination du transfert
JANUZAJ;Januzaj;7;actuels;Joueur belge formé à Anderlecht;factuel;3;club bruxellois
JANUZAJ;Januzaj;7;actuels;Ailier passé par le championnat anglais;factuel;3;carrière du joueur
JANUZAJ;Januzaj;7;actuels;Sept lettres à consonance albanaise;joueur;2;origine du nom
JANVIER;janvier;7;fillfoot;Mois du mercato de rattrapage;factuel;1;fenêtre hivernale
JANVIER;janvier;7;fillfoot;On y recrute ce qu'on a raté en août;joueur;1;correction d'effectif
JEONBUK;Jeonbuk;7;clubs;Club sud-coréen deux fois champion d'Asie;factuel;3;palmarès continental
JEONBUK;Jeonbuk;7;clubs;Il domine le championnat de son pays;factuel;3;hégémonie nationale
JEONBUK;Jeonbuk;7;clubs;Sept lettres vertes de Corée;joueur;3;couleur du maillot
JOUEUSE;joueuse;7;feminin;Celle qui pratique le football en compétition;factuel;1;pratiquante licenciée
JOUEUSE;joueuse;7;feminin;La France en compte plus de deux cent mille;factuel;1;licenciées de la fédération
JOUEUSE;joueuse;7;feminin;Sept lettres longtemps interdites de terrain;joueur;2;interdiction levée en 1970
JOURNAL;journal;7;fillfoot;Publication qui titre sur la victoire;factuel;1;presse écrite
JOURNAL;journal;7;fillfoot;Celui de vingt heures ouvre dessus un soir de finale;joueur;1;traitement de l'actualité
JOURNEE;journée;7;vocab;Ensemble des rencontres d'une même semaine;factuel;1;calendrier du championnat
JOURNEE;journée;7;vocab;La trente-huitième décide de tout;joueur;1;dernière ligne droite
JUNINHO;Juninho;7;legendes;Maître absolu du coup franc à Lyon;factuel;1;spécialiste du geste
JUNINHO;Juninho;7;legendes;Il en a inscrit une centaine dans sa carrière;factuel;2;record de la spécialité
JUNINHO;Juninho;7;legendes;Sept lettres qui frappaient dans la valve du ballon;joueur;2;technique du tireur
JUNIORS;juniors;7;competitions;Catégorie qui précède les seniors;factuel;1;classe d'âge
JUNIORS;juniors;7;competitions;Leur Coupe du monde se joue chez les moins de vingt ans;factuel;2;épreuve de la FIFA
JUNIORS;juniors;7;competitions;Sept lettres où éclosent les futures stars;joueur;1;vitrine des jeunes
KABYLIE;Kabylie;7;clubs;Région algérienne au club très titré;factuel;3;championnat local
KABYLIE;Kabylie;7;clubs;Son club a gagné plusieurs coupes continentales;factuel;3;palmarès africain
KABYLIE;Kabylie;7;clubs;Sept lettres vert et jaune;joueur;3;couleurs du club
KASHIMA;Kashima;7;clubs;Club japonais le plus titré du championnat local;factuel;3;palmarès national
KASHIMA;Kashima;7;clubs;Zico y a joué puis dirigé;factuel;3;influence brésilienne
KASHIMA;Kashima;7;clubs;Sept lettres rouge et bleu marine;joueur;3;couleurs du club
KHEDIRA;Khedira;7;legendes;Milieu allemand champion du monde en 2014;factuel;2;titre au Brésil
KHEDIRA;Khedira;7;legendes;Il a joué au Real puis à la Juventus;factuel;2;carrière du joueur
KHEDIRA;Khedira;7;legendes;Sept lettres qui couvraient tout le terrain;joueur;2;volume du milieu
KIMMICH;Kimmich;7;actuels;Cadre allemand issu du contingent bavarois;factuel;1;sept joueurs du Bayern
KIMMICH;Kimmich;7;actuels;Milieu capable de dépanner en défense;factuel;2;polyvalence du joueur
KIMMICH;Kimmich;7;actuels;Sept lettres au cœur du jeu de la Mannschaft;joueur;1;rôle du joueur
KIOSQUE;kiosque;7;culture;Endroit où l'on achetait la presse sportive;factuel;1;commerce de rue
KIOSQUE;kiosque;7;culture;On y trouvait les albums de vignettes;factuel;1;distribution des collections
KIOSQUE;kiosque;7;culture;Sept lettres devenues rares dans les villes;joueur;2;déclin du commerce
KOMPANY;Kompany;7;legendes;Capitaine belge de Manchester City;factuel;2;brassard mancunien
KOMPANY;Kompany;7;legendes;Sa frappe de loin a lancé le titre de 2019;factuel;2;but contre Leicester
KOMPANY;Kompany;7;legendes;Sept lettres devenues entraîneur en Bavière;joueur;2;reconversion
KOVACIC;Kovacic;7;actuels;Milieu croate de Manchester City;factuel;2;carrière anglaise
KOVACIC;Kovacic;7;actuels;Il a gagné la C1 avec deux clubs différents;factuel;3;Real et City
KOVACIC;Kovacic;7;actuels;Sept lettres impossibles à déposséder;joueur;2;technique du milieu
KUMAGAI;Kumagai;7;feminin;Japonaise championne du monde en 2011;factuel;2;titre en Allemagne
KUMAGAI;Kumagai;7;feminin;Elle a transformé le penalty décisif de la finale;factuel;2;séance contre les États-Unis
KUMAGAI;Kumagai;7;feminin;Sept lettres passées par Lyon et le Bayern;joueur;2;carrière européenne
LACROIX;Lacroix;7;actuels;Demi-surprise de la liste de mai 2026;factuel;2;sélection inattendue
LACROIX;Lacroix;7;actuels;Défenseur français découvrant le Mondial;factuel;2;première phase finale
LACROIX;Lacroix;7;actuels;Son nom évoque un symbole plus qu'un joueur;joueur;1;homonymie
LAMPARD;Lampard;7;legendes;Meilleur buteur de l'histoire de Chelsea;factuel;2;record du club
LAMPARD;Lampard;7;legendes;Milieu anglais surgissant à l'entrée de la surface;factuel;2;spécialité du joueur
LAMPARD;Lampard;7;legendes;Sept lettres revenues entraîner leur club;joueur;2;reconversion
LAPORTE;Laporte;7;actuels;Central appelé en remplacement d'un forfait;factuel;3;renfort de dernière minute
LAPORTE;Laporte;7;actuels;Espagnol d'adoption né en France;factuel;2;changement de nationalité sportive
LAPORTE;Laporte;7;actuels;Sept lettres pour un central expérimenté;joueur;1;profil du joueur
LATERAL;latéral;7;vocab;Défenseur de couloir;factuel;1;poste sur les côtés
LATERAL;latéral;7;vocab;Il monte, il centre, il redescend;joueur;2;double tâche du poste
LAUDRUP;Laudrup;7;legendes;Patronyme de deux frères danois internationaux;factuel;2;fratrie scandinave
LAUDRUP;Laudrup;7;legendes;L'aîné a joué au Barça et au Real;factuel;2;carrière espagnole
LAUDRUP;Laudrup;7;legendes;Sept lettres au génie salué par Cruyff;joueur;3;éloge du technicien
LAURENT;Laurent;7;coachs;Prénom d'un sélectionneur des Bleus des années 2010;factuel;2;Blanc
LAURENT;Laurent;7;coachs;Prénom masculin très répandu en France;factuel;1;usage courant
LAURENT;Laurent;7;coachs;Sept lettres champions du monde en 1998 comme joueur;joueur;2;défenseur tricolore
LAUTARO;Lautaro;7;actuels;Capitaine argentin de l'Inter;factuel;1;brassard nerazzurro
LAUTARO;Lautaro;7;actuels;Il a été champion du monde en 2022;factuel;1;titre au Qatar
LAUTARO;Lautaro;7;actuels;Sept lettres surnommées el Toro;joueur;2;surnom du buteur
LAVEZZI;Lavezzi;7;legendes;Attaquant argentin passé par Naples puis le PSG;factuel;2;carrière européenne
LAVEZZI;Lavezzi;7;legendes;Il était surnommé le Pocho;factuel;3;surnom du joueur
LAVEZZI;Lavezzi;7;legendes;Sept lettres qui couraient partout devant;joueur;2;profil de l'attaquant
LEBOEUF;Leboeuf;7;legendes;Défenseur français titulaire en finale 1998;factuel;2;remplaçant devenu titulaire
LEBOEUF;Leboeuf;7;legendes;Il a joué à Chelsea au tournant du siècle;factuel;2;carrière anglaise
LEBOEUF;Leboeuf;7;legendes;Sept lettres qui ont fini acteur aux États-Unis;joueur;2;reconversion inattendue
LEGANES;Leganes;7;clubs;Club de la banlieue sud de Madrid;factuel;3;championnat espagnol
LEGANES;Leganes;7;clubs;Il est surnommé les concombres;factuel;3;surnom singulier
LEGANES;Leganes;7;clubs;Sept lettres bleu et blanc;joueur;3;couleurs du club
LEGENDE;légende;7;culture;Statut d'un joueur entré dans l'histoire d'un club;factuel;1;consécration
LEGENDE;légende;7;culture;Elle se raconte encore trente ans après;joueur;1;transmission orale
LEGENDE;légende;7;culture;Sept lettres qui accompagnent aussi une photo;factuel;1;homonymie
LEIPZIG;Leipzig;7;clubs;Club allemand fondé par une marque de boisson;factuel;2;origine du projet
LEIPZIG;Leipzig;7;clubs;Schlager l'a quitté libre à l'été 2026;factuel;3;départ en fin de contrat
LEIPZIG;Leipzig;7;clubs;Sept lettres rouge et blanc de Saxe;joueur;2;couleurs du club
LEQUIPE;L'Équipe;7;culture;Quotidien sportif français de référence;factuel;1;presse spécialisée
LEQUIPE;L'Équipe;7;culture;Il attribue des notes aux joueurs après chaque match;factuel;1;barème redouté
LEQUIPE;L'Équipe;7;culture;Sept lettres imprimées sur papier jaune;joueur;1;identité visuelle
LEVANTE;Levante;7;clubs;Club valencien rival du grand club de la ville;factuel;3;derby local
LEVANTE;Levante;7;clubs;Son nom désigne aussi un vent méditerranéen;factuel;2;homonymie
LEVANTE;Levante;7;clubs;Sept lettres bleu et grenat;joueur;3;couleurs du club
LIDBERG;Lidberg;7;actuels;Troisième buteur de la deuxième Bundesliga;factuel;3;podium des artilleurs
LIDBERG;Lidberg;7;actuels;Attaquant du deuxième échelon allemand;factuel;3;saison 2025-2026
LIDBERG;Lidberg;7;actuels;Sept lettres à consonance suédoise;joueur;2;origine du nom
LIONNES;Lionnes;7;feminin;Surnom donné à plusieurs sélections africaines;factuel;2;dénomination courante
LIONNES;Lionnes;7;feminin;Celles de l'Atlas ont joué le Mondial 2023;factuel;2;Maroc
LIONNES;Lionnes;7;feminin;Sept lettres au féminin d'un fauve emblématique;joueur;1;formation du mot
LIVORNO;Livourne;7;clubs;Club toscan au public très marqué politiquement;factuel;3;identité des tribunes
LIVORNO;Livourne;7;clubs;Sa ville est un grand port de Méditerranée;factuel;2;géographie
LIVORNO;Livourne;7;clubs;Sept lettres grenat de Toscane;joueur;3;couleur du maillot
LOBOTKA;Lobotka;7;actuels;Milieu slovaque de Naples;factuel;3;carrière italienne
LOBOTKA;Lobotka;7;actuels;Il oriente tout le jeu de son équipe;factuel;3;rôle de sentinelle
LOBOTKA;Lobotka;7;actuels;Sept lettres au tout petit gabarit;joueur;3;silhouette du joueur
LONGONI;Longoni;7;actuels;Jeune gardien italien recruté par le PSG;factuel;3;mercato de 2026
LONGONI;Longoni;7;actuels;Portier de dix-huit ans du groupe parisien;factuel;3;effectif 2026-2027
LONGONI;Longoni;7;actuels;Sept lettres à consonance transalpine;joueur;2;origine du nom
LORIENT;Lorient;7;clubs;Club morbihannais surnommé les Merlus;factuel;2;emblème du club
LORIENT;Lorient;7;clubs;Il a remporté la Coupe de France en 2002;factuel;3;titre du club
LORIENT;Lorient;7;clubs;Sept lettres orange et noir;joueur;3;couleurs du maillot
LOYAUTE;loyauté;7;fillfoot;Rester dix ans au même endroit la prouve;factuel;1;fidélité du joueur
LOYAUTE;loyauté;7;fillfoot;Elle pèse moins qu'une clause, hélas;joueur;2;réalité du marché
LUCARNE;lucarne;7;vocab;Angle supérieur de la cage;factuel;1;zone haute du but
LUCARNE;lucarne;7;vocab;Le gardien n'y peut rien;joueur;1;zone réputée imparable
LUCARNE;lucarne;7;vocab;On dit qu'on y range les araignées;joueur;2;expression enlever les toiles
LUCERNE;Lucerne;7;clubs;Club suisse de Suisse centrale;factuel;3;championnat helvétique
LUCERNE;Lucerne;7;clubs;Sa ville est célèbre pour son pont couvert;factuel;2;patrimoine local
LUCERNE;Lucerne;7;clubs;Sept lettres bleu et blanc;joueur;3;couleurs du club
LUCESCU;Lucescu;7;coachs;Technicien roumain qui entraînait encore à 80 ans;factuel;2;longévité record
LUCESCU;Lucescu;7;coachs;Il a gagné la Coupe UEFA avec le Shakhtar;factuel;2;titre de 2009
LUCESCU;Lucescu;7;coachs;Sept lettres au parcours interminable;joueur;2;carrière du coach
LUZENAC;Luzenac;7;clubs;Club ariégeois privé de montée en Ligue 2;factuel;3;affaire de 2014
LUZENAC;Luzenac;7;clubs;Le plus petit village jamais promu dans le football pro;factuel;3;particularité du club
LUZENAC;Luzenac;7;clubs;Sept lettres des Pyrénées;joueur;3;implantation
MACCABI;Maccabi;7;clubs;Nom porté par des clubs israéliens;factuel;3;dénomination répandue
MACCABI;Maccabi;7;clubs;Celui de Tel-Aviv a joué la Ligue des champions;factuel;3;parcours européen
MACCABI;Maccabi;7;clubs;Sept lettres jaune et bleu;joueur;3;couleurs du club
MADUEKE;Madueke;7;actuels;Ailier anglais passé de Chelsea à Arsenal;factuel;3;transfert de 2025
MADUEKE;Madueke;7;actuels;Il avait été formé aux Pays-Bas;factuel;3;parcours du joueur
MADUEKE;Madueke;7;actuels;Sept lettres qui dribblent beaucoup;joueur;2;style de l'ailier
MAFOUTA;Mafouta;7;actuels;Deuxième buteur de Ligue 2 en 2025-2026;factuel;3;quinze réalisations
MAFOUTA;Mafouta;7;actuels;Attaquant du deuxième échelon français;factuel;3;saison 2025-2026
MAFOUTA;Mafouta;7;actuels;Sept lettres derrière le meilleur artilleur;joueur;2;classement de la saison
MAGPIES;Magpies;7;clubs;Surnom des joueurs du club du nord-est anglais;factuel;2;Newcastle
MAGPIES;Magpies;7;clubs;Il vient d'un oiseau noir et blanc;factuel;2;origine du surnom
MAGPIES;Magpies;7;clubs;Sept lettres qui ont vendu Gordon au Barça;joueur;2;mercato de 2026
MAIGNAN;Maignan;7;actuels;Portier numéro un des Bleus au Mondial 2026;factuel;1;titulaire dans les buts
MAIGNAN;Maignan;7;actuels;Il a gardé la cage tricolore jusqu'en demie;factuel;2;parcours français en 2026
MAIGNAN;Maignan;7;actuels;Le dernier rempart français, en sept lettres;joueur;1;poste de gardien
MAILLOT;maillot;7;vocab;Il porte le numéro et le blason;factuel;1;tenue du joueur
MAILLOT;maillot;7;vocab;On l'échange à la fin de la rencontre;joueur;1;tradition d'après-match
MALDINI;Maldini;7;legendes;Défenseur italien resté vingt-cinq ans à Milan;factuel;1;fidélité absolue
MALDINI;Maldini;7;legendes;Son père avait joué et entraîné le même club;factuel;2;dynastie familiale
MALDINI;Maldini;7;legendes;Sept lettres qui taclaient sans jamais salir leur short;joueur;2;élégance du défenseur
MALINES;Malines;7;clubs;Club belge vainqueur de la Coupe des coupes en 1988;factuel;3;titre continental
MALINES;Malines;7;clubs;Sa ville est célèbre pour ses carillons;factuel;3;patrimoine local
MALINES;Malines;7;clubs;Sept lettres rouge et jaune;joueur;3;couleurs du club
MALOUDA;Malouda;7;legendes;Ailier français passé par Lyon puis Chelsea;factuel;2;carrière du joueur
MALOUDA;Malouda;7;legendes;Il a gagné la C1 en 2012;factuel;2;finale de Munich
MALOUDA;Malouda;7;legendes;Sept lettres venues de Guyane;joueur;2;origine du joueur
MANAGER;Manager;7;culture;Jeu de gestion où l'on entraîne sans jamais jouer;factuel;1;simulation culte
MANAGER;Manager;7;culture;On y passe des nuits à recruter des inconnus;joueur;1;addiction du joueur
MANAGER;Manager;7;culture;Sept lettres qui signifient entraîneur en anglais;factuel;1;traduction
MANCINI;Mancini;7;coachs;Sélectionneur italien champion d'Europe en 2021;factuel;1;titre à Wembley
MANCINI;Mancini;7;coachs;Il avait gagné la Premier League avec City;factuel;2;titre de 2012
MANCINI;Mancini;7;coachs;Sept lettres toujours très élégantes sur le banc;joueur;1;image du technicien
MANTEAU;manteau;7;fillfoot;Vêtement du spectateur des soirs de janvier;factuel;1;tenue au stade
MANTEAU;manteau;7;fillfoot;Le technicien le garde même par quinze degrés;joueur;1;image du banc
MARASSI;Marassi;7;stades;Quartier qui donne son surnom au stade de Gênes;factuel;3;toponymie locale
MARASSI;Marassi;7;stades;Deux clubs rivaux s'y partagent la pelouse;factuel;3;derby ligure
MARASSI;Marassi;7;stades;Sept lettres au pied des collines;joueur;3;situation du stade
MARCELO;Marcelo;7;legendes;Latéral gauche brésilien aux cinq Ligues des champions;factuel;1;record madrilène
MARCELO;Marcelo;7;legendes;Sa chevelure bouclée le rendait reconnaissable;factuel;1;silhouette culte
MARCELO;Marcelo;7;legendes;Sept lettres qui attaquaient plus qu'elles ne défendent;joueur;1;style du latéral
MARESCA;Maresca;7;coachs;Technicien italien de Chelsea;factuel;2;banc londonien
MARESCA;Maresca;7;coachs;Il a gagné le Mondial des clubs en 2025;factuel;2;titre du club
MARESCA;Maresca;7;coachs;Sept lettres formées à l'école de Guardiola;joueur;2;filiation tactique
MARQUER;marquer;7;vocab;Envoyer le ballon au fond des filets;factuel;1;objectif du jeu
MARQUER;marquer;7;vocab;Un adversaire, c'est le suivre partout;factuel;2;consigne défensive
MARQUER;marquer;7;vocab;Ne penser qu'à ça est un beau défaut;joueur;1;obsession du buteur
MARTENS;Martens;7;feminin;Néerlandaise meilleure joueuse du monde en 2017;factuel;2;distinction FIFA
MARTENS;Martens;7;feminin;Elle avait gagné l'Euro à domicile la même année;factuel;2;titre continental
MARTENS;Martens;7;feminin;Sept lettres passées par le Barça;joueur;2;carrière espagnole
MARTIAL;Martial;7;legendes;Attaquant français de Manchester United;factuel;2;carrière anglaise
MARTIAL;Martial;7;legendes;Il est arrivé à dix-neuf ans pour un montant record;factuel;2;transfert de 2015
MARTIAL;Martial;7;legendes;Sept lettres qui évoquent aussi un art de combat;joueur;1;homonymie
MATADOR;Matador;7;legendes;Surnom d'un buteur uruguayen à la longue crinière;factuel;2;Cavani
MATADOR;Matador;7;legendes;Il désigne aussi le torero qui achève le combat;factuel;1;acception espagnole
MATADOR;Matador;7;legendes;Sept lettres qui ont beaucoup marqué à Paris;joueur;2;record du club
MATUIDI;Matuidi;7;legendes;Milieu français champion du monde en 2018;factuel;1;titre en Russie
MATUIDI;Matuidi;7;legendes;Il a joué au PSG puis à la Juventus;factuel;2;carrière du joueur
MATUIDI;Matuidi;7;legendes;Sept lettres qui couraient sans jamais s'arrêter;joueur;1;volume du milieu
MAYENCE;Mayence;7;clubs;Club rhénan où évoluait Amiri;factuel;3;surprise de la liste allemande
MAYENCE;Mayence;7;clubs;Klopp y a débuté comme entraîneur;factuel;2;premiers pas du technicien
MAYENCE;Mayence;7;clubs;Sept lettres rouge et blanc au bord du Rhin;joueur;3;couleurs du club
MAZEMBE;Mazembe;7;clubs;Club congolais finaliste du Mondial des clubs en 2010;factuel;3;exploit africain
MAZEMBE;Mazembe;7;clubs;Il est installé à Lubumbashi;factuel;3;implantation
MAZEMBE;Mazembe;7;clubs;Sept lettres noir et blanc;joueur;3;couleurs du club
MECHELE;Mechele;7;actuels;Défenseur central belge titulaire en quart;factuel;3;compo face à l'Espagne
MECHELE;Mechele;7;actuels;Il formait le duo axial belge à Los Angeles;factuel;3;quart de finale 2026
MECHELE;Mechele;7;actuels;Sept lettres dans la charnière des Diables;joueur;1;poste du joueur
MEDECIN;médecin;7;coachs;Il décide si un joueur peut reprendre;factuel;1;autorité médicale
MEDECIN;médecin;7;coachs;Il accompagne l'équipe à chaque déplacement;factuel;1;rôle permanent
MEDECIN;médecin;7;coachs;Sept lettres qui ont le dernier mot;joueur;1;pouvoir de décision
MEDIANE;médiane;7;vocab;Ligne qui coupe le terrain en deux;factuel;1;délimitation centrale
MEDIANE;médiane;7;vocab;Le rond central s'appuie dessus;factuel;2;tracé du terrain
MEDIANE;médiane;7;vocab;Le capitaine s'y avance pour le tirage;joueur;1;protocole d'avant-match
MEETING;meeting;7;coachs;Réunion du staff avant la séance;factuel;2;organisation du travail
MEETING;meeting;7;coachs;Il se tient très tôt le matin;factuel;2;rythme du métier
MEETING;meeting;7;coachs;Sept lettres empruntées à l'anglais;joueur;1;anglicisme
MEMOIRE;mémoire;7;fillfoot;Elle garde le but de la finale intact;factuel;1;souvenir collectif
MEMOIRE;mémoire;7;fillfoot;Celle des supporters est très sélective;joueur;1;subjectivité du public
MERCATO;mercato;7;vocab;Période officielle d'achats et de ventes;factuel;1;fenêtre des transferts
MERCATO;mercato;7;vocab;Il occupe les supporters tout l'été;joueur;1;rumeurs estivales
MERGUEZ;merguez;7;culture;Spécialité grillée aux abords des stades;factuel;1;rituel d'avant-match
MERGUEZ;merguez;7;culture;Elle accompagne les tournois de jeunes;factuel;1;buvette du dimanche
MERGUEZ;merguez;7;culture;Sept lettres indissociables du football amateur;joueur;1;image du week-end
MERTENS;Mertens;7;legendes;Longtemps meilleur buteur de l'histoire de Naples;factuel;2;record du club
MERTENS;Mertens;7;legendes;Attaquant belge reconverti de l'aile en pointe;factuel;3;changement de poste
MERTENS;Mertens;7;legendes;Sept lettres au tout petit gabarit;joueur;2;silhouette du joueur
METLIFE;MetLife;7;stades;Enceinte de la finale du Mondial 2026;factuel;1;Espagne contre Argentine
METLIFE;MetLife;7;stades;Il se situe dans la banlieue de New York;factuel;1;New Jersey
METLIFE;MetLife;7;stades;Sept lettres où Torres a marqué à la 106e;joueur;1;but du sacre espagnol
MEXIQUE;Mexique;7;selections;Coorganisateur du Mondial 2026;factuel;1;avec ses deux voisins
MEXIQUE;Mexique;7;selections;Il avait déjà reçu la compétition deux fois;factuel;1;1970 et 1986
MEXIQUE;Mexique;7;selections;Sept lettres qui jouent en vert;joueur;1;couleur du maillot
MICHELS;Michels;7;coachs;Technicien néerlandais inventeur du football total;factuel;2;révolution des années 70
MICHELS;Michels;7;coachs;Il a gagné l'Euro 1988 avec les Pays-Bas;factuel;2;titre continental
MICHELS;Michels;7;coachs;Sept lettres surnommées le Général;joueur;2;surnom du coach
MIEDEMA;Miedema;7;feminin;Meilleure buteuse de l'histoire des Pays-Bas;factuel;2;record national
MIEDEMA;Miedema;7;feminin;Elle a longtemps évolué à Arsenal;factuel;2;carrière anglaise
MIEDEMA;Miedema;7;feminin;Sept lettres qui ont marqué quatre fois en un match;joueur;2;performance en sélection
MILITAO;Militão;7;actuels;Défenseur brésilien du Real Madrid;factuel;2;charnière madrilène
MILITAO;Militão;7;actuels;Il est arrivé de Porto en 2019;factuel;3;transfert du joueur
MILITAO;Militão;7;actuels;Sept lettres très rapides sur l'homme;joueur;2;qualité du central
MINIMES;minimes;7;competitions;Catégorie de jeunes du football français;factuel;2;classe d'âge
MINIMES;minimes;7;competitions;Elle précède les cadets dans la hiérarchie;factuel;3;organisation fédérale
MINIMES;minimes;7;competitions;Sept lettres qui jouent le samedi matin;joueur;1;football de formation
MIRACLE;miracle;7;fillfoot;Renverser trois longueurs en dix minutes;factuel;1;retournement improbable
MIRACLE;miracle;7;fillfoot;Le maintien acquis à la dernière seconde;joueur;1;sauvetage inespéré
MITROPA;Mitropa;7;competitions;Coupe d'Europe centrale de l'entre-deux-guerres;factuel;3;épreuve pionnière
MITROPA;Mitropa;7;competitions;Elle réunissait Autrichiens, Hongrois et Tchèques;factuel;3;périmètre de l'épreuve
MITROPA;Mitropa;7;competitions;Sept lettres qui ont inspiré la Coupe d'Europe;joueur;3;héritage continental
MONDIAL;Mondial;7;competitions;Autre nom de l'épreuve reine;factuel;1;Coupe du monde
MONDIAL;Mondial;7;competitions;Celui de 2026 a réuni quarante-huit équipes;factuel;1;format élargi
MONDIAL;Mondial;7;competitions;Sept lettres remportées par l'Espagne à New York;joueur;1;titre de 2026
MONTANT;montant;7;vocab;Élément vertical qui encadre la cage;factuel;1;poteau du but
MONTANT;montant;7;vocab;Celui du transfert fuite avant l'annonce;joueur;1;somme de l'opération
MORUMBI;Morumbi;7;stades;Grande enceinte de la plus grande ville brésilienne;factuel;3;São Paulo
MORUMBI;Morumbi;7;stades;Elle a longtemps été la plus vaste du pays;factuel;3;capacité du stade
MORUMBI;Morumbi;7;stades;Sept lettres qui portent le nom d'un quartier;joueur;3;toponymie locale
MURMURE;murmure;7;culture;Bruit sourd qui parcourt le stade avant l'entrée;factuel;2;attente du public
MURMURE;murmure;7;culture;Il précède l'explosion du coup d'envoi;factuel;1;montée de la tension
MURMURE;murmure;7;culture;Sept lettres qui contrastent avec la suite;joueur;2;calme avant la ferveur
MUSIALA;Musiala;7;actuels;Créateur allemand du contingent bavarois;factuel;1;sept joueurs du Bayern
MUSIALA;Musiala;7;actuels;L'un des deux créateurs les plus attendus d'Europe;factuel;2;duo offensif allemand
MUSIALA;Musiala;7;actuels;Sept lettres qui dribblent dans un mouchoir;joueur;1;style du joueur
MUSIQUE;musique;7;culture;Elle retentit après chaque but à domicile;factuel;1;usage du stade
MUSIQUE;musique;7;culture;Certains joueurs en produisent eux-mêmes;factuel;2;double activité
MUSIQUE;musique;7;culture;Sept lettres qui font partie du spectacle;joueur;1;ambiance de l'enceinte
NATIONS;Nations;7;competitions;Ligue européenne créée pour remplacer les amicaux;factuel;2;compétition de l'UEFA
NATIONS;Nations;7;competitions;La Coupe d'Afrique des porte aussi ce mot;factuel;1;épreuve continentale
NATIONS;Nations;7;competitions;Sept lettres qui rassemblent des pays;joueur;1;acception courante
NAVETTE;navette;7;fillfoot;Elle relie la gare à l'enceinte les soirs de match;factuel;1;transport des spectateurs
NAVETTE;navette;7;fillfoot;Le milieu qui monte et descend en fait une;joueur;2;va-et-vient du poste
NETFLIX;Netflix;7;culture;Plateforme qui produit des séries sur les clubs;factuel;1;diffuseur en ligne
NETFLIX;Netflix;7;culture;Elle a filmé plusieurs grands clubs européens;factuel;2;collection de documentaires
NETFLIX;Netflix;7;culture;Sept lettres qui remplacent la télévision du salon;joueur;1;nouvel usage
NEVILLE;Neville;7;legendes;Latéral droit anglais formé à Manchester United;factuel;2;produit du club
NEVILLE;Neville;7;legendes;Son frère a aussi joué pour la sélection;factuel;2;fratrie anglaise
NEVILLE;Neville;7;legendes;Sept lettres devenues consultant très écouté;joueur;2;seconde carrière
NEWYORK;New York;7;stades;Sa banlieue a reçu la finale du Mondial 2026;factuel;1;MetLife Stadium
NEWYORK;New York;7;stades;C'est la plus grande ville des États-Unis;factuel;1;géographie
NEWYORK;New York;7;stades;Sept lettres surnommées la grosse pomme;joueur;1;surnom de la ville
NIGERIA;Nigeria;7;selections;Sélection surnommée les Super Eagles;factuel;2;surnom du pays
NIGERIA;Nigeria;7;selections;Elle a gagné l'or olympique en 1996;factuel;2;titre à Atlanta
NIGERIA;Nigeria;7;selections;Sept lettres au maillot vert très commenté;joueur;1;design de la tenue
NORVEGE;Norvège;7;selections;Adversaire des Bleus au premier tour en 2026;factuel;2;groupe I
NORVEGE;Norvège;7;selections;Elle est emmenée par un buteur à sept réalisations;factuel;2;Haaland en 2026
NORVEGE;Norvège;7;selections;Sept lettres revenues en phase finale;joueur;2;longue absence
NORWICH;Norwich;7;clubs;Club anglais surnommé les Canaris;factuel;3;emblème du club
NORWICH;Norwich;7;clubs;Il est installé dans le Norfolk;factuel;3;implantation
NORWICH;Norwich;7;clubs;Sept lettres jaune et vert;joueur;3;couleurs du club
OCEANIE;Océanie;7;competitions;Confédération la moins pourvue en places mondiales;factuel;3;quota réduit
OCEANIE;Océanie;7;competitions;La Nouvelle-Zélande y domine depuis un départ notable;factuel;3;hiérarchie de la zone
OCEANIE;Océanie;7;competitions;Sept lettres qui traversent le Pacifique;joueur;2;géographie de la zone
ODYSSEE;odyssée;7;culture;Parcours long et mouvementé d'une équipe;factuel;2;récit d'une campagne
ODYSSEE;odyssée;7;culture;Le mot vient d'un récit grec très ancien;factuel;1;étymologie
ODYSSEE;odyssée;7;culture;Sept lettres qui racontent une saison entière;joueur;2;usage journalistique
OLIMPIA;Olimpia;7;clubs;Club paraguayen trois fois vainqueur de la Libertadores;factuel;3;palmarès continental
OLIMPIA;Olimpia;7;clubs;Il est installé à Asunción;factuel;3;implantation
OLIMPIA;Olimpia;7;clubs;Sept lettres noir et blanc;joueur;3;couleurs du club
OLYMPIA;Olympia;7;stades;Il précède Stadion dans un nom d'enceinte berlinoise;factuel;3;stade allemand
OLYMPIA;Olympia;7;stades;La finale du Mondial 2006 s'y est jouée;factuel;2;Italie contre France
OLYMPIA;Olympia;7;stades;Sept lettres qui renvoient à la Grèce antique;joueur;1;étymologie
ORGUEIL;orgueil;7;fillfoot;Fierté qui fait revenir de deux longueurs;factuel;1;ressort sportif
ORGUEIL;orgueil;7;fillfoot;Blessé, il pousse à répondre dans le derby;joueur;1;réaction à l'affront
ORLEANS;Orléans;7;clubs;Club du Loiret passé par le football professionnel;factuel;3;implantation
ORLEANS;Orléans;7;clubs;Sa ville célèbre chaque année une héroïne médiévale;factuel;2;fêtes johanniques
ORLEANS;Orléans;7;clubs;Sept lettres au bord de la Loire;joueur;2;géographie
OSASUNA;Osasuna;7;clubs;Club navarrais de Pampelune;factuel;2;championnat espagnol
OSASUNA;Osasuna;7;clubs;Muñoz y a réalisé la saison qui l'a envoyé au Mondial;factuel;3;convocation de 2026
OSASUNA;Osasuna;7;clubs;Son nom signifie santé en basque;joueur;3;étymologie
OSHOALA;Oshoala;7;feminin;Nigériane six fois meilleure joueuse d'Afrique;factuel;2;record continental
OSHOALA;Oshoala;7;feminin;Elle a gagné la C1 avec le Barça;factuel;2;titre européen
OSHOALA;Oshoala;7;feminin;Sept lettres devenues une icône du continent;joueur;2;statut de la joueuse
OSIMHEN;Osimhen;7;legendes;Buteur nigérian du Naples champion en 2023;factuel;2;premier titre depuis Maradona
OSIMHEN;Osimhen;7;legendes;Il joue avec un masque de protection;factuel;1;équipement reconnaissable
OSIMHEN;Osimhen;7;legendes;Sept lettres au jeu de tête impressionnant;joueur;2;qualité du buteur
OSTENDE;Ostende;7;clubs;Club belge de la côte;factuel;3;championnat belge
OSTENDE;Ostende;7;clubs;Sa ville est la principale station balnéaire du pays;factuel;3;tourisme local
OSTENDE;Ostende;7;clubs;Sept lettres rouge et jaune de la mer du Nord;joueur;3;couleurs du club
OVATION;ovation;7;culture;Applaudissement nourri réservé à un grand joueur;factuel;1;hommage du public
OVATION;ovation;7;culture;Le Bernabeu en a offert une à Ronaldinho;factuel;2;soirée de 2005
OVATION;ovation;7;culture;Sept lettres qui font se lever tout un stade;joueur;1;intensité du moment
PALERME;Palerme;7;clubs;Club sicilien au maillot rose et noir;factuel;3;couleurs singulières
PALERME;Palerme;7;clubs;Sa ville est la capitale de la Sicile;factuel;1;géographie
PALERME;Palerme;7;clubs;Sept lettres qui ont révélé Dybala;joueur;3;éclosion de l'attaquant
PANENKA;panenka;7;vocab;Onze mètres piqué au centre de la cage;factuel;2;geste de 1976
PANENKA;panenka;7;vocab;La rater vous poursuit toute une vie;joueur;2;risque assumé du geste
PANNEAU;panneau;7;culture;Support publicitaire au bord du terrain;factuel;1;équipement du stade
PANNEAU;panneau;7;culture;Le quatrième arbitre en lève un pour les changements;factuel;1;affichage lumineux
PANNEAU;panneau;7;culture;Sept lettres que le ballon percute parfois;joueur;1;incident de jeu
PANUCCI;Panucci;7;legendes;Défenseur italien passé par le Milan et le Real;factuel;3;carrière du joueur
PANUCCI;Panucci;7;legendes;Il a gagné la C1 avec deux clubs différents;factuel;3;palmarès du joueur
PANUCCI;Panucci;7;legendes;Sept lettres qui montaient souvent marquer;joueur;3;habitude du latéral
PARCAGE;parcage;7;culture;Zone réservée aux supporters visiteurs;factuel;2;organisation du stade
PARCAGE;parcage;7;culture;Il est séparé du reste par des grilles;factuel;2;dispositif de sécurité
PARCAGE;parcage;7;culture;Sept lettres qui chantent plus fort que les autres;joueur;2;ferveur des déplacés
PAREDES;Paredes;7;actuels;Milieu du groupe argentin finaliste en 2026;factuel;2;entrejeu albiceleste
PAREDES;Paredes;7;actuels;Vétéran passé par Paris puis par Rome;factuel;2;parcours européen
PAREDES;Paredes;7;actuels;Sept lettres devant la défense argentine;joueur;1;poste de sentinelle
PARIEUR;parieur;7;culture;Celui qui mise sur un résultat;factuel;1;pratique répandue
PARIEUR;parieur;7;culture;Il perd plus souvent qu'il ne gagne;joueur;1;réalité du secteur
PARIEUR;parieur;7;culture;Sept lettres qui regardent le match autrement;joueur;1;rapport au jeu
PARKING;parking;7;fillfoot;Aire de stationnement autour de l'enceinte;factuel;1;équipement du stade
PARKING;parking;7;fillfoot;Il se vide bien plus vite quand on perd;joueur;1;départ anticipé du public
PARTAGE;partage;7;culture;Action de faire circuler une publication;factuel;1;usage numérique
PARTAGE;partage;7;culture;C'est ainsi qu'une vidéo devient virale;factuel;1;mécanique des réseaux
PARTAGE;partage;7;culture;Sept lettres qui désignent aussi la répartition;joueur;1;acception courante
PASSEUR;passeur;7;vocab;Il délivre le ballon qui précède la frappe;factuel;1;auteur de l'offrande
PASSEUR;passeur;7;vocab;Sans lui, l'avant-centre ne serait rien;joueur;1;rôle de l'avant-dernier geste
PASSION;passion;7;culture;Ce qui pousse à se lever à six heures pour un car;factuel;1;moteur du supporter
PASSION;passion;7;culture;Elle ne s'explique pas rationnellement;joueur;1;attachement au club
PASSION;passion;7;culture;Sept lettres qui se transmettent en famille;factuel;1;héritage du supportérisme
PASTORE;Pastore;7;legendes;Meneur argentin première grande recrue du PSG;factuel;2;transfert de 2011
PASTORE;Pastore;7;legendes;Sa passe extérieure du pied gauche reste célèbre;factuel;3;geste signature
PASTORE;Pastore;7;legendes;Sept lettres surnommées El Flaco;joueur;3;surnom du joueur
PATRICK;Patrick;7;coachs;Prénom d'un capitaine des Bleus devenu entraîneur;factuel;2;Vieira
PATRICK;Patrick;7;coachs;Prénom masculin d'origine irlandaise;factuel;1;étymologie
PATRICK;Patrick;7;coachs;Sept lettres qui fêtent la Saint le dix-sept mars;joueur;1;fête irlandaise
PAULETA;Pauleta;7;legendes;Longtemps meilleur buteur de l'histoire du PSG;factuel;2;record parisien
PAULETA;Pauleta;7;legendes;Attaquant portugais passé par Bordeaux;factuel;3;carrière française
PAULETA;Pauleta;7;legendes;Sept lettres surnommées l'Aigle des Açores;joueur;3;surnom du buteur
PAYSBAS;Pays-Bas;7;selections;Sélection trois fois finaliste et jamais championne;factuel;1;1974, 1978 et 2010
PAYSBAS;Pays-Bas;7;selections;Elle a inventé le football total;factuel;1;école néerlandaise
PAYSBAS;Pays-Bas;7;selections;Sept lettres tout de orange vêtues;joueur;1;couleur du maillot
PELOUSE;pelouse;7;vocab;Tapis vert de l'enceinte;factuel;1;aire de jeu
PELOUSE;pelouse;7;vocab;Les jardiniers la tondent en damier;joueur;1;entretien du terrain
PENALTY;penalty;7;vocab;Tiré à onze mètres de la cage;factuel;1;distance réglementaire
PENALTY;penalty;7;vocab;La séance qui fait pleurer des nations;joueur;1;épreuve de départage
PENALTY;penalty;7;vocab;Panenka en a fait un art en 1976;joueur;2;geste en finale de l'Euro
PENAROL;Peñarol;7;clubs;Club uruguayen aux cinq Libertadores;factuel;3;record continental
PENAROL;Peñarol;7;clubs;Il partage Montevideo avec un rival historique;factuel;3;derby uruguayen
PENAROL;Peñarol;7;clubs;Sept lettres jaune et noir;joueur;3;couleurs du club
PENDERS;Penders;7;actuels;Gardien nommé au trophée UNFP en 2026;factuel;3;meilleur gardien de Ligue 1
PENDERS;Penders;7;actuels;Portier du Racing Club de Strasbourg;factuel;3;club alsacien
PENDERS;Penders;7;actuels;Sept lettres à consonance néerlandaise;joueur;2;origine du nom
PESCARA;Pescara;7;clubs;Club des Abruzzes passé par la Serie A;factuel;3;championnat italien
PESCARA;Pescara;7;clubs;Sa ville est une station balnéaire de l'Adriatique;factuel;3;tourisme local
PESCARA;Pescara;7;clubs;Sept lettres bleu et blanc;joueur;3;couleurs du club
PIRATES;Pirates;7;clubs;Club sud-africain rival des Chiefs;factuel;3;derby de Soweto
PIRATES;Pirates;7;clubs;Il a gagné la Ligue des champions africaine en 1995;factuel;3;titre continental
PIRATES;Pirates;7;clubs;Sept lettres noir et blanc à la tête de mort;joueur;3;emblème du club
PIZARRO;Pizarro;7;legendes;Buteur péruvien recordman étranger en Bundesliga;factuel;3;marque du championnat
PIZARRO;Pizarro;7;legendes;Il a joué jusqu'à quarante ans;factuel;3;longévité du joueur
PIZARRO;Pizarro;7;legendes;Sept lettres passées du Bayern au Werder;joueur;3;carrière allemande
PIZJUAN;Pizjuán;7;stades;Il suit Ramón Sánchez dans un nom de stade;factuel;3;FC Séville
PIZJUAN;Pizjuán;7;stades;L'enceinte est réputée pour son ambiance en Europe;factuel;3;soirées continentales
PIZJUAN;Pizjuán;7;stades;Sept lettres difficiles à prononcer;joueur;2;orthographe espagnole
PLATEAU;plateau;7;fillfoot;Décor d'où l'on débriefe la rencontre;factuel;1;émission sportive
PLATEAU;plateau;7;fillfoot;L'offrande servie dessus ne se rate pas;joueur;1;passe immanquable
PLATINI;Platini;7;legendes;Triple Ballon d'Or consécutif dans les années 80;factuel;1;1983, 1984 et 1985
PLATINI;Platini;7;legendes;Neuf buts en cinq matchs à l'Euro 1984;factuel;1;record de l'épreuve
PLATINI;Platini;7;legendes;Sept lettres imbattables sur coup franc;joueur;1;spécialité du meneur
PLAYOFF;play-off;7;competitions;Phase finale qui départage après le championnat;factuel;2;format américain
PLAYOFF;play-off;7;competitions;La MLS désigne ainsi son champion;factuel;2;règlement nord-américain
PLAYOFF;play-off;7;competitions;Sept lettres qui rendent la saison régulière relative;joueur;2;critique du format
PODCAST;podcast;7;fillfoot;Format audio écouté après la rencontre;factuel;1;média moderne
PODCAST;podcast;7;fillfoot;Trois heures pour analyser une seule action;joueur;2;prolixité du format
POLOGNE;Pologne;7;selections;Troisième du Mondial en 1974 et en 1982;factuel;2;deux podiums
POLOGNE;Pologne;7;selections;Elle est emmenée par un buteur du Barça;factuel;1;Lewandowski
POLOGNE;Pologne;7;selections;Sept lettres qui jouent en blanc et rouge;joueur;1;couleurs nationales
POPCORN;pop-corn;7;culture;Ce qu'on grignote devant un match à la maison;factuel;1;habitude du spectateur
POPCORN;pop-corn;7;culture;Il vient plutôt de la culture du cinéma;factuel;1;origine de l'usage
POPCORN;pop-corn;7;culture;Sept lettres qui accompagnent les grands soirs;joueur;1;rituel du canapé
PORTMAN;Portman;7;stades;Il précède Road dans un nom de stade du Suffolk;factuel;3;Ipswich
PORTMAN;Portman;7;stades;L'enceinte se trouve à l'est de l'Angleterre;factuel;3;implantation
PORTMAN;Portman;7;stades;Sept lettres bleu et blanc;joueur;3;couleurs du club
POTSDAM;Potsdam;7;feminin;Club allemand vainqueur de la C1 en 2005 et 2010;factuel;3;palmarès continental
POTSDAM;Potsdam;7;feminin;Il a longtemps dominé le football allemand;factuel;3;âge d'or du club
POTSDAM;Potsdam;7;feminin;Sept lettres près de Berlin;joueur;3;implantation
PREJUGE;préjugé;7;feminin;Idée toute faite sur le niveau de jeu;factuel;1;obstacle culturel
PREJUGE;préjugé;7;feminin;Il recule à chaque grande compétition;factuel;1;effet de la visibilité
PREJUGE;préjugé;7;feminin;Sept lettres qui s'effacent devant les images;joueur;1;force du spectacle
PREMIER;Premier;7;competitions;Mot anglais devant League pour l'élite;factuel;1;championnat d'Angleterre
PREMIER;Premier;7;competitions;Arsenal l'a remportée en 2026 avec 85 points;factuel;1;titre des Gunners
PREMIER;Premier;7;competitions;Sept lettres devant celui du classement;joueur;1;place de leader
PRESTON;Preston;7;clubs;Premier champion d'Angleterre de l'histoire;factuel;3;titre de 1889
PRESTON;Preston;7;clubs;Il a réussi le premier doublé sans perdre un match;factuel;3;saison invaincue
PRESTON;Preston;7;clubs;Sept lettres blanches du Lancashire;joueur;3;couleurs du club
PRINCES;Princes;7;stades;Ils suivent Parc des dans un nom de stade parisien;factuel;1;PSG
PRINCES;Princes;7;stades;L'enceinte a ouvert en 1972 dans sa forme actuelle;factuel;2;histoire du lieu
PRINCES;Princes;7;stades;Sept lettres à l'ouest de la capitale;joueur;1;implantation
PULISIC;Pulisic;7;actuels;Meilleur joueur américain de sa génération;factuel;2;attaquant du Milan
PULISIC;Pulisic;7;actuels;Il est passé par Dortmund et Chelsea;factuel;2;carrière du joueur
PULISIC;Pulisic;7;actuels;Sept lettres surnommées Captain America;joueur;2;surnom du joueur
QUALIFS;qualifs;7;competitions;Phase préalable à la compétition finale;factuel;1;éliminatoires
QUALIFS;qualifs;7;competitions;Elles s'étalent sur près de deux ans;factuel;2;calendrier des sélections
QUALIFS;qualifs;7;competitions;Sept lettres abrégées dans le langage courant;joueur;1;troncation usuelle
RALENTI;ralenti;7;fillfoot;Il montre ce que l'œil n'a pas vu;factuel;1;image décomposée
RALENTI;ralenti;7;fillfoot;À cette vitesse, tout contact devient une faute;joueur;2;critique de l'outil
RANGERS;Rangers;7;clubs;Club de Glasgow rival du Celtic;factuel;1;Old Firm
RANGERS;Rangers;7;clubs;Il a disputé une finale de Coupe UEFA en 2008;factuel;3;parcours européen
RANGERS;Rangers;7;clubs;Sept lettres bleu roi d'Écosse;joueur;2;couleurs du club
RANIERI;Ranieri;7;coachs;Technicien italien du miracle de Leicester;factuel;1;titre de 2016
RANIERI;Ranieri;7;coachs;Il promettait une pizza à ses joueurs;factuel;2;anecdote de la saison
RANIERI;Ranieri;7;coachs;Sept lettres surnommées le Tinkerman;joueur;2;surnom du coach
RAPINOE;Rapinoe;7;feminin;Meilleure joueuse du Mondial 2019;factuel;1;Ballon d'Or de l'année
RAPINOE;Rapinoe;7;feminin;Elle célébrait les bras grands ouverts;factuel;1;pose devenue culte
RAPINOE;Rapinoe;7;feminin;Sept lettres aux cheveux teints en rose;joueur;1;silhouette reconnaissable
RAYMOND;Raymond;7;stades;Il précède Kopa dans un nom de stade angevin;factuel;3;Angers
RAYMOND;Raymond;7;stades;Prénom du premier Ballon d'Or français;factuel;2;lauréat de 1958
RAYMOND;Raymond;7;stades;Sept lettres devenues rares chez les nouveau-nés;joueur;1;prénom démodé
READING;Reading;7;clubs;Club anglais du Berkshire;factuel;3;championnat anglais
READING;Reading;7;clubs;Sept lettres qui signifient lecture en anglais;joueur;1;homonymie
READING;Reading;7;clubs;Il joue au Madejski;factuel;3;enceinte du club
REDONDO;Redondo;7;feminin;Milieu espagnole buteuse en finale du Mondial 2023;factuel;3;but du titre
REDONDO;Redondo;7;feminin;Un homonyme masculin fut un grand du Real;factuel;3;patronyme partagé
REDONDO;Redondo;7;feminin;Sept lettres qui ont offert la coupe à leur pays;joueur;2;finale de Sydney
REDSTAR;Red Star;7;clubs;Club francilien fondé en 1897;factuel;3;doyen du football parisien
REDSTAR;Red Star;7;clubs;Il joue au stade Bauer à Saint-Ouen;factuel;3;enceinte historique
REDSTAR;Red Star;7;clubs;Sept lettres vert et blanc au nom anglais;joueur;3;dénomination du club
REFRAIN;refrain;7;culture;Partie du chant que tout le stade reprend;factuel;1;structure du chant
REFRAIN;refrain;7;culture;Il se retient dès la première écoute;factuel;1;fonction du procédé
REFRAIN;refrain;7;culture;Sept lettres reprises par vingt mille personnes;joueur;1;puissance du virage
RELANCE;relance;7;vocab;Première passe après récupération;factuel;2;sortie de balle
RELANCE;relance;7;vocab;Courte, elle fait transpirer les tribunes;joueur;2;jeu au pied risqué du gardien
RELIQUE;relique;7;culture;Objet conservé comme un trésor par un supporter;factuel;2;culte de l'objet
RELIQUE;relique;7;culture;Un ticket de finale en devient une;factuel;1;souvenir précieux
RELIQUE;relique;7;culture;Sept lettres rangées dans une boîte à chaussures;joueur;1;conservation du souvenir
REMPART;rempart;7;vocab;Le dernier, c'est celui qui porte des gants;factuel;1;expression désignant le gardien
REMPART;rempart;7;vocab;Il tient tout seul quand ça craque devant;joueur;1;rôle du portier
REPECHE;repêché;7;competitions;Club qualifié après le forfait d'un autre;factuel;3;décision fédérale
REPECHE;repêché;7;competitions;Le Danemark l'a été avant de gagner l'Euro 1992;factuel;2;titre inattendu
REPECHE;repêché;7;competitions;Sept lettres entrées par la fenêtre;joueur;2;qualification indirecte
REPRISE;reprise;7;vocab;Frappe immédiate sur un ballon en mouvement;factuel;1;geste offensif
REPRISE;reprise;7;vocab;Après la trêve, elle réveille tout le monde;joueur;1;retour à la compétition
REQUINS;Requins;7;selections;Surnom de la sélection du Cap-Vert;factuel;3;archipel atlantique
REQUINS;Requins;7;selections;Elle a tenu tête à l'Espagne au Mondial 2026;factuel;2;phase de groupes
REQUINS;Requins;7;selections;Sept lettres bleues venues des îles;joueur;3;couleur du maillot
RESERVE;réserve;7;selections;Joueur retenu au cas où un titulaire ferait forfait;factuel;2;liste élargie
RESERVE;réserve;7;selections;Un remplaçant en a profité en 2026;factuel;3;forfait de dernière minute
RESERVE;réserve;7;selections;Sept lettres qui attendent un coup de fil;joueur;2;situation du remplaçant
RESPECT;respect;7;fillfoot;Ce que les lois exigent envers les officiels;factuel;1;code de conduite
RESPECT;respect;7;fillfoot;La haie d'honneur en est la forme la plus pure;joueur;1;geste de reconnaissance
RIGUEUR;rigueur;7;coachs;Qualité vantée par les entraîneurs défensifs;factuel;1;discours du métier
RIGUEUR;rigueur;7;coachs;Elle s'oppose au relâchement en fin de match;factuel;1;enjeu tactique
RIGUEUR;rigueur;7;coachs;Sept lettres qui manquent souvent sur les corners;joueur;1;faiblesse récurrente
RIVALDO;Rivaldo;7;legendes;Ballon d'Or brésilien de 1999;factuel;2;milieu offensif
RIVALDO;Rivaldo;7;legendes;Champion du monde 2002 aux côtés de deux autres stars;factuel;1;trio offensif
RIVALDO;Rivaldo;7;legendes;Sept lettres au retourné mémorable pour le Barça;joueur;2;triplé de 2001
ROBINET;Robinet;7;actuels;Troisième buteur de Ligue 2 en 2025-2026;factuel;3;podium des artilleurs
ROBINET;Robinet;7;actuels;Buteur du deuxième échelon français;factuel;3;saison 2025-2026
ROBINET;Robinet;7;actuels;Sept lettres qui font aussi couler l'eau;joueur;1;homonymie
ROBINHO;Robinho;7;legendes;Attaquant brésilien roi de la pédale;factuel;1;geste signature
ROBINHO;Robinho;7;legendes;Il a joué à Santos, au Real puis à City;factuel;2;carrière du joueur
ROBINHO;Robinho;7;legendes;Sept lettres qui enchaînaient les feintes de corps;joueur;1;style du dribbleur
RODRYGO;Rodrygo;7;actuels;Principal absent brésilien du Mondial 2026;factuel;2;indisponible pour le tournoi
RODRYGO;Rodrygo;7;actuels;Ailier écarté du groupe pour raisons physiques;factuel;2;forfait avant la liste
RODRYGO;Rodrygo;7;actuels;Sept lettres restées à Madrid;joueur;2;absence du Mondial
ROMARIO;Romario;7;legendes;Ballon d'Or brésilien champion du monde en 1994;factuel;2;titre américain
ROMARIO;Romario;7;legendes;Il ne courait presque jamais mais marquait toujours;factuel;2;style du buteur
ROMARIO;Romario;7;legendes;Sept lettres devenues homme politique;joueur;2;reconversion
RONALDO;Ronaldo;7;actuels;Portugais éliminé par la Roja en 2026;factuel;2;huitième de finale perdu
RONALDO;Ronaldo;7;actuels;Il figurait parmi les vedettes annoncées du Mondial;factuel;1;affiche du tournoi
RONALDO;Ronaldo;7;actuels;Sept lettres pour un buteur de légende;joueur;1;statut du joueur
ROUTINE;routine;7;fillfoot;Enchaînement immuable de la semaine type;factuel;1;organisation du club
ROUTINE;routine;7;fillfoot;Elle installe une équipe, puis elle l'endort;joueur;2;risque de l'habitude
RUDIGER;Rüdiger;7;actuels;Défenseur central allemand évoluant à Madrid;factuel;2;club espagnol
RUDIGER;Rüdiger;7;actuels;Il forme l'une des charnières les plus solides;factuel;2;duo axial allemand
RUDIGER;Rüdiger;7;actuels;Sept lettres et un tréma perdu en grille;joueur;2;orthographe allemande
SAFONOV;Safonov;7;actuels;Gardien parisien écarté des nominations UNFP;factuel;3;quinze matchs non atteints
SAFONOV;Safonov;7;actuels;Portier russe du Paris Saint-Germain;factuel;2;club de la capitale
SAFONOV;Safonov;7;actuels;Sept lettres qui n'ont pas assez joué;joueur;2;temps de jeu insuffisant
SAITAMA;Saitama;7;stades;Plus grande enceinte de football du Japon;factuel;3;banlieue de Tokyo
SAITAMA;Saitama;7;stades;Elle a reçu des matchs du Mondial 2002;factuel;3;coorganisation asiatique
SAITAMA;Saitama;7;stades;Sept lettres au public très bruyant;joueur;3;ambiance du lieu
SALERNE;Salerne;7;clubs;Club campanien passé par la Serie A;factuel;3;championnat italien
SALERNE;Salerne;7;clubs;Sa ville borde un golfe au sud de Naples;factuel;3;géographie
SALERNE;Salerne;7;clubs;Sept lettres grenat de Campanie;joueur;3;couleur du maillot
SALGADO;Salgado;7;legendes;Latéral droit espagnol des Galactiques;factuel;3;Real des années 2000
SALGADO;Salgado;7;legendes;Il a gagné deux Ligues des champions;factuel;3;palmarès du joueur
SALGADO;Salgado;7;legendes;Sept lettres qui défendaient pour les stars;joueur;3;rôle dans l'équipe
SANCHES;Sanches;7;actuels;Milieu revenu de prêt du Panathinaïkos;factuel;3;mercato de 2026
SANCHES;Sanches;7;actuels;Portugais au parcours européen contrarié;factuel;2;carrière du joueur
SANCHES;Sanches;7;actuels;Sept lettres de retour en Ligue 1;joueur;2;fin de prêt
SANCHEZ;Sanchez;7;legendes;Ailier chilien passé par Arsenal et United;factuel;2;carrière anglaise
SANCHEZ;Sanchez;7;legendes;Il a été deux fois vainqueur de la Copa América;factuel;3;titres continentaux
SANCHEZ;Sanchez;7;legendes;Sept lettres surnommées le Petit Enfant Merveille;joueur;3;surnom du joueur
SANGARE;Sangaré;7;actuels;Milieu malien passé du PSV à Nottingham;factuel;3;transfert de 2023
SANGARE;Sangaré;7;actuels;Il protège la défense de son équipe;factuel;3;poste de sentinelle
SANGARE;Sangaré;7;actuels;Sept lettres au gabarit imposant;joueur;3;profil du milieu
SANSIRO;San Siro;7;stades;Stade partagé par deux clubs rivaux;factuel;1;Milan et Inter
SANSIRO;San Siro;7;stades;Ses rampes en spirale sont célèbres;factuel;2;architecture du lieu
SANSIRO;San Siro;7;stades;Sept lettres qui accueillent le derby lombard;joueur;1;rivalité milanaise
SANTINI;Santini;7;coachs;Sélectionneur des Bleus à l'Euro 2004;factuel;2;banc tricolore
SANTINI;Santini;7;coachs;Il avait gagné la Coupe de France avec Lyon;factuel;2;titre du club
SANTINI;Santini;7;coachs;Sept lettres passées ensuite à Tottenham;joueur;2;carrière du coach
SAVINHO;Savinho;7;actuels;Ailier brésilien de Manchester City;factuel;3;carrière anglaise
SAVINHO;Savinho;7;actuels;Il avait brillé à Gérone en Liga;factuel;3;saison précédente
SAVINHO;Savinho;7;actuels;Sept lettres au diminutif très brésilien;joueur;2;forme du surnom
SAVIOLA;Saviola;7;legendes;Attaquant argentin surnommé le Lapin;factuel;3;surnom du buteur
SAVIOLA;Saviola;7;legendes;Il a joué à River, au Barça et au Real;factuel;3;carrière du joueur
SAVIOLA;Saviola;7;legendes;Sept lettres au tout petit gabarit;joueur;2;silhouette du joueur
SCALONI;Scaloni;7;coachs;Sélectionneur argentin champion du monde en 2022;factuel;1;titre au Qatar
SCALONI;Scaloni;7;coachs;Il n'avait presque aucune expérience à sa nomination;factuel;2;pari de la fédération
SCALONI;Scaloni;7;coachs;Sept lettres au calme impressionnant;joueur;2;image du technicien
SCHALKE;Schalke;7;clubs;Club de Gelsenkirchen au cœur de la Ruhr;factuel;2;implantation
SCHALKE;Schalke;7;clubs;Son derby contre Dortmund est le plus chaud du pays;factuel;2;rivalité régionale
SCHALKE;Schalke;7;clubs;Sept lettres bleu roi au passé minier;joueur;2;histoire du club
SCHOLES;Scholes;7;legendes;Milieu anglais aux passes longues millimétrées;factuel;2;réputation du joueur
SCHOLES;Scholes;7;legendes;Il a passé toute sa carrière à Manchester United;factuel;1;fidélité au club
SCHOLES;Scholes;7;legendes;Sept lettres rousses au milieu du terrain;joueur;2;silhouette du joueur
SCOLARI;Scolari;7;coachs;Sélectionneur brésilien champion du monde en 2002;factuel;1;titre asiatique
SCOLARI;Scolari;7;coachs;Il était aussi sur le banc du sept à un;factuel;2;demi-finale de 2014
SCOLARI;Scolari;7;coachs;Sept lettres surnommées Felipão;joueur;2;surnom du technicien
SEATTLE;Seattle;7;clubs;Club américain aux affluences record en MLS;factuel;3;public du championnat
SEATTLE;Seattle;7;clubs;La Belgique y a éliminé les États-Unis en 2026;factuel;2;huitième de finale
SEATTLE;Seattle;7;clubs;Sept lettres vertes du Pacifique Nord-Ouest;joueur;3;couleur du maillot
SECTION;section;7;culture;Antenne locale d'un club de supporters;factuel;2;organisation associative
SECTION;section;7;culture;Elle affrète les cars pour les déplacements;factuel;2;rôle du groupe
SECTION;section;7;culture;Sept lettres qui existent dans toute la France;joueur;2;maillage territorial
SEEDORF;Seedorf;7;legendes;Seul joueur sacré en C1 avec trois clubs différents;factuel;2;Ajax, Real et Milan
SEEDORF;Seedorf;7;legendes;Milieu néerlandais aux quatre Coupes d'Europe;factuel;2;palmarès du joueur
SEEDORF;Seedorf;7;legendes;Sept lettres à la frappe de mule;joueur;2;réputation du milieu
SELECAO;Seleção;7;selections;Nom donné à la sélection brésilienne;factuel;1;terme portugais
SELECAO;Seleção;7;selections;Elle a été éliminée en huitièmes en 2026;factuel;2;pire résultat depuis 1990
SELECAO;Seleção;7;selections;Sept lettres qui signifient sélection;joueur;1;traduction
SEMELLE;semelle;7;vocab;Crampons présentés sur l'adversaire;factuel;2;faute grave
SEMELLE;semelle;7;vocab;Elle mène droit aux vestiaires;joueur;2;expulsion directe
SEMENYO;Semenyo;7;actuels;Troisième buteur de Premier League en 2025-2026;factuel;2;dix-sept réalisations
SEMENYO;Semenyo;7;actuels;Ailier ghanéen du championnat anglais;factuel;3;profil du joueur
SEMENYO;Semenyo;7;actuels;Sept lettres sur le podium anglais;joueur;2;classement de la saison
SENEGAL;Sénégal;7;selections;Vainqueur de la Coupe d'Afrique 2025;factuel;2;titre conquis au Maroc
SENEGAL;Sénégal;7;selections;Il affrontait la France au premier tour en 2026;factuel;1;groupe I
SENEGAL;Sénégal;7;selections;Sept lettres surnommées les Lions de la Teranga;joueur;1;surnom du pays
SEVILLE;Séville;7;clubs;Ville andalouse à deux clubs rivaux;factuel;1;derby local
SEVILLE;Séville;7;clubs;Son grand club détient le record de Ligue Europa;factuel;2;palmarès continental
SEVILLE;Séville;7;clubs;Sept lettres au bord du Guadalquivir;joueur;2;géographie
SHAKIRA;Shakira;7;culture;Chanteuse colombienne de l'hymne du Mondial 2010;factuel;1;édition sud-africaine
SHAKIRA;Shakira;7;culture;Elle a chanté lors de la cérémonie de clôture;factuel;2;finale de Johannesburg
SHAKIRA;Shakira;7;culture;Sept lettres liées un temps à un défenseur du Barça;joueur;2;vie médiatique
SHEARER;Shearer;7;legendes;Meilleur buteur de l'histoire de la Premier League;factuel;1;deux cent soixante buts
SHEARER;Shearer;7;legendes;Il célébrait toujours le bras levé;factuel;2;geste reconnaissable
SHEARER;Shearer;7;legendes;Sept lettres fidèles à leur club du nord-est;joueur;2;attachement à Newcastle
SIFFLER;siffler;7;vocab;Ce que fait l'arbitre pour interrompre;factuel;1;usage du sifflet
SIFFLER;siffler;7;vocab;Le public le fait pour d'autres raisons;joueur;1;réaction hostile
SIFFLET;sifflet;7;vocab;Il ouvre et ferme la rencontre;factuel;1;coup d'envoi et fin de match
SIFFLET;sifflet;7;vocab;Un souffle et vingt-deux joueurs obéissent;joueur;1;signal de l'homme en noir
SILENCE;silence;7;fillfoot;Il tombe sur l'enceinte après le but adverse;factuel;1;réaction du public
SILENCE;silence;7;fillfoot;Il est observé une minute avant certains coups d'envoi;factuel;1;hommage protocolaire
SILENCE;silence;7;fillfoot;Le pire bruit qu'un stade puisse produire;joueur;2;absence de soutien
SIMAKAN;Simakan;7;actuels;Défenseur français passé de Leipzig à l'Arabie;factuel;3;transfert de 2025
SIMAKAN;Simakan;7;actuels;Il avait été formé à Strasbourg;factuel;3;parcours du joueur
SIMAKAN;Simakan;7;actuels;Sept lettres très rapides sur l'homme;joueur;3;qualité du central
SIMEONE;Simeone;7;legendes;Milieu argentin devenu entraîneur de l'Atlético;factuel;1;double carrière
SIMEONE;Simeone;7;legendes;Il a disputé la Coupe du monde 1998 contre les Bleus;factuel;2;huitième de finale
SIMEONE;Simeone;7;legendes;Sept lettres toujours en costume au bord du terrain;joueur;1;image du technicien
SOCHAUX;Sochaux;7;clubs;Club fondé par un constructeur automobile;factuel;3;origine industrielle
SOCHAUX;Sochaux;7;clubs;Deux fois champion de France avant-guerre;factuel;3;palmarès historique
SOCHAUX;Sochaux;7;clubs;Sept lettres jaune et bleu du Doubs;joueur;3;couleurs du club
SOLANKE;Solanke;7;actuels;Attaquant anglais passé à Tottenham en 2024;factuel;3;transfert du joueur
SOLANKE;Solanke;7;actuels;Il avait brillé à Bournemouth;factuel;3;saison précédente
SOLANKE;Solanke;7;actuels;Sept lettres au jeu dos au but;joueur;3;profil du pivot
SOLOMON;Solomon;7;actuels;Ailier de Tottenham courtisé à l'été 2026;factuel;3;intérêt de West Ham
SOLOMON;Solomon;7;actuels;Attaquant du championnat anglais;factuel;3;profil du joueur
SOLOMON;Solomon;7;actuels;Sept lettres qui évoquent un roi biblique;joueur;1;homonymie
SOMBATH;Sombath;7;feminin;Jeune milieu française internationale;factuel;3;espoir des Bleues
SOMBATH;Sombath;7;feminin;Elle a été formée à Lyon;factuel;3;produit du club
SOMBATH;Sombath;7;feminin;Sept lettres au pied très juste;joueur;3;qualité de passe
SOUFFLE;souffle;7;fillfoot;Capacité qui manque après une heure de jeu;factuel;1;endurance
SOUFFLE;souffle;7;fillfoot;Court, il trahit une préparation ratée;joueur;1;défaut de condition
SOULIER;Soulier;7;competitions;Trophée du meilleur buteur d'une compétition;factuel;1;distinction individuelle
SOULIER;Soulier;7;competitions;Mbappé a décroché le sien deux fois de suite;factuel;2;2022 et 2026
SOULIER;Soulier;7;competitions;Sept lettres qui désignent aussi une chaussure;joueur;1;homonymie
SPEAKER;speaker;7;culture;Voix qui annonce les compositions dans l'enceinte;factuel;1;protocole d'avant-match
SPEAKER;speaker;7;culture;Il crie le prénom, le public répond le nom;factuel;1;rituel des stades
SPEAKER;speaker;7;culture;Sept lettres qui chauffent la salle avant l'entrée;joueur;1;rôle de l'animateur
SPORTIF;sportif;7;clubs;Adjectif présent dans bien des sigles de clubs;factuel;2;association sportive
SPORTIF;sportif;7;clubs;Il précède parfois Bastia dans un nom complet;factuel;3;dénomination du club corse
SPORTIF;sportif;7;clubs;Sept lettres devant club dans un nom lisboète;joueur;2;dénomination portugaise
SPOTIFY;Spotify;7;stades;Marque accolée au nom du stade catalan;factuel;2;sponsor du Camp Nou
SPOTIFY;Spotify;7;stades;C'est une plateforme de musique en ligne;factuel;1;activité de l'entreprise
SPOTIFY;Spotify;7;stades;Sept lettres qui ont fait grincer les puristes;joueur;2;polémique du renommage
SQUADRA;Squadra;7;selections;Il précède Azzurra dans un surnom italien;factuel;1;dénomination consacrée
SQUADRA;Squadra;7;selections;Le mot signifie équipe en italien;factuel;1;traduction
SQUADRA;Squadra;7;selections;Sept lettres quatre fois championnes du monde;joueur;1;palmarès italien
STADIER;stadier;7;vocab;Agent chargé de l'accueil dans l'enceinte;factuel;2;personnel du stade
STADIER;stadier;7;vocab;Il regarde les tribunes, jamais la pelouse;joueur;1;position de service
STADION;stadion;7;stades;Mot allemand présent dans les noms d'enceintes;factuel;2;dénomination germanique
STADION;stadion;7;stades;Il suit Olympia dans un nom berlinois;factuel;2;stade allemand
STADION;stadion;7;stades;Sept lettres à la finale en N;joueur;2;particularité du mot
STADIUM;stadium;7;stades;Mot anglais présent dans bien des noms modernes;factuel;1;dénomination courante
STADIUM;stadium;7;stades;Celui de Londres a été bâti pour les Jeux;factuel;2;héritage olympique
STADIUM;stadium;7;stades;Sept lettres empruntées à l'anglais;joueur;1;anglicisme
STANWAY;Stanway;7;feminin;Milieu anglaise passée par le Bayern;factuel;3;carrière allemande
STANWAY;Stanway;7;feminin;Elle a marqué un but décisif à l'Euro 2022;factuel;3;quart de finale
STANWAY;Stanway;7;feminin;Sept lettres à la frappe de loin redoutée;joueur;2;spécialité de la joueuse
STICKER;sticker;7;culture;Autocollant aux couleurs d'un groupe de supporters;factuel;2;marquage urbain
STICKER;sticker;7;culture;On en trouve collés sur tous les panneaux;factuel;2;pratique des groupes
STICKER;sticker;7;culture;Sept lettres qui remplacent le mot autocollant;joueur;1;anglicisme courant
STILLER;Stiller;7;actuels;Milieu allemand fourni par Stuttgart;factuel;2;quatre joueurs du club
STILLER;Stiller;7;actuels;Retenu par Nagelsmann pour le Mondial;factuel;1;liste de mai
STILLER;Stiller;7;actuels;Sept lettres qui signifient plus calme en allemand;joueur;2;homonymie
SURFACE;surface;7;vocab;Rectangle de 16,50 m devant la cage;factuel;2;dimension réglementaire
SURFACE;surface;7;vocab;Y faire faute coûte onze mètres;joueur;1;penalty concédé
SWANSEA;Swansea;7;clubs;Club gallois passé par la Premier League;factuel;3;championnat anglais
SWANSEA;Swansea;7;clubs;Il joue dans le championnat du pays voisin;factuel;2;particularité galloise
SWANSEA;Swansea;7;clubs;Sept lettres blanches au bord de la mer;joueur;3;couleurs du club
SWANSON;Swanson;7;feminin;Attaquante américaine championne olympique;factuel;3;titre de 2024
SWANSON;Swanson;7;feminin;Elle joue en NWSL;factuel;3;championnat américain
SWANSON;Swanson;7;feminin;Sept lettres très rapides dans la profondeur;joueur;3;style de l'attaquante
SYMBOLE;symbole;7;feminin;Ce que devient une joueuse pour toute une génération;factuel;1;portée d'une carrière
SYMBOLE;symbole;7;feminin;Une image de finale peut en créer un;factuel;1;force de la photo
SYMBOLE;symbole;7;feminin;Sept lettres qui dépassent le terrain;joueur;1;résonance sociale
SYSTEME;système;7;vocab;Dispositif chiffré adopté par l'équipe;factuel;1;organisation tactique
SYSTEME;système;7;vocab;En changer à la pause sauve parfois tout;joueur;1;ajustement tactique
TABLEAU;tableau;7;competitions;Arbre de la phase à élimination directe;factuel;1;structure du tournoi
TABLEAU;tableau;7;competitions;Le tirage détermine sa moitié;factuel;2;répartition des équipes
TABLEAU;tableau;7;competitions;Sept lettres qu'on épluche dès le tirage;joueur;1;analyse du parcours
TAMBOUR;tambour;7;fillfoot;Instrument qui donne le rythme au virage;factuel;1;animation des tribunes
TAMBOUR;tambour;7;fillfoot;Il bat sans s'arrêter, même à zéro-trois;joueur;1;soutien inconditionnel
TARDINI;Tardini;7;stades;Enceinte émilienne du club jaune et bleu;factuel;3;Parme
TARDINI;Tardini;7;stades;Buffon y a débuté sa carrière;factuel;3;premiers pas du gardien
TARDINI;Tardini;7;stades;Sept lettres dans la ville du jambon;joueur;2;spécialité locale
TERANGA;Teranga;7;selections;Elle suit Lions de la dans le surnom sénégalais;factuel;2;hospitalité en wolof
TERANGA;Teranga;7;selections;La sélection a gagné la CAN 2025;factuel;2;titre conquis au Maroc
TERANGA;Teranga;7;selections;Sept lettres qui signifient hospitalité;joueur;2;traduction
TERRAIN;terrain;7;vocab;Entre 100 et 110 mètres en compétition;factuel;2;dimensions internationales
TERRAIN;terrain;7;vocab;On y entre en file indienne;joueur;1;entrée des équipes
TERRAIN;terrain;7;vocab;Gras, il change complètement le jeu;joueur;2;pelouse détrempée
TERRIER;Terrier;7;actuels;Attaquant français passé de Rennes à Bayer;factuel;3;carrière du joueur
TERRIER;Terrier;7;actuels;Il avait été meilleur buteur français de Ligue 1;factuel;3;saison 2021-2022
TERRIER;Terrier;7;actuels;Sept lettres qui désignent aussi un chien;joueur;1;homonymie
THAUVIN;Thauvin;7;legendes;Ailier français élu meilleur joueur de Ligue 1;factuel;3;saison 2017-2018
THAUVIN;Thauvin;7;legendes;Il a été champion du monde en 2018;factuel;2;titre en Russie
THAUVIN;Thauvin;7;legendes;Sept lettres qui repiquaient depuis la droite;joueur;2;style de l'ailier
THEATRE;théâtre;7;stades;Il précède des rêves dans un surnom anglais;factuel;1;Old Trafford
THEATRE;théâtre;7;stades;Le surnom vient d'une phrase de Bobby Charlton;factuel;3;origine de l'expression
THEATRE;théâtre;7;stades;Sept lettres où se joue chaque week-end une pièce;joueur;1;image du match
THERMOS;thermos;7;fillfoot;Il garde le café chaud jusqu'à la pause;factuel;1;accessoire du spectateur
THERMOS;thermos;7;fillfoot;Compagnon obligatoire des rencontres de janvier;joueur;1;habitude du fidèle
TOFFEES;Toffees;7;clubs;Surnom des joueurs du second club de Liverpool;factuel;2;Everton
TOFFEES;Toffees;7;clubs;Il vient d'une confiserie locale;factuel;3;origine du surnom
TOFFEES;Toffees;7;clubs;Sept lettres bleu roi du Merseyside;joueur;2;couleurs du club
TOITURE;toiture;7;stades;Elle abrite les tribunes de la pluie;factuel;1;élément du stade
TOITURE;toiture;7;stades;Certaines sont rétractables sur les stades modernes;factuel;2;innovation récente
TOITURE;toiture;7;stades;Sept lettres qui amplifient le bruit du public;joueur;2;effet acoustique
TOLETTI;Toletti;7;feminin;Milieu française internationale;factuel;2;entrejeu des Bleues
TOLETTI;Toletti;7;feminin;Elle est passée de Montpellier à Lyon;factuel;3;carrière de la joueuse
TOLETTI;Toletti;7;feminin;Sept lettres au pied très juste;joueur;2;qualité de passe
TOLISSO;Tolisso;7;legendes;Milieu français champion du monde en 2018;factuel;2;titre en Russie
TOLISSO;Tolisso;7;legendes;Il a joué à Lyon puis au Bayern;factuel;2;carrière du joueur
TOLISSO;Tolisso;7;legendes;Sept lettres qui montaient bien dans la surface;joueur;3;profil du milieu
TORCIDA;torcida;7;culture;Nom brésilien des groupes de supporters;factuel;2;terme lusophone
TORCIDA;torcida;7;culture;Un club croate a repris ce nom pour ses ultras;factuel;3;emprunt à Split
TORCIDA;torcida;7;culture;Sept lettres qui chantent en samba;joueur;2;ambiance brésilienne
TORONTO;Toronto;7;clubs;Club canadien vainqueur de la MLS en 2017;factuel;3;titre nord-américain
TORONTO;Toronto;7;clubs;Sa ville est la plus peuplée du Canada;factuel;1;géographie
TORONTO;Toronto;7;clubs;Sept lettres rouges de l'Ontario;joueur;3;couleur du maillot
TOUCHER;toucher;7;vocab;Qualité du contact avec le ballon;factuel;1;finesse technique
TOUCHER;toucher;7;vocab;De balle, il se voit au premier contrôle;joueur;1;élégance technique
TOURNOI;tournoi;7;competitions;Compétition disputée sur une période courte;factuel;1;format ramassé
TOURNOI;tournoi;7;competitions;Celui de 2026 a duré près de six semaines;factuel;2;durée du Mondial
TOURNOI;tournoi;7;competitions;Sept lettres héritées du Moyen Âge;joueur;1;étymologie
TRACAGE;traçage;7;stades;Dessin des lignes blanches avant le match;factuel;1;préparation du terrain
TRACAGE;traçage;7;stades;Il se refait avant chaque rencontre;factuel;1;entretien régulier
TRACAGE;traçage;7;stades;Sept lettres passées en bleu quand il neige;joueur;2;adaptation hivernale
TRESSES;tresses;7;feminin;Coiffure très répandue sur les terrains;factuel;1;style des joueuses
TRESSES;tresses;7;feminin;Elles tiennent mieux qu'un simple élastique;factuel;1;avantage pratique
TRESSES;tresses;7;feminin;Sept lettres qui demandent des heures de travail;joueur;1;entretien de la coiffure
TRIBUNE;tribune;7;vocab;Gradin d'où le public regarde la rencontre;factuel;1;partie de l'enceinte
TRIBUNE;tribune;7;vocab;Le suspendu y purge sa peine;joueur;1;joueur écarté du terrain
TRIDENT;trident;7;vocab;Trio offensif d'une même équipe;factuel;2;dispositif à trois attaquants
TRIDENT;trident;7;vocab;Le plus célèbre a régné à Barcelone;joueur;3;Messi Suárez Neymar
TRINCAO;Trincão;7;actuels;Ailier portugais évoluant au Sporting;factuel;2;club lisboète
TRINCAO;Trincão;7;actuels;Retenu pour la Coupe du monde 2026;factuel;1;liste de Martínez
TRINCAO;Trincão;7;actuels;Sept lettres avec un tilde en grille perdu;joueur;2;orthographe du nom
TRIVELA;trivela;7;vocab;Frappe donnée de l'extérieur du pied;factuel;3;geste enroulé
TRIVELA;trivela;7;vocab;Quaresma en avait fait sa spécialité;joueur;3;ailier portugais
TROPHEE;trophée;7;competitions;Objet remis au vainqueur;factuel;1;récompense
TROPHEE;trophée;7;competitions;Celui des champions ouvre la saison française;factuel;2;match de rentrée
TROPHEE;trophée;7;competitions;Sept lettres qu'on soulève à bout de bras;joueur;1;geste du sacre
TUNISIE;Tunisie;7;selections;Vainqueur de la Coupe d'Afrique en 2004;factuel;3;titre à domicile
TUNISIE;Tunisie;7;selections;Elle est surnommée les Aigles de Carthage;factuel;2;surnom du pays
TUNISIE;Tunisie;7;selections;Sept lettres en rouge et blanc;joueur;1;couleurs nationales
TURQUIE;Turquie;7;selections;Troisième du Mondial 2002;factuel;3;meilleur résultat du pays
TURQUIE;Turquie;7;selections;Son drapeau porte un croissant et une étoile;factuel;1;emblème national
TURQUIE;Turquie;7;selections;Sept lettres à cheval sur deux continents;joueur;1;géographie
UKRAINE;Ukraine;7;selections;Sélection d'un Ballon d'Or de 2004;factuel;2;Shevchenko
UKRAINE;Ukraine;7;selections;Elle a atteint les quarts du Mondial 2006;factuel;3;parcours du pays
UKRAINE;Ukraine;7;selections;Sept lettres jaune et bleu;joueur;1;couleurs nationales
URUGUAY;Uruguay;7;selections;Vainqueur du tout premier Mondial;factuel;1;édition de 1930
URUGUAY;Uruguay;7;selections;Il a aussi gagné en 1950 au Maracanã;factuel;2;drame brésilien
URUGUAY;Uruguay;7;selections;Sept lettres surnommées la Celeste;joueur;2;surnom du pays
UTRECHT;Utrecht;7;clubs;Club néerlandais du centre du pays;factuel;3;championnat batave
UTRECHT;Utrecht;7;clubs;Sa ville abrite la plus haute tour du pays;factuel;3;patrimoine local
UTRECHT;Utrecht;7;clubs;Sept lettres rouge et blanc;joueur;3;couleurs du club
VACARME;vacarme;7;culture;Bruit assourdissant d'une enceinte pleine;factuel;1;ambiance du stade
VACARME;vacarme;7;culture;Il couvre la voix du speaker;factuel;1;puissance du public
VACARME;vacarme;7;culture;Sept lettres qui empêchent de s'entendre penser;joueur;1;effet sur les joueurs
VALENCE;Valence;7;clubs;Club espagnol dont Gayà est le capitaine;factuel;3;brassard du club
VALENCE;Valence;7;clubs;Il a disputé deux finales de C1 consécutives;factuel;3;2000 et 2001
VALENCE;Valence;7;clubs;Sept lettres qui nomment aussi une ville drômoise;joueur;1;homonymie
VANDIJK;Van Dijk;7;legendes;Défenseur néerlandais deuxième du Ballon d'Or 2019;factuel;1;derrière Messi
VANDIJK;Van Dijk;7;legendes;Il a transformé la défense de Liverpool;factuel;1;arrivée décisive
VANDIJK;Van Dijk;7;legendes;Sept lettres que les attaquants ne dribblent jamais;joueur;1;réputation du central
VANGAAL;Van Gaal;7;coachs;Technicien néerlandais du football total moderne;factuel;2;école batave
VANGAAL;Van Gaal;7;coachs;Il a gagné la C1 avec l'Ajax en 1995;factuel;2;titre continental
VANGAAL;Van Gaal;7;coachs;Sept lettres qui ne mâchaient jamais leurs mots;joueur;2;franc-parler du coach
VELTINS;Veltins;7;stades;Enceinte de la Ruhr à la pelouse amovible;factuel;3;Schalke
VELTINS;Veltins;7;stades;Le terrain sort du stade entre deux matchs;factuel;3;innovation technique
VELTINS;Veltins;7;stades;Sept lettres qui portent le nom d'une brasserie;joueur;2;sponsor du stade
VERGLAS;verglas;7;culture;Il rend la pelouse impraticable en hiver;factuel;1;condition du terrain
VERGLAS;verglas;7;culture;L'arbitre teste le sol avant de décider;factuel;2;contrôle d'avant-match
VERGLAS;verglas;7;culture;Sept lettres qui font reporter la journée;joueur;1;conséquence du gel
VICARIO;Vicario;7;actuels;Gardien italien de Tottenham;factuel;3;portier des Spurs
VICARIO;Vicario;7;actuels;Il est arrivé d'Empoli en 2023;factuel;3;transfert du joueur
VICARIO;Vicario;7;actuels;Sept lettres qui relancent au sol;joueur;3;style du gardien
VICENCE;Vicence;7;clubs;Club vénète vice-champion d'Italie en 1978;factuel;3;meilleur classement
VICENCE;Vicence;7;clubs;Sa ville est célèbre pour l'architecte Palladio;factuel;3;patrimoine local
VICENCE;Vicence;7;clubs;Sept lettres rouge et blanc de Vénétie;joueur;3;couleurs du club
VICENTE;Vicente;7;stades;Il précède Calderón dans le nom d'un ancien stade;factuel;3;Atlético Madrid
VICENTE;Vicente;7;stades;L'enceinte a été démolie après 2017;factuel;3;déménagement du club
VICENTE;Vicente;7;stades;Sept lettres qui honoraient un ancien président;joueur;3;origine du nom
VIGNAUD;Vignaud;7;actuels;Gardien parisien de dix-huit ans;factuel;3;effectif 2026-2027
VIGNAUD;Vignaud;7;actuels;Portier français du groupe du PSG;factuel;3;liste de la saison
VIGNAUD;Vignaud;7;actuels;Sept lettres devant la cage du Campus;joueur;2;produit de la formation
VIKINGS;Vikings;7;selections;Surnom donné aux sélections scandinaves;factuel;2;imaginaire nordique
VIKINGS;Vikings;7;selections;Les Islandais ont popularisé leur clapping;factuel;1;Euro 2016
VIKINGS;Vikings;7;selections;Sept lettres venues des sagas du Nord;joueur;1;étymologie
VITESSE;Vitesse;7;clubs;Club néerlandais d'Arnhem;factuel;3;championnat batave
VITESSE;Vitesse;7;clubs;Il a gagné la Coupe des Pays-Bas en 2017;factuel;3;titre national
VITESSE;Vitesse;7;clubs;Sept lettres qui désignent aussi une allure;joueur;1;homonymie
VITINHA;Vitinha;7;actuels;Milieu portugais évoluant à Paris;factuel;2;club français
VITINHA;Vitinha;7;actuels;Sept lettres pour un diminutif portugais;factuel;2;forme du nom
VITINHA;Vitinha;7;actuels;Il fait partie des quatre Parisiens de la liste;joueur;2;contingent du PSG
VITORIA;Vitória;7;clubs;Club portugais de la ville de Guimarães;factuel;3;championnat lusitanien
VITORIA;Vitória;7;clubs;Son nom signifie victoire en portugais;factuel;2;traduction
VITORIA;Vitória;7;clubs;Sept lettres blanc et noir du Minho;joueur;3;couleurs du club
VITRINE;vitrine;7;fillfoot;Celle du club expose les trophées;factuel;1;salle des coupes
VITRINE;vitrine;7;fillfoot;Vide, elle en dit long sur le palmarès;joueur;1;absence de titres
VOISINS;voisins;7;fillfoot;Le derby les oppose deux fois par an;factuel;1;rivalité géographique
VOISINS;voisins;7;fillfoot;On les entend crier quand ils marquent;joueur;1;expérience du supporter
WATFORD;Watford;7;clubs;Club anglais du Hertfordshire;factuel;3;championnat anglais
WATFORD;Watford;7;clubs;Elton John en a longtemps été le président;factuel;2;dirigeant célèbre
WATFORD;Watford;7;clubs;Sept lettres jaune et noir;joueur;3;couleurs du club
WATKINS;Watkins;7;actuels;Attaquant anglais d'Aston Villa;factuel;2;buteur des Villans
WATKINS;Watkins;7;actuels;Son but a envoyé l'Angleterre en finale de l'Euro 2024;factuel;1;demi-finale contre les Pays-Bas
WATKINS;Watkins;7;actuels;Sept lettres entrées en jeu pour tout changer;joueur;1;remplaçant décisif
WEMBLEY;Wembley;7;stades;Stade londonien à l'arche blanche;factuel;1;architecture reconnaissable
WEMBLEY;Wembley;7;stades;L'Angleterre y a gagné son seul Mondial;factuel;1;finale de 1966
WEMBLEY;Wembley;7;stades;Sept lettres qui accueillent aussi des concerts;joueur;1;usage polyvalent
WESTHAM;West Ham;7;clubs;Club londonien relégué en 2026;factuel;2;dix-huitième place
WESTHAM;West Ham;7;clubs;Il a vendu Summerville en Arabie pour 77 millions;factuel;3;mercato de juillet
WESTHAM;West Ham;7;clubs;Sept lettres bordeaux et bleu ciel;joueur;2;couleurs du club
WIEGMAN;Wiegman;7;feminin;Sélectionneuse néerlandaise championne d'Europe;factuel;1;titre avec l'Angleterre
WIEGMAN;Wiegman;7;feminin;Elle a atteint quatre finales de rang;factuel;2;série remarquable
WIEGMAN;Wiegman;7;feminin;Sept lettres au calme impressionnant sur le banc;joueur;1;image de la technicienne
WILMOTS;Wilmots;7;coachs;Sélectionneur belge de la génération dorée;factuel;2;années 2010
WILMOTS;Wilmots;7;coachs;Il avait été buteur de la même sélection;factuel;2;joueur puis coach
WILMOTS;Wilmots;7;coachs;Sept lettres surnommées le Taureau de Dongelberg;joueur;2;surnom du joueur
WILTORD;Wiltord;7;legendes;Son égalisation a sauvé les Bleus en finale de l'Euro;factuel;1;2000 contre l'Italie
WILTORD;Wiltord;7;legendes;Il a marqué à la dernière seconde du temps additionnel;factuel;2;finale de Rotterdam
WILTORD;Wiltord;7;legendes;Sept lettres entrées en jeu pour tout changer;joueur;2;remplaçant décisif
WREXHAM;Wrexham;7;clubs;Club gallois racheté par deux acteurs américains;factuel;2;actionnaires célèbres
WREXHAM;Wrexham;7;clubs;Il joue dans le championnat anglais;factuel;2;particularité galloise
WREXHAM;Wrexham;7;clubs;Sept lettres rouges du nord du pays de Galles;joueur;3;couleur du maillot
YACHINE;Yachine;7;competitions;Trophée du meilleur gardien de l'année;factuel;2;distinction individuelle
YACHINE;Yachine;7;competitions;Il porte le nom du seul portier Ballon d'Or;factuel;2;légende soviétique
YACHINE;Yachine;7;competitions;Sept lettres décernées lors d'une cérémonie parisienne;joueur;3;gala du Ballon d'Or
YOUTUBE;YouTube;7;culture;Plateforme où revivent les buts d'il y a vingt ans;factuel;1;archives du football
YOUTUBE;YouTube;7;culture;Des clubs y ont créé leur propre chaîne;factuel;2;communication moderne
YOUTUBE;YouTube;7;culture;Sept lettres qui rendent les légendes immortelles;joueur;1;mémoire collective
ZAKARIA;Zakaria;7;actuels;Milieu suisse de Monaco;factuel;3;carrière en Ligue 1
ZAKARIA;Zakaria;7;actuels;Il est passé par la Juventus et Chelsea;factuel;3;parcours du joueur
ZAKARIA;Zakaria;7;actuels;Sept lettres au gabarit impressionnant;joueur;3;profil du milieu
ZAMALEK;Zamalek;7;clubs;Club cairote rival d'Al Ahly;factuel;3;derby du Caire
ZAMALEK;Zamalek;7;clubs;Il a remporté plusieurs Ligues des champions africaines;factuel;3;palmarès continental
ZAMALEK;Zamalek;7;clubs;Sept lettres blanches d'Égypte;joueur;3;couleur du maillot
ZANETTI;Zanetti;7;legendes;Capitaine argentin de l'Inter pendant vingt ans;factuel;2;fidélité au club
ZANETTI;Zanetti;7;legendes;Il a soulevé la C1 du triplé en 2010;factuel;2;titre continental
ZANETTI;Zanetti;7;legendes;Sept lettres qui n'ont presque jamais été blessées;joueur;2;longévité rare
ZAPPING;zapping;7;culture;Résumé qui enchaîne les meilleures images;factuel;1;format télévisé
ZAPPING;zapping;7;culture;Il condense une journée entière en dix minutes;factuel;2;montage rapide
ZAPPING;zapping;7;culture;Sept lettres qui viennent de la télécommande;joueur;1;origine du mot
ZELANDE;Zélande;7;selections;Elle suit Nouvelle dans le nom d'une sélection;factuel;2;Océanie
ZELANDE;Zélande;7;selections;Ses joueurs sont surnommés les All Whites;factuel;2;surnom du pays
ZELANDE;Zélande;7;selections;Sept lettres plus connues pour leur rugby;joueur;1;notoriété sportive
ZIRKZEE;Zirkzee;7;actuels;Attaquant néerlandais de Manchester United;factuel;3;carrière anglaise
ZIRKZEE;Zirkzee;7;actuels;Il a marqué dès son premier match en Premier League;factuel;3;début réussi
ZIRKZEE;Zirkzee;7;actuels;Sept lettres avec deux Z;joueur;2;particularité du nom
ABERDEEN;Aberdeen;8;clubs;Club écossais vainqueur de la Coupe des coupes en 1983;factuel;3;titre continental
ABERDEEN;Aberdeen;8;clubs;Alex Ferguson l'entraînait alors;factuel;2;début du technicien
ABERDEEN;Aberdeen;8;clubs;Huit lettres au bord de la mer du Nord;joueur;3;géographie
ADEBAYOR;Adebayor;8;legendes;Attaquant togolais passé par Arsenal et City;factuel;2;carrière anglaise
ADEBAYOR;Adebayor;8;legendes;Sa célébration devant ses anciens supporters est restée;factuel;3;derby londonien
ADEBAYOR;Adebayor;8;legendes;Huit lettres au gabarit de grand attaquant;joueur;2;profil du buteur
ADORANTE;Adorante;8;actuels;Deuxième buteur de Serie B en 2025-2026;factuel;3;dix-sept réalisations
ADORANTE;Adorante;8;actuels;Buteur du deuxième échelon transalpin;factuel;3;saison 2025-2026
ADORANTE;Adorante;8;actuels;Huit lettres à consonance très italienne;joueur;1;origine du nom
ADVOCAAT;Advocaat;8;coachs;Technicien néerlandais surnommé le Petit Général;factuel;2;surnom du coach
ADVOCAAT;Advocaat;8;coachs;Il a gagné la Coupe UEFA avec le Zénith;factuel;2;titre de 2008
ADVOCAAT;Advocaat;8;coachs;Huit lettres qui signifient avocat en néerlandais;joueur;2;traduction
ALVALADE;Alvalade;8;stades;Enceinte lisboète du club au lion;factuel;3;Sporting
ALVALADE;Alvalade;8;stades;Ses tribunes affichent une mosaïque colorée;factuel;3;architecture du lieu
ALVALADE;Alvalade;8;stades;Huit lettres où Ronaldo a été formé;joueur;2;centre du club
AMBIANCE;ambiance;8;vocab;Atmosphère créée par le public;factuel;1;climat du stade
AMBIANCE;ambiance;8;vocab;Un soir de coupe, elle vaut un joueur de plus;joueur;1;soutien des tribunes
AMERIQUE;Amérique;8;competitions;Continent hôte du Mondial 2026;factuel;1;trois pays organisateurs
AMERIQUE;Amérique;8;competitions;Sa Copa réunit les sélections du Sud;factuel;2;épreuve continentale
AMERIQUE;Amérique;8;competitions;Huit lettres divisées en deux confédérations;joueur;2;organisation du continent
ANDERSON;Anderson;8;actuels;Il a rejoint Manchester City contre 135 millions;factuel;2;mercato de l'été 2026
ANDERSON;Anderson;8;actuels;Deuxième transfert le plus cher de l'été 2026;factuel;1;classement des montants
ANDERSON;Anderson;8;actuels;Huit lettres et un patronyme très britannique;joueur;1;origine du nom
ANGELINO;Angeliño;8;actuels;Latéral gauche espagnol de la Roma;factuel;3;carrière italienne
ANGELINO;Angeliño;8;actuels;Il est passé par City et Leipzig;factuel;3;parcours du joueur
ANGELINO;Angeliño;8;actuels;Huit lettres au tout petit gabarit;joueur;3;silhouette du joueur
ANGOISSE;angoisse;8;culture;Sentiment des dernières minutes d'un match serré;factuel;1;tension du public
ANGOISSE;angoisse;8;culture;Elle monte quand l'arbitre annonce le temps ajouté;factuel;1;fin de rencontre
ANGOISSE;angoisse;8;culture;Huit lettres qui font regarder entre ses doigts;joueur;1;réaction du spectateur
ANGUISSA;Anguissa;8;actuels;Milieu camerounais de Naples;factuel;3;carrière italienne
ANGUISSA;Anguissa;8;actuels;Il est passé par Marseille et Fulham;factuel;3;parcours du joueur
ANGUISSA;Anguissa;8;actuels;Huit lettres au volume de course énorme;joueur;3;profil du milieu
ARBITRAL;arbitral;8;vocab;Relatif aux décisions de l'homme au sifflet;factuel;1;domaine des officiels
ARBITRAL;arbitral;8;vocab;Le corps qui l'est encaisse toutes les critiques;joueur;1;exposition des officiels
ARROSAGE;arrosage;8;stades;Opération qui accélère le jeu avant le coup d'envoi;factuel;1;entretien du terrain
ARROSAGE;arrosage;8;stades;Il se répète parfois à la mi-temps;factuel;2;pratique des clubs
ARROSAGE;arrosage;8;stades;Huit lettres qui rendent la pelouse glissante;joueur;1;effet sur le jeu
ASPRILLA;Asprilla;8;legendes;Attaquant colombien passé par Parme et Newcastle;factuel;3;carrière européenne
ASPRILLA;Asprilla;8;legendes;Son triplé contre le Barça est resté célèbre;factuel;3;Ligue des champions 1997
ASPRILLA;Asprilla;8;legendes;Huit lettres totalement imprévisibles;joueur;3;style du joueur
ASSIGNON;Assignon;8;actuels;Latéral droit français passé de Rennes à Burnley;factuel;3;transfert de 2025
ASSIGNON;Assignon;8;actuels;Il avait été formé en Bretagne;factuel;3;parcours du joueur
ASSIGNON;Assignon;8;actuels;Huit lettres très offensives;joueur;3;style du latéral
ATALANTA;Atalanta;8;clubs;Club de Bergame vainqueur de la Ligue Europa en 2024;factuel;2;titre continental
ATALANTA;Atalanta;8;clubs;Il est réputé pour son jeu très offensif;factuel;2;style de l'équipe
ATALANTA;Atalanta;8;clubs;Huit lettres noir et bleu de Lombardie;joueur;3;couleurs du club
ATHLETIC;Athletic;8;clubs;Mot qui précède Bilbao dans le nom d'un club;factuel;2;Pays basque
ATHLETIC;Athletic;8;clubs;Ce club ne recrute que des joueurs de sa région;factuel;2;politique historique
ATHLETIC;Athletic;8;clubs;Huit lettres jamais descendues en deuxième division;joueur;3;longévité dans l'élite
ATLETICO;Atlético;8;clubs;Club madrilène rouge et blanc;factuel;1;couleurs du maillot
ATLETICO;Atlético;8;clubs;Deux fois finaliste malheureux de la C1;factuel;2;2014 et 2016
ATLETICO;Atlético;8;clubs;Huit lettres réputées pour leur bloc défensif;joueur;2;style de jeu
AUCKLAND;Auckland;8;feminin;Ville du match d'ouverture du Mondial 2023;factuel;2;coorganisation océanienne
AUCKLAND;Auckland;8;feminin;La Nouvelle-Zélande y a créé la surprise;factuel;2;victoire inaugurale
AUCKLAND;Auckland;8;feminin;Huit lettres au bord du Pacifique;joueur;2;géographie
AUDIENCE;audience;8;culture;Nombre de téléspectateurs devant un match;factuel;1;mesure de la diffusion
AUDIENCE;audience;8;culture;Celle d'une finale bat tous les records;factuel;1;pic de la saison
AUDIENCE;audience;8;culture;Huit lettres qui fixent le prix des droits;joueur;2;logique économique
AUTRICHE;Autriche;8;selections;Éliminée par l'Espagne en seizièmes en 2026;factuel;3;trois à zéro
AUTRICHE;Autriche;8;selections;Son Wunderteam a marqué les années trente;factuel;3;équipe historique
AUTRICHE;Autriche;8;selections;Huit lettres qui jouent en rouge et blanc;joueur;2;couleurs nationales
AVANTAGE;avantage;8;vocab;L'arbitre laisse jouer malgré l'infraction;factuel;2;loi du jeu
AVANTAGE;avantage;8;vocab;Les deux bras tendus en avant le signalent;joueur;2;geste arbitral
BABYFOOT;baby-foot;8;culture;Jeu de table avec des joueurs sur des barres;factuel;1;jeu de café
BABYFOOT;baby-foot;8;culture;On y joue en un contre un ou en deux contre deux;factuel;1;règle du jeu
BABYFOOT;baby-foot;8;culture;Huit lettres présentes dans tous les vestiaires;joueur;1;équipement des clubs
BAKAYOKO;Bakayoko;8;actuels;Ailier belge passé du PSV à l'Atalanta;factuel;3;transfert de 2025
BAKAYOKO;Bakayoko;8;actuels;Un homonyme français a joué à Chelsea;factuel;3;milieu des années 2010
BAKAYOKO;Bakayoko;8;actuels;Huit lettres qui éliminent sur un appui;joueur;3;style du dribbleur
BALAIDOS;Balaídos;8;stades;Enceinte galicienne au bord de la ria;factuel;3;Celta Vigo
BALAIDOS;Balaídos;8;stades;Elle est réputée pour son vent et sa pluie;factuel;3;climat local
BALAIDOS;Balaídos;8;stades;Huit lettres bleu ciel;joueur;3;couleur du club
BANNIERE;bannière;8;fillfoot;Grande toile déployée par le virage;factuel;1;animation des tribunes
BANNIERE;bannière;8;fillfoot;Se ranger sous celle du club, c'est y croire;joueur;1;ralliement des supporters
BARBECUE;barbecue;8;culture;Il accompagne les tournois de fin de saison;factuel;1;tradition du club
BARBECUE;barbecue;8;culture;Les bénévoles s'en occupent dès le matin;factuel;1;organisation de la fête
BARBECUE;barbecue;8;culture;Huit lettres qui fument près du terrain annexe;joueur;1;image du dimanche
BARNSLEY;Barnsley;8;clubs;Club anglais du Yorkshire du Sud;factuel;3;championnat anglais
BARNSLEY;Barnsley;8;clubs;Il a gagné la Coupe d'Angleterre en 1912;factuel;3;unique titre majeur
BARNSLEY;Barnsley;8;clubs;Huit lettres rouges d'un ancien bassin minier;joueur;3;histoire locale
BARRIERE;barrière;8;feminin;Ce que franchissent les pionnières;factuel;1;obstacle symbolique
BARRIERE;barrière;8;feminin;Certaines sont tombées très récemment;factuel;1;évolution récente
BARRIERE;barrière;8;feminin;Huit lettres qui séparent aussi le public du terrain;joueur;1;double sens
BAYARENA;BayArena;8;stades;Enceinte du club invaincu champion en 2024;factuel;3;Leverkusen
BAYARENA;BayArena;8;stades;Un hôtel donne directement sur la pelouse;factuel;3;particularité du lieu
BAYARENA;BayArena;8;stades;Huit lettres liées à un laboratoire;joueur;3;origine du club
BEAUVAIS;Beauvais;8;clubs;Club picard finaliste de la Coupe en 1991;factuel;3;parcours du club
BEAUVAIS;Beauvais;8;clubs;Sa cathédrale a le chœur le plus haut du monde;factuel;3;patrimoine local
BEAUVAIS;Beauvais;8;clubs;Huit lettres rouge et blanc de l'Oise;joueur;3;couleurs du club
BEGRAOUI;Begraoui;8;actuels;Troisième buteur du championnat portugais;factuel;3;podium des artilleurs
BEGRAOUI;Begraoui;8;actuels;Attaquant du championnat du Portugal;factuel;3;saison 2025-2026
BEGRAOUI;Begraoui;8;actuels;Huit lettres sur le podium lusitanien;joueur;2;classement de la saison
BELGIQUE;Belgique;8;selections;Quart-de-finaliste du Mondial 2026;factuel;2;défaite contre l'Espagne
BELGIQUE;Belgique;8;selections;Un technicien français la dirigeait;factuel;2;Rudi Garcia
BELGIQUE;Belgique;8;selections;Huit lettres troisièmes du monde en 2018;joueur;1;meilleur résultat du pays
BENEVOLE;bénévole;8;culture;Celui qui fait tourner un club amateur;factuel;1;force vive du football
BENEVOLE;bénévole;8;culture;Il trace les lignes et lave les maillots;factuel;1;tâches quotidiennes
BENEVOLE;bénévole;8;culture;Huit lettres sans qui rien n'existerait le dimanche;joueur;1;rôle essentiel
BENJAMIN;benjamin;8;competitions;Catégorie des plus jeunes licenciés;factuel;2;classe d'âge
BENJAMIN;benjamin;8;competitions;Il désigne aussi le plus jeune d'un groupe;factuel;1;acception courante
BENJAMIN;benjamin;8;competitions;Huit lettres qui jouent sur un terrain réduit;joueur;2;format adapté
BENTAYEB;Bentayeb;8;actuels;Meilleur buteur de Ligue 2 en 2025-2026;factuel;2;dix-huit réalisations
BENTAYEB;Bentayeb;8;actuels;Attaquant titré au deuxième échelon français;factuel;3;saison 2025-2026
BENTAYEB;Bentayeb;8;actuels;Huit lettres sacrées dans l'antichambre;joueur;2;titre en deuxième division
BERBATOV;Berbatov;8;legendes;Attaquant bulgare aux contrôles soyeux;factuel;2;style du joueur
BERBATOV;Berbatov;8;legendes;Il a joué à Tottenham puis à United;factuel;2;carrière anglaise
BERBATOV;Berbatov;8;legendes;Huit lettres qui semblaient s'ennuyer sur le terrain;joueur;2;nonchalance apparente
BERGKAMP;Bergkamp;8;legendes;Attaquant néerlandais idole d'Arsenal;factuel;1;légende des Gunners
BERGKAMP;Bergkamp;8;legendes;Son contrôle contre l'Argentine en 1998 est culte;factuel;2;but en quart de finale
BERGKAMP;Bergkamp;8;legendes;Huit lettres qui refusaient de prendre l'avion;joueur;2;déplacements en train
BERNABEU;Bernabéu;8;stades;Enceinte du club le plus titré d'Europe;factuel;1;Real Madrid
BERNABEU;Bernabéu;8;stades;Il a offert une ovation à Ronaldinho en 2005;factuel;2;soirée restée célèbre
BERNABEU;Bernabéu;8;stades;Huit lettres au toit désormais rétractable;joueur;2;rénovation récente
BESIKTAS;Besiktas;8;clubs;Troisième grand club d'Istanbul;factuel;2;championnat turc
BESIKTAS;Besiktas;8;clubs;Son stade est réputé le plus bruyant du pays;factuel;3;ambiance de l'enceinte
BESIKTAS;Besiktas;8;clubs;Huit lettres noir et blanc;joueur;2;couleurs du club
BISSOUMA;Bissouma;8;actuels;Milieu malien de Tottenham;factuel;3;carrière anglaise
BISSOUMA;Bissouma;8;actuels;Il avait brillé à Brighton et à Lille;factuel;3;parcours du joueur
BISSOUMA;Bissouma;8;actuels;Huit lettres qui protègent la défense;joueur;3;poste du milieu
BOAVISTA;Boavista;8;clubs;Club de Porto champion du Portugal en 2001;factuel;3;titre surprise
BOAVISTA;Boavista;8;clubs;Il partage sa ville avec un club bien plus titré;factuel;3;rivalité locale
BOAVISTA;Boavista;8;clubs;Huit lettres au maillot en damier;joueur;3;tenue reconnaissable
BOLLAERT;Bollaert;8;stades;Enceinte artésienne réputée pour sa ferveur;factuel;1;Racing Club de Lens
BOLLAERT;Bollaert;8;stades;Elle recevra le Trophée des champions;factuel;3;décision de la LFP
BOLLAERT;Bollaert;8;stades;Huit lettres qui chantent avant le coup d'envoi;joueur;1;rituel du public
BONIFACE;Boniface;8;actuels;Attaquant nigérian de Leverkusen;factuel;3;buteur allemand
BONIFACE;Boniface;8;actuels;Il célèbre en pointant les tribunes;factuel;3;geste du joueur
BONIFACE;Boniface;8;actuels;Huit lettres qui sont aussi un prénom;joueur;1;homonymie
BORDEAUX;Bordeaux;8;clubs;Club girondin six fois champion de France;factuel;2;palmarès national
BORDEAUX;Bordeaux;8;clubs;Zidane y a joué avant de partir en Italie;factuel;2;parcours du meneur
BORDEAUX;Bordeaux;8;clubs;Huit lettres qui désignent aussi un vin;joueur;1;homonymie
BOTAFOGO;Botafogo;8;clubs;Club de Rio vainqueur de la Libertadores en 2024;factuel;3;titre continental
BOTAFOGO;Botafogo;8;clubs;Garrincha y a passé l'essentiel de sa carrière;factuel;2;idole du club
BOTAFOGO;Botafogo;8;clubs;Huit lettres à l'étoile solitaire sur le maillot;joueur;3;emblème du club
BOULETTE;boulette;8;culture;Erreur grossière qui coûte un but;factuel;1;terme familier
BOULETTE;boulette;8;culture;Celle d'un gardien tourne en boucle sur les réseaux;joueur;1;viralité de l'erreur
BOULETTE;boulette;8;culture;Huit lettres qui se mangent aussi;factuel;1;homonymie
BOULOGNE;Boulogne;8;clubs;Club nordiste passé par la Ligue 1 en 2009;factuel;3;unique saison dans l'élite
BOULOGNE;Boulogne;8;clubs;Sa ville est le premier port de pêche français;factuel;2;économie locale
BOULOGNE;Boulogne;8;clubs;Huit lettres rouge et noir de la Côte d'Opale;joueur;3;couleurs du club
BOUTIQUE;boutique;8;culture;Magasin officiel installé dans l'enceinte;factuel;1;commerce du club
BOUTIQUE;boutique;8;culture;On y achète le maillot au prix fort;joueur;1;réalité du supporter
BOUTIQUE;boutique;8;culture;Huit lettres qui rapportent gros aux grands clubs;factuel;2;modèle économique
BRASSARD;brassard;8;vocab;Le capitaine le porte au bras;factuel;1;signe distinctif
BRASSARD;brassard;8;vocab;Le confier à un jeune fait pleurer les tribunes;joueur;2;symbole affectif
BRIEFING;briefing;8;coachs;Réunion de préparation avant le match;factuel;1;rituel du staff
BRIEFING;briefing;8;coachs;Il précède parfois la causerie de vestiaire;factuel;2;organisation de la journée
BRIEFING;briefing;8;coachs;Huit lettres empruntées à l'anglais;joueur;1;anglicisme
BRIGHTON;Brighton;8;clubs;Huitième d'Angleterre qualifié pour la Conférence;factuel;2;cinquante-trois points
BRIGHTON;Brighton;8;clubs;Club de la côte sud anglaise;factuel;1;implantation
BRIGHTON;Brighton;8;clubs;Huit lettres au bord de la Manche;joueur;1;situation géographique
BRISBANE;Brisbane;8;feminin;Ville australienne hôte du Mondial 2023;factuel;2;édition océanienne
BRISBANE;Brisbane;8;feminin;Elle a reçu une demi-finale du tournoi;factuel;3;phase finale
BRISBANE;Brisbane;8;feminin;Huit lettres du Queensland;joueur;2;géographie
BROCANTE;brocante;8;culture;Marché où l'on déniche de vieux maillots;factuel;2;chasse du collectionneur
BROCANTE;brocante;8;culture;On y trouve des écharpes des années 80;factuel;2;objets d'époque
BROCANTE;brocante;8;culture;Huit lettres où se cachent des trésors;joueur;1;plaisir de la trouvaille
BROUHAHA;brouhaha;8;culture;Rumeur confuse qui monte des gradins;factuel;1;ambiance du stade
BROUHAHA;brouhaha;8;culture;Il s'installe pendant les temps morts;factuel;1;moment d'apparition
BROUHAHA;brouhaha;8;culture;Huit lettres qui imitent le bruit qu'elles décrivent;joueur;2;onomatopée
BULGARIE;Bulgarie;8;selections;Sélection demi-finaliste du Mondial 1994;factuel;2;meilleur parcours
BULGARIE;Bulgarie;8;selections;Stoichkov en était la vedette;factuel;2;Ballon d'Or de 1994
BULGARIE;Bulgarie;8;selections;Huit lettres qui avaient éliminé l'Allemagne;joueur;3;quart de finale de 1994
BURKARDT;Burkardt;8;actuels;Attaquant allemand écarté de la liste de 2026;factuel;2;non-convocation
BURKARDT;Burkardt;8;actuels;Il évoluait à Francfort avant le Mondial;factuel;3;club allemand
BURKARDT;Burkardt;8;actuels;Huit lettres laissées de côté;joueur;2;non-sélection
BUSQUETS;Busquets;8;legendes;Sentinelle du Barça et de l'Espagne;factuel;1;poste devant la défense
BUSQUETS;Busquets;8;legendes;Champion du monde 2010 et double champion d'Europe;factuel;2;palmarès du joueur
BUSQUETS;Busquets;8;legendes;Huit lettres qui se retournaient toujours au bon moment;joueur;2;lecture du jeu
CAGLIARI;Cagliari;8;clubs;Club sarde champion d'Italie en 1970;factuel;3;unique titre
CAGLIARI;Cagliari;8;clubs;Riva y a inscrit tous ses buts;factuel;3;légende du club
CAGLIARI;Cagliari;8;clubs;Huit lettres rouge et bleu de Sardaigne;joueur;3;couleurs du club
CAMARADE;camarade;8;feminin;Partenaire de classe et de terrain;factuel;1;double lien
CAMARADE;camarade;8;feminin;On la retrouve au vestiaire après les cours;factuel;1;quotidien scolaire
CAMARADE;camarade;8;feminin;Huit lettres qui se passent le ballon en récré;joueur;1;jeu de la cour
CAMBIASO;Cambiaso;8;actuels;Latéral italien de la Juventus;factuel;3;carrière transalpine
CAMBIASO;Cambiaso;8;actuels;Il peut jouer des deux côtés;factuel;3;polyvalence du joueur
CAMBIASO;Cambiaso;8;actuels;Huit lettres à une lettre d'une légende de l'Inter;joueur;3;quasi-homonymie
CAMEROUN;Cameroun;8;selections;Premier pays africain en quart de finale mondiale;factuel;2;exploit de 1990
CAMEROUN;Cameroun;8;selections;Roger Milla y dansait au poteau de corner;factuel;1;célébration culte
CAMEROUN;Cameroun;8;selections;Huit lettres surnommées les Lions indomptables;joueur;1;surnom du pays
CAMPBELL;Campbell;8;legendes;Défenseur anglais passé de Tottenham à Arsenal;factuel;2;transfert très commenté
CAMPBELL;Campbell;8;legendes;Il était l'un des Invincibles de 2004;factuel;2;saison sans défaite
CAMPBELL;Campbell;8;legendes;Huit lettres impossibles à bouger;joueur;2;puissance du central
CANICULE;canicule;8;culture;Elle impose des pauses fraîcheur en plein match;factuel;2;protocole réglementaire
CANICULE;canicule;8;culture;Le Mondial 2026 s'est joué sous ses effets;factuel;2;été nord-américain
CANICULE;canicule;8;culture;Huit lettres qui vident les organismes;joueur;1;effet sur les joueurs
CAPACITE;capacité;8;stades;Nombre de places assises d'un stade;factuel;1;donnée de l'enceinte
CAPACITE;capacité;8;stades;Celle du Camp Nou dépasse les quatre-vingt-dix mille;factuel;1;record européen
CAPACITE;capacité;8;stades;Huit lettres rarement atteintes en championnat;joueur;1;réalité de l'affluence
CAQUERET;Caqueret;8;actuels;Milieu français formé à Lyon;factuel;3;produit du club
CAQUERET;Caqueret;8;actuels;Il a rejoint le championnat italien;factuel;3;transfert du joueur
CAQUERET;Caqueret;8;actuels;Huit lettres au tout petit gabarit;joueur;3;silhouette du milieu
CARTABLE;cartable;8;culture;Il sert de poteau dans les matchs de cour;factuel;1;football improvisé
CARTABLE;cartable;8;culture;On le pose avant même d'enlever son manteau;joueur;1;rituel de la récré
CARTABLE;cartable;8;culture;Huit lettres qui reviennent souvent tachées;joueur;1;conséquence du jeu
CARTHAGE;Carthage;8;selections;Elle suit Aigles de dans le surnom tunisien;factuel;2;cité antique
CARTHAGE;Carthage;8;selections;La sélection a gagné la CAN 2004 à domicile;factuel;3;titre continental
CARTHAGE;Carthage;8;selections;Huit lettres venues d'une cité disparue;joueur;2;référence historique
CARVAJAL;Carvajal;8;actuels;Latéral droit espagnol capitaine du Real;factuel;2;brassard madrilène
CARVAJAL;Carvajal;8;actuels;Il a gagné six Ligues des champions;factuel;2;record du joueur
CARVAJAL;Carvajal;8;actuels;Huit lettres formées au club de leur vie;joueur;2;produit de la Fabrica
CASEMIRO;Casemiro;8;actuels;Milieu brésilien rescapé de 2018 et de 2022;factuel;2;longévité en sélection
CASEMIRO;Casemiro;8;actuels;Sentinelle de la Seleção au Mondial 2026;factuel;1;poste devant la défense
CASEMIRO;Casemiro;8;actuels;Huit lettres qui ratissent devant la charnière;joueur;1;rôle du joueur
CASEMIRO;Casemiro;8;actuels;Parti à l'Inter Miami en fin de contrat en 2026;factuel;2;mercato du 22 juillet
CASILLAS;Casillas;8;legendes;Gardien capitaine de l'Espagne sacrée en 2010;factuel;1;titre mondial
CASILLAS;Casillas;8;legendes;Son pied a sauvé la finale face aux Pays-Bas;factuel;2;arrêt décisif
CASILLAS;Casillas;8;legendes;Huit lettres surnommées Saint Iker;joueur;2;surnom du portier
CASSETTE;cassette;8;culture;Support sur lequel on gardait les grands matchs;factuel;2;objet d'époque
CASSETTE;cassette;8;culture;On la rembobinait pour revoir le but;factuel;2;geste d'autrefois
CASSETTE;cassette;8;culture;Huit lettres qu'on prêtait à ses copains;joueur;2;circulation des images
CASTELAO;Castelão;8;stades;Enceinte brésilienne du nord-est;factuel;3;Fortaleza
CASTELAO;Castelão;8;stades;Elle a reçu des matchs du Mondial 2014;factuel;3;compétition à domicile
CASTELAO;Castelão;8;stades;Huit lettres sous le soleil du Ceará;joueur;3;climat local
CAUSERIE;causerie;8;coachs;Discours du technicien avant le coup d'envoi;factuel;1;moment du vestiaire
CAUSERIE;causerie;8;coachs;Celle de la mi-temps est la plus attendue;factuel;1;recadrage à la pause
CAUSERIE;causerie;8;coachs;Huit lettres qui peuvent renverser un match;joueur;1;effet du discours
CHAMBRER;chambrer;8;culture;Narguer l'adversaire après une action réussie;factuel;1;pratique du terrain
CHAMBRER;chambrer;8;culture;Cela peut valoir un avertissement;factuel;2;sanction possible
CHAMBRER;chambrer;8;culture;Huit lettres qui se pratiquent aussi en tribune;joueur;1;usage des supporters
CHAMPION;champion;8;competitions;Celui qui termine premier du classement;factuel;1;vainqueur du titre
CHAMPION;champion;8;competitions;L'Espagne l'est du monde depuis juillet 2026;factuel;1;titre conquis à New York
CHAMPION;champion;8;competitions;Huit lettres qu'on est jusqu'à l'année suivante;joueur;1;statut du tenant
CHANDAIL;chandail;8;fillfoot;Ancien nom du haut porté par les joueurs;factuel;2;vocabulaire d'époque
CHANDAIL;chandail;8;fillfoot;Il grattait et pesait deux fois plus lourd;joueur;2;tenue d'autrefois
CHARLTON;Charlton;8;clubs;Club du sud-est de Londres;factuel;3;championnat anglais
CHARLTON;Charlton;8;clubs;Un champion du monde 1966 portait ce patronyme;factuel;2;fratrie anglaise
CHARLTON;Charlton;8;clubs;Huit lettres rouge et blanc;joueur;3;couleurs du club
CHARRIER;charrier;8;culture;Se moquer d'un copain après la défaite de son club;factuel;1;pratique entre amis
CHARRIER;charrier;8;culture;Cela dure jusqu'au match retour;joueur;1;durée de la vanne
CHARRIER;charrier;8;culture;Huit lettres qui signifient aussi transporter;factuel;1;homonymie
CHARRUAS;Charrúas;8;selections;Autre surnom de la sélection uruguayenne;factuel;3;peuple autochtone
CHARRUAS;Charrúas;8;selections;Le mot évoque la garra, cette hargne légendaire;factuel;3;esprit de l'équipe
CHARRUAS;Charrúas;8;selections;Huit lettres qui ne lâchent jamais rien;joueur;2;réputation de la sélection
CHASUBLE;chasuble;8;vocab;Elle distingue les camps à l'entraînement;factuel;2;matériel d'entraînement
CHASUBLE;chasuble;8;vocab;Le remplaçant l'enfile pour s'échauffer;joueur;1;échauffement au bord
CHAUDRON;chaudron;8;fillfoot;Surnom donné à une enceinte stéphanoise;factuel;3;Geoffroy-Guichard
CHAUDRON;chaudron;8;fillfoot;Un stade qui bout à ce point fait peur;joueur;1;ambiance intense
CHAWINGA;Chawinga;8;feminin;Attaquante malawite au rendement impressionnant;factuel;3;buteuse en NWSL
CHAWINGA;Chawinga;8;feminin;Elle a marqué plus de vingt buts en une saison;factuel;3;record du championnat
CHAWINGA;Chawinga;8;feminin;Huit lettres à la pointe de vitesse rare;joueur;3;qualité de l'attaquante
CHEVILLE;cheville;8;fillfoot;Articulation que la chaussure enserre;factuel;1;anatomie du pied
CHEVILLE;cheville;8;fillfoot;Ouvrière, c'est celui qui fait tout sans bruit;joueur;2;expression consacrée
CLAPPING;clapping;8;culture;Applaudissement collectif lancé par l'Islande;factuel;1;Euro 2016
CLAPPING;clapping;8;culture;Il commence lentement puis s'accélère;factuel;1;rythme du geste
CLAPPING;clapping;8;culture;Huit lettres reprises par tous les stades d'Europe;joueur;1;diffusion du rituel
CLERMONT;Clermont;8;clubs;Club auvergnat monté en Ligue 1 en 2021;factuel;3;première accession
CLERMONT;Clermont;8;clubs;Sa ville est dominée par un volcan;factuel;2;géographie locale
CLERMONT;Clermont;8;clubs;Huit lettres rouge et bleu du Puy-de-Dôme;joueur;3;couleurs du club
COACHING;coaching;8;vocab;Ajustements décidés en cours de rencontre;factuel;2;gestion des changements
COACHING;coaching;8;vocab;Gagnant, il transforme un homme en génie;joueur;2;expression consacrée
COLOCOLO;Colo-Colo;8;clubs;Club chilien vainqueur de la Libertadores en 1991;factuel;3;titre continental
COLOCOLO;Colo-Colo;8;clubs;Il porte le nom d'un chef mapuche;factuel;3;origine du nom
COLOCOLO;Colo-Colo;8;clubs;Huit lettres blanches de Santiago;joueur;3;couleur du maillot
COLOMBIE;Colombie;8;selections;Sélection sud-américaine au maillot jaune;factuel;1;couleur de la tenue
COLOMBIE;Colombie;8;selections;Elle était dans le groupe du Portugal en 2026;factuel;3;tirage de décembre 2025
COLOMBIE;Colombie;8;selections;Huit lettres qui dansaient après chaque but;joueur;2;célébrations de 2014
CONCACAF;CONCACAF;8;competitions;Confédération d'Amérique du Nord et centrale;factuel;2;instance continentale
CONCACAF;CONCACAF;8;competitions;Elle organise la Gold Cup;factuel;2;épreuve des sélections
CONCACAF;CONCACAF;8;competitions;Huit lettres qui couvrent aussi les Caraïbes;joueur;3;périmètre de la zone
CONMEBOL;CONMEBOL;8;competitions;Confédération sud-américaine de football;factuel;2;instance continentale
CONMEBOL;CONMEBOL;8;competitions;Elle organise la Copa America et la Libertadores;factuel;2;compétitions de la zone
CONMEBOL;CONMEBOL;8;competitions;Huit lettres qui ne comptent que dix pays;joueur;3;taille de la confédération
CONSIGNE;consigne;8;coachs;Instruction donnée depuis le bord du terrain;factuel;1;communication du coach
CONSIGNE;consigne;8;coachs;Elle se crie souvent deux fois pour être entendue;factuel;1;bruit du stade
CONSIGNE;consigne;8;coachs;Huit lettres qui se perdent dans le vacarme;joueur;1;limite de la méthode
CONTROLE;contrôle;8;vocab;Première touche pour dompter le ballon;factuel;1;geste de base
CONTROLE;contrôle;8;vocab;Orienté, il fait gagner une seconde entière;factuel;2;technique de réception
CONTROLE;contrôle;8;vocab;Raté, il envoie le ballon en tribune;joueur;1;maladresse technique
CORNELLA;Cornellà;8;stades;Enceinte de la banlieue de Barcelone;factuel;3;Espanyol
CORNELLA;Cornellà;8;stades;Elle appartient au rival du grand club catalan;factuel;3;derby local
CORNELLA;Cornellà;8;stades;Huit lettres bleu et blanc;joueur;3;couleurs du club
COULEURS;couleurs;8;fillfoot;Elles doivent se distinguer de celles d'en face;factuel;2;règle sur les tenues
COULEURS;couleurs;8;fillfoot;Les défendre, c'est la seule chose qui compte;joueur;1;expression consacrée
COURSIVE;coursive;8;stades;Couloir de circulation derrière les tribunes;factuel;2;architecture du stade
COURSIVE;coursive;8;stades;On y trouve les buvettes;factuel;1;services du lieu
COURSIVE;coursive;8;stades;Huit lettres bondées à la mi-temps;joueur;1;affluence du moment
COURTOIS;Courtois;8;actuels;Gardien belge titulaire au Mondial 2026;factuel;1;portier des Diables rouges
COURTOIS;Courtois;8;actuels;Il gardait la cage lors du quart perdu;factuel;2;défaite face à l'Espagne
COURTOIS;Courtois;8;actuels;Huit lettres et une envergure hors norme;joueur;1;gabarit du portier
COUTINHO;Coutinho;8;legendes;Milieu brésilien vedette de Liverpool;factuel;1;carrière anglaise
COUTINHO;Coutinho;8;legendes;Son transfert au Barça a battu des records;factuel;2;opération de 2018
COUTINHO;Coutinho;8;legendes;Huit lettres à l'enroulé du droit imparable;joueur;1;geste signature
COVENTRY;Coventry;8;clubs;Club anglais vainqueur de la Coupe en 1987;factuel;3;unique titre majeur
COVENTRY;Coventry;8;clubs;Sa ville fut détruite par les bombardements;factuel;2;histoire locale
COVENTRY;Coventry;8;clubs;Huit lettres bleu ciel des Midlands;joueur;3;couleurs du club
CRAMPONS;crampons;8;feminin;Ils accrochent la pelouse sous la chaussure;factuel;1;équipement du joueur
CRAMPONS;crampons;8;feminin;Vissés ou moulés, ils dépendent du terrain;factuel;1;choix du matériel
CRAMPONS;crampons;8;feminin;Huit lettres qu'on tape avant d'entrer sur le terrain;joueur;1;geste rituel
CRAQUAGE;craquage;8;culture;Allumage collectif d'engins dans un virage;factuel;3;terme des groupes
CRAQUAGE;craquage;8;culture;Il accompagne souvent l'entrée des équipes;factuel;3;moment choisi
CRAQUAGE;craquage;8;culture;Huit lettres qui font sortir les caméras;joueur;3;image d'avant-match
CRITIQUE;critique;8;coachs;Ce que reçoit un technicien après une défaite;factuel;1;pression du métier
CRITIQUE;critique;8;coachs;Elle vient des tribunes comme des plateaux;factuel;1;origines multiples
CRITIQUE;critique;8;coachs;Huit lettres auxquelles il faut savoir résister;joueur;1;qualité du coach
CRUZEIRO;Cruzeiro;8;clubs;Club brésilien de Belo Horizonte;factuel;3;championnat local
CRUZEIRO;Cruzeiro;8;clubs;Ronaldo y a débuté sa carrière;factuel;2;formation du buteur
CRUZEIRO;Cruzeiro;8;clubs;Huit lettres bleues du Minas Gerais;joueur;3;couleur du maillot
CUADRADO;Cuadrado;8;legendes;Latéral colombien de la Juventus;factuel;3;carrière italienne
CUADRADO;Cuadrado;8;legendes;Il pouvait jouer ailier ou défenseur;factuel;3;polyvalence du joueur
CUADRADO;Cuadrado;8;legendes;Huit lettres qui signifient carré en espagnol;joueur;2;traduction
DANEMARK;Danemark;8;selections;Champion d'Europe surprise en 1992;factuel;2;titre repêché
DANEMARK;Danemark;8;selections;Il n'était même pas qualifié au départ;factuel;2;circonstances du titre
DANEMARK;Danemark;8;selections;Huit lettres en rouge et blanc;joueur;1;couleurs nationales
DEBRUYNE;De Bruyne;8;actuels;Meneur belge parfois laissé sur le banc en 2026;factuel;3;choix de Rudi Garcia
DEBRUYNE;De Bruyne;8;actuels;Il évoluait à Naples au moment du Mondial;factuel;2;club italien
DEBRUYNE;De Bruyne;8;actuels;Huit lettres qui distribuent tout le jeu;joueur;1;rôle du joueur
DEBRUYNE;De Bruyne;8;actuels;Quatre fois meilleur passeur du championnat anglais;factuel;3;record de titres
DEFENDRE;défendre;8;vocab;Empêcher l'adversaire de progresser;factuel;1;phase sans ballon
DEFENDRE;défendre;8;vocab;Son titre exige de le faire toute l'année;joueur;2;statut du tenant
DEFENSIF;défensif;8;vocab;Tourné vers la protection de sa cage;factuel;1;orientation du jeu
DEFENSIF;défensif;8;vocab;Le milieu qui l'est n'attaque jamais;joueur;2;profil de poste
DELPIERO;Del Piero;8;legendes;Numéro dix emblématique de la Juventus;factuel;1;idole turinoise
DELPIERO;Del Piero;8;legendes;Champion du monde italien en 2006;factuel;1;titre allemand
DELPIERO;Del Piero;8;legendes;Huit lettres au geste enroulé du gauche;joueur;2;spécialité du joueur
DESAILLY;Desailly;8;legendes;Champion du monde 1998 et d'Europe 2000;factuel;1;doublé tricolore
DESAILLY;Desailly;8;legendes;Il a gagné la Ligue des champions avec deux clubs;factuel;2;Marseille et Milan
DESAILLY;Desailly;8;legendes;Huit lettres surnommées le Roc;joueur;2;solidité du défenseur
DESCENTE;descente;8;competitions;Passage à la division inférieure;factuel;1;relégation
DESCENTE;descente;8;competitions;Trois clubs anglais l'ont subie en 2026;factuel;2;West Ham, Burnley et Wolves
DESCENTE;descente;8;competitions;Huit lettres redoutées au printemps;joueur;1;fin de saison
DIALOGUE;dialogue;8;coachs;Échange entre le technicien et son vestiaire;factuel;1;gestion du groupe
DIALOGUE;dialogue;8;coachs;Sa rupture précède souvent un limogeage;factuel;1;signal d'alerte
DIALOGUE;dialogue;8;coachs;Huit lettres qui évitent bien des crises;joueur;1;rôle de la communication
DIMANCHE;dimanche;8;fillfoot;Jour du football amateur;factuel;1;calendrier des ligues régionales
DIMANCHE;dimanche;8;fillfoot;Le joueur de ce jour-là ne casse pas trois pattes;joueur;1;expression consacrée
DIOMANDE;Diomandé;8;actuels;Ailier très convoité au mercato de l'été 2026;factuel;3;dossier commenté
DIOMANDE;Diomandé;8;actuels;Le RB Leipzig a démenti tout accord à son sujet;factuel;3;communication du club
DIOMANDE;Diomandé;8;actuels;Huit lettres au centre des rumeurs;joueur;2;feuilleton de l'été
DISCIPLE;disciple;8;coachs;Entraîneur formé à l'école d'un autre;factuel;2;filiation tactique
DISCIPLE;disciple;8;coachs;Maresca et Arteta en sont deux célèbres;factuel;2;école de Guardiola
DISCIPLE;disciple;8;coachs;Huit lettres qui reprennent les mêmes principes;joueur;2;héritage du jeu
DISTRICT;district;8;competitions;Échelon local de l'organisation fédérale;factuel;2;structure territoriale
DISTRICT;district;8;competitions;Il gère les compétitions de proximité;factuel;2;missions de l'instance
DISTRICT;district;8;competitions;Huit lettres où tout commence pour un club;joueur;2;base de la pyramide
DOMENECH;Domenech;8;coachs;Sélectionneur français finaliste du Mondial 2006;factuel;2;défaite à Berlin
DOMENECH;Domenech;8;coachs;Il a vécu une Coupe du monde très agitée en 2010;factuel;2;épisode sud-africain
DOMENECH;Domenech;8;coachs;Huit lettres qui consultaient l'astrologie, dit-on;joueur;2;réputation du coach
DORTMUND;Dortmund;8;clubs;Club allemand au mur jaune;factuel;1;tribune la plus vaste d'Europe
DORTMUND;Dortmund;8;clubs;Il a placé quatre joueurs dans la liste de 2026;factuel;2;contingent allemand
DORTMUND;Dortmund;8;clubs;Huit lettres jaune et noir de la Ruhr;joueur;1;couleurs du club
DOTATION;dotation;8;feminin;Somme versée aux équipes d'une compétition;factuel;2;prix de l'épreuve
DOTATION;dotation;8;feminin;Celle du Mondial féminin reste bien inférieure;factuel;2;comparaison des primes
DOTATION;dotation;8;feminin;Huit lettres au cœur des négociations;joueur;2;revendication des joueuses
DOUBLURE;doublure;8;vocab;Remplaçant attitré à un poste précis;factuel;2;second choix
DOUBLURE;doublure;8;vocab;Il attend son heure depuis trois saisons;joueur;2;patience du second
DRAINAGE;drainage;8;stades;Système qui évacue l'eau sous la pelouse;factuel;2;équipement du terrain
DRAINAGE;drainage;8;stades;Sans lui, le match serait reporté sous l'orage;factuel;2;rôle du dispositif
DRAINAGE;drainage;8;stades;Huit lettres invisibles mais indispensables;joueur;2;infrastructure cachée
DRIBBLER;dribbler;8;vocab;Passer un adversaire balle au pied;factuel;1;geste d'élimination
DRIBBLER;dribbler;8;vocab;En passer trois avant de tout rater;joueur;2;action mal conclue
DROITIER;droitier;8;vocab;Latéralité majoritaire chez les joueurs;factuel;1;pied fort le plus répandu
DROITIER;droitier;8;vocab;Le placer à gauche lui permet de repiquer;joueur;3;ailier inversé
DUMFRIES;Dumfries;8;actuels;Latéral néerlandais de l'Inter;factuel;3;carrière italienne
DUMFRIES;Dumfries;8;actuels;Il marque souvent de la tête;factuel;3;particularité du joueur
DUMFRIES;Dumfries;8;actuels;Huit lettres au gabarit très athlétique;joueur;3;profil du latéral
DUMORNAY;Dumornay;8;feminin;Milieu haïtienne révélée très jeune à Reims;factuel;2;éclosion de la joueuse
DUMORNAY;Dumornay;8;feminin;Elle a rejoint Lyon à dix-neuf ans;factuel;2;transfert de la joueuse
DUMORNAY;Dumornay;8;feminin;Huit lettres qui éliminent sur un appui;joueur;2;style de la dribbleuse
DYNASTIE;dynastie;8;feminin;Domination durable d'un même club;factuel;2;hégémonie sportive
DYNASTIE;dynastie;8;feminin;Celle de Lyon a duré quinze ans;factuel;1;série de titres
DYNASTIE;dynastie;8;feminin;Huit lettres empruntées au vocabulaire des rois;joueur;1;étymologie
EFFECTIF;effectif;8;vocab;Ensemble des joueurs sous contrat;factuel;1;groupe professionnel
EFFECTIF;effectif;8;vocab;Trop court, il craque au mois de février;joueur;2;manque de profondeur
ELASTICO;elastico;8;culture;Geste où le ballon part d'un côté puis revient;factuel;2;dribble brésilien
ELASTICO;elastico;8;culture;Rivelino puis Ronaldinho l'ont popularisé;factuel;2;filiation du geste
ELASTICO;elastico;8;culture;Huit lettres qui imitent un élastique;joueur;2;origine du nom
EMIRATES;Emirates;8;stades;Enceinte des Gunners depuis 2006;factuel;1;Arsenal
EMIRATES;Emirates;8;stades;Une statue de Thierry Henry se dresse devant;factuel;2;hommage au buteur
EMIRATES;Emirates;8;stades;Huit lettres qui portent le nom d'une compagnie;joueur;1;sponsor du stade
EMISSION;émission;8;culture;Programme consacré à l'actualité du football;factuel;1;format télévisé
EMISSION;émission;8;culture;Celle du dimanche matin est une institution;factuel;1;rendez-vous hebdomadaire
EMISSION;émission;8;culture;Huit lettres qui commentent plus qu'elles ne montrent;joueur;1;critique du format
ENCEINTE;enceinte;8;stades;Autre nom du stade dans le langage sportif;factuel;1;synonyme courant
ENCEINTE;enceinte;8;stades;Celle de la finale 2026 a reçu quatre-vingts mille fans;factuel;2;finale à New York
ENCEINTE;enceinte;8;stades;Huit lettres qui diffusent aussi le son;joueur;1;homonymie
ENGANCHE;enganche;8;vocab;Meneur à l'argentine, sous les attaquants;factuel;3;terme sud-américain
ENGANCHE;enganche;8;vocab;Le numéro dix dans sa version australe;joueur;3;tradition argentine
ENNESYRI;En-Nesyri;8;legendes;Sa tête contre le Portugal reste dans les mémoires;factuel;2;quart de finale 2022
ENNESYRI;En-Nesyri;8;legendes;Attaquant marocain passé par Séville;factuel;2;carrière espagnole
ENNESYRI;En-Nesyri;8;legendes;Huit lettres qui montent très haut sur les centres;joueur;2;détente du buteur
EQUATEUR;Équateur;8;selections;Sélection qui a battu l'Allemagne au Mondial 2026;factuel;3;phase de groupes
EQUATEUR;Équateur;8;selections;Elle joue ses matchs à Quito, en altitude;factuel;2;avantage du terrain
EQUATEUR;Équateur;8;selections;Huit lettres qui désignent aussi une ligne imaginaire;joueur;1;homonymie
ERIKSSON;Eriksson;8;coachs;Technicien suédois sélectionneur de l'Angleterre;factuel;2;années 2000
ERIKSSON;Eriksson;8;coachs;Il avait gagné la Coupe des coupes avec la Lazio;factuel;2;carrière italienne
ERIKSSON;Eriksson;8;coachs;Huit lettres au flegme très scandinave;joueur;2;image du coach
ESPANYOL;Espanyol;8;clubs;Club catalan rival du Barça;factuel;2;derby de Barcelone
ESPANYOL;Espanyol;8;clubs;Il a disputé deux finales de Coupe UEFA;factuel;3;1988 et 2007
ESPANYOL;Espanyol;8;clubs;Huit lettres bleu et blanc rayées;joueur;3;couleurs du maillot
ETENDARD;étendard;8;fillfoot;Grande pièce de tissu brandie au virage;factuel;2;emblème des groupes
ETENDARD;étendard;8;fillfoot;Le porter, c'est représenter tout un peuple;joueur;1;symbole des tribunes
EUPHORIE;euphorie;8;culture;Ce qui saisit un stade après un but décisif;factuel;1;réaction collective
EUPHORIE;euphorie;8;culture;Elle envahit toute une ville un soir de titre;factuel;1;fête populaire
EUPHORIE;euphorie;8;culture;Huit lettres qui font oublier toute la saison;joueur;1;effet du succès
EXERCICE;exercice;8;coachs;Unité de base d'une séance d'entraînement;factuel;1;construction du travail
EXERCICE;exercice;8;coachs;Il dure rarement plus d'un quart d'heure;factuel;1;durée habituelle
EXERCICE;exercice;8;coachs;Huit lettres répétées jusqu'à l'usure;joueur;1;méthode du coach
EXIGENCE;exigence;8;coachs;Qualité réclamée par tous les grands techniciens;factuel;1;discours du métier
EXIGENCE;exigence;8;coachs;Elle se mesure au niveau des séances;factuel;1;intensité du travail
EXIGENCE;exigence;8;coachs;Huit lettres répétées en conférence de presse;joueur;1;mot du vocabulaire
FABREGAS;Fabregas;8;legendes;Passeur du but victorieux de la finale 2010;factuel;2;offrande à Iniesta
FABREGAS;Fabregas;8;legendes;Il a joué à Arsenal, au Barça et à Chelsea;factuel;1;carrière du joueur
FABREGAS;Fabregas;8;legendes;Huit lettres capitaines à dix-sept ans à Londres;joueur;2;précocité du milieu
FAIRPLAY;fair-play;8;competitions;Classement qui départage en cas d'égalité parfaite;factuel;2;critère du règlement
FAIRPLAY;fair-play;8;competitions;Il compte les cartons reçus par chaque équipe;factuel;2;mode de calcul
FAIRPLAY;fair-play;8;competitions;Huit lettres qui ont déjà qualifié une sélection;joueur;3;précédent en Coupe du monde
FEMININE;féminine;8;competitions;La Coupe du monde se dispute aussi ainsi;factuel;1;épreuve de la FIFA
FEMININE;féminine;8;competitions;L'Espagne l'a remportée en 2023;factuel;2;titre mondial
FEMININE;féminine;8;competitions;Huit lettres dont l'audience explose;joueur;1;essor de la discipline
FERGUSON;Ferguson;8;coachs;Il a dirigé Manchester United pendant vingt-six ans;factuel;1;longévité record
FERGUSON;Ferguson;8;coachs;Son chewing-gum était son accessoire permanent;factuel;1;image du banc
FERGUSON;Ferguson;8;coachs;Huit lettres à la soufflante légendaire;joueur;1;réputation du technicien
FERRARIS;Ferraris;8;stades;Nom officiel de l'enceinte partagée de Gênes;factuel;3;dénomination du stade
FERRARIS;Ferraris;8;stades;Il honore un joueur du début du siècle passé;factuel;3;hommage historique
FERRARIS;Ferraris;8;stades;Huit lettres à ne pas confondre avec une voiture;joueur;2;quasi-homonymie
FIDELITE;fidélité;8;culture;Qualité du supporter qui reste malgré la descente;factuel;1;attachement au club
FIDELITE;fidélité;8;culture;Elle se mesure en années d'abonnement;factuel;1;preuve du soutien
FIDELITE;fidélité;8;culture;Huit lettres qu'on ne change pas de club;joueur;1;code du supporter
FIGURINE;figurine;8;culture;Petit personnage à l'effigie d'un joueur;factuel;2;objet de collection
FIGURINE;figurine;8;culture;Elle accompagne parfois les vignettes;factuel;2;produit dérivé
FIGURINE;figurine;8;culture;Huit lettres alignées sur une étagère;joueur;1;collection du fan
FINLANDE;Finlande;8;selections;Sélection nordique longtemps absente des phases finales;factuel;3;attente historique
FINLANDE;Finlande;8;selections;L'Euro 2020 fut sa première grande compétition;factuel;3;première qualification
FINLANDE;Finlande;8;selections;Huit lettres bleu et blanc du Grand Nord;joueur;2;couleurs nationales
FLAMENGO;Flamengo;8;clubs;Club de Rio au plus grand nombre de supporters;factuel;2;popularité au Brésil
FLAMENGO;Flamengo;8;clubs;Zico y est devenu une idole;factuel;2;légende du club
FLAMENGO;Flamengo;8;clubs;Huit lettres rouge et noir;joueur;2;couleurs du club
FOLKLORE;folklore;8;culture;Ensemble des traditions qui entourent un club;factuel;1;culture populaire
FOLKLORE;folklore;8;culture;Chants, tifos et surnoms en font partie;factuel;1;composantes du folklore
FOLKLORE;folklore;8;culture;Huit lettres qui font la différence avec un spectacle;joueur;2;identité du football
FOOTBALL;football;8;clubs;Mot présent dans presque tous les noms de clubs;factuel;1;dénomination universelle
FOOTBALL;football;8;clubs;Il vient de deux mots anglais accolés;factuel;1;étymologie
FOOTBALL;football;8;clubs;Huit lettres qui suivent souvent un club;joueur;1;convention de nommage
FRAPPART;Frappart;8;feminin;Première femme à arbitrer un match de Ligue 1;factuel;1;pionnière de l'arbitrage
FRAPPART;Frappart;8;feminin;Elle a aussi officié en Coupe du monde masculine;factuel;1;édition 2022
FRAPPART;Frappart;8;feminin;Huit lettres qui ont fait tomber une barrière;joueur;1;portée du geste
FREIGANG;Freigang;8;feminin;Jeune attaquante allemande internationale;factuel;3;espoir de la sélection
FREIGANG;Freigang;8;feminin;Elle a été formée à Hoffenheim;factuel;3;parcours de la joueuse
FREIGANG;Freigang;8;feminin;Huit lettres au sens du but affirmé;joueur;3;profil de la buteuse
FRIBOURG;Fribourg;8;clubs;Club allemand de la Forêt-Noire;factuel;3;implantation
FRIBOURG;Fribourg;8;clubs;Sa ville est réputée la plus ensoleillée du pays;factuel;3;climat local
FRIBOURG;Fribourg;8;clubs;Huit lettres rouge et noir du Bade;joueur;3;couleurs du club
FRIMPONG;Frimpong;8;actuels;Latéral néerlandais arrivé à Liverpool en 2025;factuel;3;transfert du joueur
FRIMPONG;Frimpong;8;actuels;Il venait de Leverkusen;factuel;3;club précédent
FRIMPONG;Frimpong;8;actuels;Huit lettres qui montent comme un ailier;joueur;3;style du latéral
FULLKRUG;Füllkrug;8;actuels;Buteur allemand absent de la liste de 2026;factuel;2;non-convocation
FULLKRUG;Füllkrug;8;actuels;Il évoluait à Milan avant le Mondial;factuel;3;club italien
FULLKRUG;Füllkrug;8;actuels;Huit lettres qui n'ont pas fait le voyage;joueur;2;non-sélection
FUMIGENE;fumigène;8;culture;Engin qui colore la tribune de fumée;factuel;1;animation interdite
FUMIGENE;fumigène;8;culture;Son usage vaut une amende au club;factuel;2;sanction disciplinaire
FUMIGENE;fumigène;8;culture;Huit lettres qui font de très belles photos;joueur;1;esthétique du virage
GARNACHO;Garnacho;8;actuels;Prêté par Chelsea à Aston Villa;factuel;2;opération du 23 juillet
GARNACHO;Garnacho;8;actuels;Ailier argentin arrivé chez les Villans;factuel;3;destination du prêt
GARNACHO;Garnacho;8;actuels;Huit lettres qui changent de club sans transfert;joueur;2;formule du prêt
GEOFFROY;Geoffroy;8;stades;Il précède Guichard dans le nom d'un stade vert;factuel;2;Saint-Étienne
GEOFFROY;Geoffroy;8;stades;L'enceinte est surnommée le Chaudron;factuel;1;ambiance du lieu
GEOFFROY;Geoffroy;8;stades;Huit lettres qui portent le nom d'un industriel;joueur;3;origine du nom
GIUSEPPE;Giuseppe;8;stades;Il précède Meazza dans un nom de stade milanais;factuel;2;dénomination officielle
GIUSEPPE;Giuseppe;8;stades;Prénom italien très répandu;factuel;1;usage transalpin
GIUSEPPE;Giuseppe;8;stades;Huit lettres que les Milanais n'emploient jamais;joueur;2;usage du surnom
GLACIERE;glacière;8;culture;Contenant emporté pour un tournoi de jeunes;factuel;2;matériel des parents
GLACIERE;glacière;8;culture;Bielsa s'asseyait sur une du même genre;factuel;2;posture du technicien
GLACIERE;glacière;8;culture;Huit lettres qui gardent les boissons au frais;joueur;1;fonction de l'objet
GLISSADE;glissade;8;culture;Célébration sur les genoux vers le poteau de corner;factuel;1;geste classique
GLISSADE;glissade;8;culture;Elle marche mieux sur pelouse mouillée;joueur;1;condition du geste
GLISSADE;glissade;8;culture;Huit lettres qui abîment les shorts;joueur;1;conséquence du geste
GOODISON;Goodison;8;stades;Enceinte historique du second club de Liverpool;factuel;3;Everton
GOODISON;Goodison;8;stades;Elle fut l'une des premières bâties en Angleterre;factuel;3;ancienneté du lieu
GOODISON;Goodison;8;stades;Huit lettres à quelques centaines de mètres d'Anfield;joueur;3;proximité des rivaux
GORETZKA;Goretzka;8;actuels;Milieu allemand du contingent bavarois;factuel;2;sept joueurs du Bayern
GORETZKA;Goretzka;8;actuels;Retenu par Nagelsmann pour le Mondial 2026;factuel;1;liste de mai
GORETZKA;Goretzka;8;actuels;Huit lettres et un gros volume de course;joueur;2;profil du joueur
GOTEBORG;Göteborg;8;clubs;Club suédois vainqueur de la Coupe UEFA;factuel;3;1982 et 1987
GOTEBORG;Göteborg;8;clubs;Sa ville est le deuxième port de Scandinavie;factuel;2;géographie
GOTEBORG;Göteborg;8;clubs;Huit lettres bleu et blanc;joueur;3;couleurs du club
GRAFFITI;graffiti;8;culture;Inscription peinte sur un mur du quartier;factuel;1;art de rue
GRAFFITI;graffiti;8;culture;Certains rendent hommage à un joueur local;factuel;2;usage du support
GRAFFITI;graffiti;8;culture;Huit lettres venues du mot italien pour griffonner;joueur;2;étymologie
GREALISH;Grealish;8;legendes;Milieu anglais passé d'Aston Villa à Manchester City;factuel;2;transfert record
GREALISH;Grealish;8;legendes;Il joue toujours les chaussettes baissées;factuel;1;signature du joueur
GREALISH;Grealish;8;legendes;Huit lettres impossibles à faire tomber;joueur;1;résistance aux tacles
GRENOBLE;Grenoble;8;clubs;Club isérois du deuxième échelon français;factuel;3;championnat de Ligue 2
GRENOBLE;Grenoble;8;clubs;Sa ville est cernée par trois massifs;factuel;2;géographie alpine
GRENOBLE;Grenoble;8;clubs;Huit lettres bleu et blanc des Alpes;joueur;3;couleurs du club
GRILLAGE;grillage;8;stades;Barrière qui sépare le public du terrain;factuel;1;dispositif de sécurité
GRILLAGE;grillage;8;stades;Les bâches des groupes s'y accrochent;factuel;2;usage des tribunes
GRILLAGE;grillage;8;stades;Huit lettres retirées dans les stades modernes;joueur;2;évolution des enceintes
GRONBAEK;Grønbaek;8;actuels;Il a rejoint le Hambourg SV à l'été 2026;factuel;3;transfert officialisé
GRONBAEK;Grønbaek;8;actuels;Milieu ayant quitté la Ligue 1 pour l'Allemagne;factuel;3;départ du championnat
GRONBAEK;Grønbaek;8;actuels;Huit lettres à consonance scandinave;joueur;2;origine du nom
GROUPAMA;Groupama;8;stades;Marque accolée au stade du club rhodanien;factuel;2;Lyon
GROUPAMA;Groupama;8;stades;L'enceinte a ouvert ses portes en 2016;factuel;2;déménagement du club
GROUPAMA;Groupama;8;stades;Huit lettres qui portent le nom d'un assureur;joueur;2;sponsor du stade
GUEUGNON;Gueugnon;8;clubs;Club bourguignon vainqueur de la Coupe de la Ligue;factuel;3;titre de 2000
GUEUGNON;Gueugnon;8;clubs;Il évoluait alors en deuxième division;factuel;3;exploit du club
GUEUGNON;Gueugnon;8;clubs;Huit lettres surnommées les Forgerons;joueur;3;passé industriel
GUICHARD;Guichard;8;stades;Il suit Geoffroy dans le nom d'un stade vert;factuel;2;Saint-Étienne
GUICHARD;Guichard;8;stades;Le nom honore un industriel local;factuel;3;origine du nom
GUICHARD;Guichard;8;stades;Huit lettres surnommées le Chaudron;joueur;1;ambiance du lieu
GUICHETS;guichets;8;feminin;Fermés, ils signent une affluence record;factuel;1;expression consacrée
GUICHETS;guichets;8;feminin;L'Euro 2022 en a connu à chaque match anglais;factuel;2;succès du tournoi
GUICHETS;guichets;8;feminin;Huit lettres qui ne désemplissent plus;joueur;1;essor du public
GUINGAMP;Guingamp;8;clubs;Club breton deux fois vainqueur de la Coupe;factuel;3;2009 et 2014
GUINGAMP;Guingamp;8;clubs;Plus petite ville à avoir gagné un trophée national;factuel;3;exploit du club
GUINGAMP;Guingamp;8;clubs;Huit lettres rouge et noir des Côtes-d'Armor;joueur;3;couleurs du club
GUIRASSY;Guirassy;8;actuels;Troisième buteur de Bundesliga en 2025-2026;factuel;2;dix-sept réalisations
GUIRASSY;Guirassy;8;actuels;Attaquant guinéen du championnat allemand;factuel;3;profil du joueur
GUIRASSY;Guirassy;8;actuels;Huit lettres sur le podium des artilleurs allemands;joueur;2;classement de la saison
GUIRASSY;Guirassy;8;actuels;Colauréat du Soulier d'or de la Ligue des champions;factuel;3;treize buts en 2024-2025
GVARDIOL;Gvardiol;8;actuels;Défenseur croate de Manchester City;factuel;2;charnière mancunienne
GVARDIOL;Gvardiol;8;actuels;Il marque beaucoup pour un latéral;factuel;2;particularité du joueur
GVARDIOL;Gvardiol;8;actuels;Huit lettres arrivées de Leipzig pour un montant record;joueur;3;transfert de 2023
GYOKERES;Gyökeres;8;actuels;Attaquant suédois arrivé à Arsenal en 2025;factuel;2;transfert du joueur
GYOKERES;Gyökeres;8;actuels;Il avait explosé au Sporting Portugal;factuel;2;saison précédente
GYOKERES;Gyökeres;8;actuels;Huit lettres qui célèbrent en masquant leurs yeux;joueur;2;geste reconnaissable
HAMBOURG;Hambourg;8;clubs;Club allemand champion d'Europe en 1983;factuel;2;titre continental
HAMBOURG;Hambourg;8;clubs;Grønbaek l'a rejoint à l'été 2026;factuel;3;transfert officialisé
HAMBOURG;Hambourg;8;clubs;Huit lettres du plus grand port allemand;joueur;2;géographie
HAMMARBY;Hammarby;8;feminin;Club suédois de l'élite féminine;factuel;3;championnat scandinave
HAMMARBY;Hammarby;8;feminin;Il est installé à Stockholm;factuel;3;implantation
HAMMARBY;Hammarby;8;feminin;Huit lettres vert et blanc;joueur;3;couleurs du club
HELGUERA;Helguera;8;legendes;Défenseur espagnol du Real des Galactiques;factuel;3;années 2000
HELGUERA;Helguera;8;legendes;Il pouvait aussi jouer au milieu;factuel;3;polyvalence du joueur
HELGUERA;Helguera;8;legendes;Huit lettres du dernier rempart madrilène;joueur;3;poste du joueur
HELSINKI;Helsinki;8;clubs;Capitale finlandaise;factuel;1;géographie
HELSINKI;Helsinki;8;clubs;Son club a atteint la phase de groupes européenne;factuel;3;exploit finlandais
HELSINKI;Helsinki;8;clubs;Huit lettres au bord de la Baltique;joueur;2;situation de la ville
HERITAGE;héritage;8;coachs;Ce qu'un technicien laisse à son club;factuel;1;bilan d'un passage
HERITAGE;héritage;8;coachs;Celui de Wenger se voit encore à Arsenal;factuel;2;marque du Français
HERITAGE;héritage;8;coachs;Huit lettres qui survivent au départ du coach;joueur;1;trace laissée
HEUNGMIN;Heung-min;8;legendes;Attaquant sud-coréen capitaine de Tottenham;factuel;1;brassard londonien
HEUNGMIN;Heung-min;8;legendes;Il a remporté le prix du plus beau but en 2020;factuel;2;course de soixante-dix mètres
HEUNGMIN;Heung-min;8;legendes;Huit lettres qui célèbrent en formant un cadre photo;joueur;1;geste reconnaissable
HINCAPIE;Hincapié;8;actuels;Défenseur équatorien de Leverkusen;factuel;3;charnière allemande
HINCAPIE;Hincapié;8;actuels;Il était de l'équipe invaincue de 2024;factuel;3;titre de Bundesliga
HINCAPIE;Hincapié;8;actuels;Huit lettres très à l'aise balle au pied;joueur;3;style du central
HISTOIRE;histoire;8;fillfoot;Le palmarès en constitue le récit;factuel;1;passé d'un club
HISTOIRE;histoire;8;fillfoot;Y entrer, c'est marquer en finale;joueur;1;expression consacrée
HOULLIER;Houllier;8;coachs;Technicien français qui a tout gagné avec Liverpool;factuel;2;saison 2001
HOULLIER;Houllier;8;coachs;Il avait aussi dirigé les Bleus;factuel;2;sélection nationale
HOULLIER;Houllier;8;coachs;Huit lettres qui ont bâti le centre de Clairefontaine;joueur;2;héritage du formateur
HUISCLOS;huis clos;8;competitions;Rencontre disputée sans public;factuel;1;sanction ou contrainte
HUISCLOS;huis clos;8;competitions;Il peut sanctionner les incidents de tribune;factuel;2;décision disciplinaire
HUISCLOS;huis clos;8;competitions;Huit lettres où l'on entend les consignes du banc;joueur;2;silence de l'enceinte
IDENTITE;identité;8;coachs;Manière de jouer reconnaissable d'une équipe;factuel;1;marque du technicien
IDENTITE;identité;8;coachs;La construire prend plusieurs saisons;factuel;1;temps long du projet
IDENTITE;identité;8;coachs;Huit lettres qu'on reconnaît sans voir le maillot;joueur;2;signature du jeu
IGLESIAS;Iglesias;8;actuels;Attaquant espagnol sacré champion du monde 2026;factuel;2;effectif de la Roja
IGLESIAS;Iglesias;8;actuels;Buteur galicien de la sélection ibérique;factuel;2;club de Vigo
IGLESIAS;Iglesias;8;actuels;Son nom évoque aussi un chanteur très célèbre;joueur;1;homonymie
IMMOBILE;Immobile;8;legendes;Buteur italien recordman de la Lazio;factuel;2;marque du club
IMMOBILE;Immobile;8;legendes;Il a remporté le Soulier d'or européen en 2020;factuel;2;trente-six buts
IMMOBILE;Immobile;8;legendes;Huit lettres au patronyme trompeur pour un attaquant;joueur;1;homonymie amusante
INSTINCT;instinct;8;fillfoot;Ce qui place le finisseur au bon endroit;factuel;1;sens du placement
INSTINCT;instinct;8;fillfoot;Il ne s'apprend pas au tableau blanc;joueur;1;limite de la théorie
INTERNAT;internat;8;feminin;Hébergement des jeunes joueuses en centre;factuel;1;vie du pensionnaire
INTERNAT;internat;8;feminin;On y entre parfois dès quatorze ans;factuel;2;âge d'admission
INTERNAT;internat;8;feminin;Huit lettres loin de la famille;joueur;1;sacrifice du parcours
JAMAIQUE;Jamaïque;8;selections;Sélection caribéenne surnommée les Reggae Boyz;factuel;2;surnom du pays
JAMAIQUE;Jamaïque;8;selections;Elle a disputé le Mondial 1998;factuel;3;unique participation
JAMAIQUE;Jamaïque;8;selections;Huit lettres jaune, vert et noir;joueur;2;couleurs nationales
JEUNESSE;jeunesse;8;clubs;Mot présent dans le nom du club auxerrois;factuel;3;dénomination complète
JEUNESSE;jeunesse;8;clubs;Elle désigne aussi l'âge des joueurs formés;factuel;1;acception courante
JEUNESSE;jeunesse;8;clubs;Huit lettres qu'un centre de formation cultive;joueur;2;politique du club
JONGLAGE;jonglage;8;culture;Exercice qui consiste à garder le ballon en l'air;factuel;1;geste de base
JONGLAGE;jonglage;8;culture;Il se compte en nombre de touches;factuel;1;mesure de la performance
JONGLAGE;jonglage;8;culture;Huit lettres qui ne servent presque jamais en match;joueur;1;limite de l'exercice
JORDANIE;Jordanie;8;selections;Sélection découvrant le Mondial en 2026;factuel;3;première participation
JORDANIE;Jordanie;8;selections;Elle figurait dans le groupe de l'Argentine;factuel;3;tirage de 2026
JORDANIE;Jordanie;8;selections;Huit lettres du royaume hachémite;joueur;3;régime du pays
JORGINHO;Jorginho;8;legendes;Latéral droit brésilien champion du monde en 1994;factuel;3;titre américain
JORGINHO;Jorginho;8;legendes;Un homonyme italien a gagné l'Euro 2020;factuel;2;milieu de la Squadra
JORGINHO;Jorginho;8;legendes;Huit lettres au diminutif très brésilien;joueur;2;forme du surnom
JUVENTUS;Juventus;8;clubs;Club turinois aux rayures noires et blanches;factuel;1;couleurs du maillot
JUVENTUS;Juventus;8;clubs;Il a recruté Boga à Nice en 2026;factuel;3;mercato estival
JUVENTUS;Juventus;8;clubs;Huit lettres surnommées la Vieille Dame;joueur;1;surnom du club
KAREMBEU;Karembeu;8;legendes;Champion du monde 1998 originaire de Nouvelle-Calédonie;factuel;2;parcours du joueur
KAREMBEU;Karembeu;8;legendes;Il ne chantait pas l'hymne, et l'a expliqué;factuel;3;position assumée
KAREMBEU;Karembeu;8;legendes;Huit lettres qui ont aussi gagné la Ligue des champions;joueur;2;titre avec le Real
KLUIVERT;Kluivert;8;legendes;Il a marqué en finale de C1 à dix-huit ans;factuel;2;titre de l'Ajax en 1995
KLUIVERT;Kluivert;8;legendes;Attaquant néerlandais passé par le Barça;factuel;2;carrière du joueur
KLUIVERT;Kluivert;8;legendes;Huit lettres dont le fils joue aussi au haut niveau;joueur;2;filiation footballistique
LATERALE;latérale;8;feminin;Celle qui tient un couloir en défense;factuel;1;poste de la ligne
LATERALE;latérale;8;feminin;Elle monte de plus en plus haut;factuel;1;évolution du poste
LATERALE;latérale;8;feminin;Huit lettres qui parcourent tout le côté;joueur;1;volume de course
LEONARDO;Leonardo;8;legendes;Milieu brésilien champion du monde en 1994;factuel;2;titre américain
LEONARDO;Leonardo;8;legendes;Il est devenu dirigeant du club parisien;factuel;2;seconde carrière
LEONARDO;Leonardo;8;legendes;Huit lettres qui portent aussi le nom d'un peintre;joueur;1;homonymie
LEOPARDS;Léopards;8;selections;Surnom de la sélection congolaise;factuel;2;République démocratique
LEOPARDS;Léopards;8;selections;Ils ont accroché le Portugal au Mondial 2026;factuel;3;match nul du groupe K
LEOPARDS;Léopards;8;selections;Huit lettres tachetées;joueur;2;pelage de l'animal
LESOMMER;Le Sommer;8;feminin;Meilleure buteuse de l'histoire des Bleues;factuel;1;record national
LESOMMER;Le Sommer;8;feminin;Elle a passé presque toute sa carrière à Lyon;factuel;1;fidélité au club
LESOMMER;Le Sommer;8;feminin;Huit lettres au tout petit gabarit;joueur;2;silhouette de la joueuse
LEWELING;Leweling;8;actuels;Ailier allemand fourni par Stuttgart;factuel;2;quatre joueurs du club
LEWELING;Leweling;8;actuels;Retenu pour la Coupe du monde 2026;factuel;1;liste de Nagelsmann
LEWELING;Leweling;8;actuels;Huit lettres venues du Neckar;joueur;3;club souabe
LICENCIE;licencié;8;culture;Joueur inscrit dans un club officiel;factuel;1;statut administratif
LICENCIE;licencié;8;culture;La France en compte plus de deux millions;factuel;2;poids du sport
LICENCIE;licencié;8;culture;Huit lettres qui ont un tout autre sens en entreprise;joueur;2;double sens
LISBONNE;Lisbonne;8;clubs;Capitale portugaise à deux grands clubs;factuel;1;Benfica et Sporting
LISBONNE;Lisbonne;8;clubs;Elle a reçu la finale de la C1 en 2020;factuel;2;édition à huis clos
LISBONNE;Lisbonne;8;clubs;Huit lettres au bord du Tage;joueur;2;géographie
LIZARAZU;Lizarazu;8;legendes;Latéral gauche champion du monde en 1998;factuel;1;titre tricolore
LIZARAZU;Lizarazu;8;legendes;Il a passé huit saisons au Bayern Munich;factuel;2;carrière allemande
LIZARAZU;Lizarazu;8;legendes;Huit lettres basques taillées comme un athlète;joueur;2;réputation physique
LLORENTE;Llorente;8;actuels;Polyvalent espagnol du groupe sacré en 2026;factuel;2;effectif de la Roja
LLORENTE;Llorente;8;actuels;Il a cédé sa place face à l'Arabie saoudite;factuel;3;rotation en phase de poules
LLORENTE;Llorente;8;actuels;Huit lettres et tous les postes du côté droit;joueur;2;polyvalence
LUZHNIKI;Loujniki;8;stades;Enceinte de la finale du Mondial 2018;factuel;1;France contre Croatie
LUZHNIKI;Loujniki;8;stades;Il se trouve à Moscou;factuel;1;capitale russe
LUZHNIKI;Loujniki;8;stades;Huit lettres où les Bleus ont pris leur deuxième étoile;joueur;1;titre de 2018
MAGAZINE;magazine;8;fillfoot;Émission hebdomadaire qui résume la journée;factuel;1;format télévisé
MAGAZINE;magazine;8;fillfoot;On y voit les buts sans avoir vu les matchs;joueur;1;résumé condensé
MAINTIEN;maintien;8;competitions;Objectif de ceux qui jouent le bas de tableau;factuel;1;survie dans l'élite
MAINTIEN;maintien;8;competitions;Il se joue souvent à la dernière journée;factuel;1;suspense final
MAINTIEN;maintien;8;competitions;Huit lettres qui valent un titre pour certains;joueur;1;objectif d'une saison
MAITRISE;maîtrise;8;vocab;Contrôle du rythme et du ballon;factuel;2;domination tranquille
MAITRISE;maîtrise;8;vocab;Elle se perd en deux minutes de panique;joueur;2;bascule du match
MAKELELE;Makelele;8;legendes;Un rôle au milieu de terrain porte son nom;factuel;2;poste éponyme
MAKELELE;Makelele;8;legendes;Il a joué au Real puis à Chelsea;factuel;2;carrière du joueur
MAKELELE;Makelele;8;legendes;Huit lettres qui récupéraient tout sans qu'on les voie;joueur;2;joueur de l'ombre
MAKSIMIR;Maksimir;8;stades;Enceinte croate de la capitale;factuel;3;Zagreb
MAKSIMIR;Maksimir;8;stades;Elle accueille aussi la sélection au damier;factuel;2;matchs internationaux
MAKSIMIR;Maksimir;8;stades;Huit lettres qui portent le nom d'un parc;joueur;3;toponymie locale
MANDANDA;Mandanda;8;actuels;Recordman des trophées UNFP du meilleur gardien;factuel;2;cinq distinctions
MANDANDA;Mandanda;8;actuels;Portier français au palmarès individuel unique;factuel;2;record en Ligue 1
MANDANDA;Mandanda;8;actuels;Huit lettres cinq fois sacrées;joueur;2;nombre de trophées
MARACANA;Maracanã;8;stades;Théâtre du drame brésilien de 1950;factuel;2;finale perdue contre l'Uruguay
MARACANA;Maracanã;8;stades;Il a accueilli la finale du Mondial 2014;factuel;1;Allemagne contre Argentine
MARACANA;Maracanã;8;stades;Huit lettres au cœur de Rio;joueur;1;implantation du stade
MARADONA;Maradona;8;legendes;Auteur du but du siècle contre l'Angleterre;factuel;1;Mondial 1986
MARADONA;Maradona;8;legendes;Il a rendu Naples champion d'Italie;factuel;2;titres de 1987 et 1990
MARADONA;Maradona;8;legendes;Huit lettres au pied gauche magique;joueur;1;réputation du meneur
MARITIMO;Marítimo;8;clubs;Club portugais de l'île de Madère;factuel;3;championnat lusitanien
MARITIMO;Marítimo;8;clubs;Son nom évoque la mer;factuel;2;étymologie
MARITIMO;Marítimo;8;clubs;Huit lettres vert et rouge de l'Atlantique;joueur;3;couleurs du club
MARMOUSH;Marmoush;8;actuels;Attaquant égyptien arrivé à City en 2025;factuel;2;transfert du joueur
MARMOUSH;Marmoush;8;actuels;Il avait explosé à Francfort;factuel;3;saison précédente
MARMOUSH;Marmoush;8;actuels;Huit lettres qui accompagnent Salah en sélection;joueur;2;attaque des Pharaons
MARQUAGE;marquage;8;vocab;Surveillance d'un adversaire désigné;factuel;1;consigne défensive
MARQUAGE;marquage;8;vocab;À la culotte, il finit par agacer;joueur;2;expression consacrée
MARQUEUR;marqueur;8;vocab;Auteur d'une réalisation dans la rencontre;factuel;1;feuille de match
MARQUEUR;marqueur;8;vocab;Le tableau affiche son nom et la minute;factuel;1;affichage du stade
MARQUEUR;marqueur;8;vocab;Il court vers le poteau de corner, bras ouverts;joueur;1;célébration classique
MARTINEZ;Martínez;8;actuels;Deux Argentins le portaient au Mondial 2026;factuel;1;le portier et l'avant-centre
MARTINEZ;Martínez;8;actuels;Le gardien et le buteur partagent ce patronyme;factuel;2;homonymie albiceleste
MARTINEZ;Martínez;8;actuels;Un seul nom pour deux finalistes;joueur;1;doublon dans l'effectif
MASCOTTE;mascotte;8;fillfoot;Personnage costumé qui chauffe les gradins;factuel;1;animation du stade
MASCOTTE;mascotte;8;fillfoot;Elle danse même quand on perd trois à zéro;joueur;1;devoir d'enthousiasme
MATILDAS;Matildas;8;feminin;Surnom de la sélection australienne;factuel;2;équipe océanienne
MATILDAS;Matildas;8;feminin;Elles ont atteint les demi-finales chez elles;factuel;2;Mondial 2023
MATILDAS;Matildas;8;feminin;Huit lettres venues d'une chanson populaire;joueur;2;origine du surnom
MATTHAUS;Matthäus;8;legendes;Ballon d'Or allemand champion du monde en 1990;factuel;2;titre italien
MATTHAUS;Matthäus;8;legendes;Il a disputé cinq Coupes du monde, un record;factuel;2;longévité en sélection
MATTHAUS;Matthäus;8;legendes;Huit lettres qui menaient tout le milieu allemand;joueur;2;rôle du capitaine
MAZRAOUI;Mazraoui;8;actuels;Latéral marocain passé du Bayern à Manchester;factuel;2;parcours du joueur
MAZRAOUI;Mazraoui;8;actuels;Troisième joueur le plus capé du groupe;factuel;3;quarante sélections
MAZRAOUI;Mazraoui;8;actuels;Huit lettres pour un couloir défensif;joueur;1;poste du joueur
MEDAILLE;médaille;8;culture;Récompense remise sur le podium;factuel;1;objet de la cérémonie
MEDAILLE;médaille;8;culture;Les finalistes reçoivent l'argent;factuel;1;protocole du classement
MEDAILLE;médaille;8;culture;Huit lettres que certains retirent aussitôt;joueur;2;déception du perdant
MERCREDI;mercredi;8;feminin;Jour de l'entraînement des jeunes;factuel;1;rythme scolaire
MERCREDI;mercredi;8;feminin;Il concentre l'essentiel des séances;factuel;1;organisation de la semaine
MERCREDI;mercredi;8;feminin;Huit lettres attendues toute la semaine;joueur;1;impatience des enfants
MESTALLA;Mestalla;8;stades;Enceinte réputée pour ses tribunes très pentues;factuel;2;Valence
MESTALLA;Mestalla;8;stades;Le public y est presque au bord de la pelouse;factuel;2;proximité du terrain
MESTALLA;Mestalla;8;stades;Huit lettres parmi les plus anciennes d'Espagne;joueur;3;ancienneté du stade
MILLWALL;Millwall;8;clubs;Club du sud-est de Londres;factuel;3;championnat anglais
MILLWALL;Millwall;8;clubs;Il joue à The Den;factuel;3;enceinte du club
MILLWALL;Millwall;8;clubs;Huit lettres bleu marine et blanc;joueur;3;couleurs du club
MINEIRAO;Mineirão;8;stades;Enceinte du sept à un de 2014;factuel;1;demi-finale du Mondial
MINEIRAO;Mineirão;8;stades;Elle se trouve à Belo Horizonte;factuel;2;implantation
MINEIRAO;Mineirão;8;stades;Huit lettres témoins d'une humiliation nationale;joueur;1;Brésil contre Allemagne
MIYAZAWA;Miyazawa;8;feminin;Attaquante japonaise meilleure buteuse d'un Mondial;factuel;3;édition 2023
MIYAZAWA;Miyazawa;8;feminin;Elle avait inscrit cinq buts dans le tournoi;factuel;3;soulier d'or
MIYAZAWA;Miyazawa;8;feminin;Huit lettres révélées sur le tard;joueur;3;parcours de la joueuse
MODESTIE;modestie;8;fillfoot;Vertu réclamée par le staff après un succès;factuel;1;discours d'après-match
MODESTIE;modestie;8;fillfoot;Elle disparaît vite après trois victoires;joueur;1;excès de confiance
MOLINEUX;Molineux;8;stades;Enceinte du club relégué en 2026;factuel;3;Wolverhampton
MOLINEUX;Molineux;8;stades;Son nom a une consonance française;factuel;3;origine du nom
MOLINEUX;Molineux;8;stades;Huit lettres or et noir des Midlands;joueur;3;couleurs du club
MONDIAUX;mondiaux;8;competitions;Pluriel qui désigne plusieurs éditions;factuel;1;grammaire française
MONDIAUX;mondiaux;8;competitions;Le Brésil en a remporté cinq;factuel;1;record de titres
MONDIAUX;mondiaux;8;competitions;Huit lettres qui rythment les quatre ans;joueur;1;cycle de la compétition
MONITEUR;moniteur;8;coachs;Encadrant qui fait travailler les plus jeunes;factuel;1;club amateur
MONITEUR;moniteur;8;coachs;Il possède souvent un brevet fédéral;factuel;2;diplôme requis
MONITEUR;moniteur;8;coachs;Huit lettres qui désignent aussi un écran;joueur;1;homonymie
MONTJUIC;Montjuïc;8;stades;Colline barcelonaise au stade olympique;factuel;2;Jeux de 1992
MONTJUIC;Montjuïc;8;stades;Le Barça y a joué pendant ses travaux;factuel;2;exil temporaire
MONTJUIC;Montjuïc;8;stades;Huit lettres qui dominent la ville;joueur;2;situation du lieu
MONTREAL;Montréal;8;clubs;Club canadien de la MLS;factuel;2;championnat nord-américain
MONTREAL;Montréal;8;clubs;Ville hôte des Jeux olympiques de 1976;factuel;2;olympisme
MONTREAL;Montréal;8;clubs;Huit lettres francophones d'Amérique du Nord;joueur;1;particularité linguistique
MOSCARDO;Moscardo;8;actuels;Milieu brésilien de l'effectif parisien;factuel;3;saison 2026-2027
MOSCARDO;Moscardo;8;actuels;Récupérateur recruté par le club de la capitale;factuel;3;parcours du joueur
MOSCARDO;Moscardo;8;actuels;Huit lettres à consonance brésilienne;joueur;2;origine du nom
MOURINHO;Mourinho;8;coachs;Il s'est lui-même surnommé le Special One;factuel;1;phrase restée célèbre
MOURINHO;Mourinho;8;coachs;Il a gagné la C1 avec Porto puis avec l'Inter;factuel;1;2004 et 2010
MOURINHO;Mourinho;8;coachs;Huit lettres qui adorent la provocation;joueur;1;style en conférence
MULHOUSE;Mulhouse;8;clubs;Club alsacien du football français;factuel;3;implantation
MULHOUSE;Mulhouse;8;clubs;Sa ville abrite un grand musée de l'automobile;factuel;3;patrimoine local
MULHOUSE;Mulhouse;8;clubs;Huit lettres jaune et bleu du Haut-Rhin;joueur;3;couleurs du club
MURAILLE;muraille;8;vocab;Défense que plus rien ne traverse;factuel;2;solidité défensive
MURAILLE;muraille;8;vocab;Zéro encaissé en dix journées de suite;joueur;2;série défensive
MURJAUNE;mur jaune;8;stades;Surnom de la plus vaste tribune debout d'Europe;factuel;1;Dortmund
MURJAUNE;mur jaune;8;stades;Elle accueille vingt-cinq mille personnes debout;factuel;1;capacité du virage
MURJAUNE;mur jaune;8;stades;Huit lettres qui impressionnent chaque visiteur;joueur;1;effet sur les adversaires
NACIONAL;Nacional;8;clubs;Club uruguayen rival de Peñarol;factuel;3;derby de Montevideo
NACIONAL;Nacional;8;clubs;Suárez et Cavani y ont été formés;factuel;3;centre de formation
NACIONAL;Nacional;8;clubs;Huit lettres bleu, blanc et rouge;joueur;3;couleurs du club
NAKAMURA;Nakamura;8;legendes;Son coup franc contre United reste célèbre en Écosse;factuel;3;but avec le Celtic
NAKAMURA;Nakamura;8;legendes;Milieu japonais au pied gauche magique;factuel;3;réputation du joueur
NAKAMURA;Nakamura;8;legendes;Huit lettres qui visaient toujours la lucarne;joueur;3;spécialité du tireur
NATIONAL;National;8;competitions;Troisième échelon du football français;factuel;2;division sous la Ligue 2
NATIONAL;National;8;competitions;On y trouve des clubs professionnels et amateurs;factuel;3;statut mixte
NATIONAL;National;8;competitions;Huit lettres où l'on se bat pour remonter;joueur;2;objectif des clubs
OBERDORF;Oberdorf;8;feminin;Milieu allemande élue meilleure jeune d'un Euro;factuel;3;édition 2022
OBERDORF;Oberdorf;8;feminin;Elle protège la défense de son équipe;factuel;3;poste de sentinelle
OBERDORF;Oberdorf;8;feminin;Huit lettres au gabarit très athlétique;joueur;3;profil de la joueuse
ODEGAARD;Ødegaard;8;actuels;Capitaine norvégien d'Arsenal;factuel;1;brassard des Gunners
ODEGAARD;Ødegaard;8;actuels;Il avait signé au Real à seize ans;factuel;2;précocité du meneur
ODEGAARD;Ødegaard;8;actuels;Huit lettres au sang-froid remarquable;joueur;2;style du milieu
OFFENSIF;offensif;8;vocab;Tourné vers la cage adverse;factuel;1;orientation du jeu
OFFENSIF;offensif;8;vocab;Le milieu qui l'est ne défend jamais vraiment;joueur;2;profil de poste
OLIMPICO;Olimpico;8;stades;Enceinte romaine partagée par deux clubs;factuel;2;Roma et Lazio
OLIMPICO;Olimpico;8;stades;La finale du Mondial 1990 s'y est jouée;factuel;2;Allemagne contre Argentine
OLIMPICO;Olimpico;8;stades;Huit lettres au cœur de la capitale italienne;joueur;2;implantation
OTAMENDI;Otamendi;8;actuels;Défenseur central argentin, vétéran de l'Albiceleste;factuel;2;grognard de la sélection
OTAMENDI;Otamendi;8;actuels;Champion du monde 2022 encore présent en 2026;factuel;2;longévité en sélection
OTAMENDI;Otamendi;8;actuels;Huit lettres pour un roc de l'axe;joueur;1;profil du joueur
OUATTARA;Ouattara;8;actuels;Ailier burkinabè de Bournemouth;factuel;3;carrière anglaise
OUATTARA;Ouattara;8;actuels;Il avait été formé à Lorient;factuel;3;parcours du joueur
OUATTARA;Ouattara;8;actuels;Huit lettres très répandues en Afrique de l'Ouest;joueur;2;patronyme courant
OVERMARS;Overmars;8;legendes;Ailier néerlandais fusée de l'Ajax et d'Arsenal;factuel;2;carrière du joueur
OVERMARS;Overmars;8;legendes;Il a gagné la C1 avec l'Ajax en 1995;factuel;2;titre continental
OVERMARS;Overmars;8;legendes;Huit lettres qui partaient avant le défenseur;joueur;2;vitesse du joueur
PALHINHA;Palhinha;8;actuels;Milieu portugais absent de la liste de 2026;factuel;2;non-convocation notable
PALHINHA;Palhinha;8;actuels;Récupérateur écarté par le sélectionneur;factuel;2;choix de Martínez
PALHINHA;Palhinha;8;actuels;Huit lettres restées à Londres;joueur;2;non-sélection
PALMARES;palmarès;8;vocab;Liste des trophées remportés;factuel;1;bilan d'un club
PALMARES;palmarès;8;vocab;On le regarde en silence quand il est vide;joueur;2;absence de titres
PANCARTE;pancarte;8;fillfoot;Le quatrième homme la lève pour le changement;factuel;1;affichage du numéro
PANCARTE;pancarte;8;fillfoot;Le fidèle y a écrit un message pour la télé;joueur;1;initiative des tribunes
PARABOLE;parabole;8;culture;Antenne qui captait les chaînes étrangères;factuel;2;équipement d'époque
PARABOLE;parabole;8;culture;Elle permettait de voir les championnats lointains;factuel;2;usage du passionné
PARABOLE;parabole;8;culture;Huit lettres qui désignent aussi une courbe;joueur;2;homonymie
PARAGUAY;Paraguay;8;selections;Sélection surnommée l'Albirroja;factuel;3;couleurs du maillot
PARAGUAY;Paraguay;8;selections;Chilavert en fut le gardien buteur;factuel;2;portier emblématique
PARAGUAY;Paraguay;8;selections;Huit lettres éliminées par les Bleus en 2026;joueur;3;huitième de finale
PARKHEAD;Parkhead;8;stades;Enceinte du club vert et blanc de Glasgow;factuel;3;Celtic
PARKHEAD;Parkhead;8;stades;Son ambiance est réputée parmi les plus chaudes;factuel;2;ferveur du public
PARKHEAD;Parkhead;8;stades;Huit lettres où résonne le derby écossais;joueur;2;Old Firm
PARTIZAN;Partizan;8;clubs;Club serbe rival de l'Étoile rouge;factuel;3;derby de Belgrade
PARTIZAN;Partizan;8;clubs;Il fut finaliste de la Coupe d'Europe en 1966;factuel;3;parcours continental
PARTIZAN;Partizan;8;clubs;Huit lettres noir et blanc;joueur;3;couleurs du club
PASADENA;Pasadena;8;feminin;Ville de la finale du Mondial féminin 1999;factuel;2;États-Unis contre Chine
PASADENA;Pasadena;8;feminin;Plus de quatre-vingt-dix mille personnes y étaient;factuel;2;affluence record
PASADENA;Pasadena;8;feminin;Huit lettres qui ont tout changé pour le foot féminin;joueur;2;tournant historique
PASSEUSE;passeuse;8;feminin;Celle qui délivre le dernier ballon;factuel;1;féminin du passeur
PASSEUSE;passeuse;8;feminin;Ses offrandes se comptent en fin de saison;factuel;1;statistique du poste
PASSEUSE;passeuse;8;feminin;Huit lettres qui voient avant les autres;joueur;1;qualité de la joueuse
PATERNEL;paternel;8;coachs;Adjectif d'un technicien protecteur avec ses joueurs;factuel;2;style de management
PATERNEL;paternel;8;coachs;Il s'oppose au coach autoritaire;factuel;1;deux écoles
PATERNEL;paternel;8;coachs;Huit lettres qui tutoient tout le monde;joueur;2;proximité du coach
PAVLIDIS;Pavlidis;8;actuels;Deuxième buteur du championnat portugais;factuel;2;vingt et une réalisations
PAVLIDIS;Pavlidis;8;actuels;Attaquant grec du football portugais;factuel;3;profil du joueur
PAVLIDIS;Pavlidis;8;actuels;Huit lettres à consonance hellénique;joueur;2;origine du nom
PAVLOVIC;Pavlovic;8;actuels;Jeune milieu allemand du contingent bavarois;factuel;2;sept joueurs du Bayern
PAVLOVIC;Pavlovic;8;actuels;Retenu pour le Mondial 2026 par Nagelsmann;factuel;1;liste de mai
PAVLOVIC;Pavlovic;8;actuels;Huit lettres à consonance slave dans la Mannschaft;joueur;2;origine du nom
PEINTURE;peinture;8;culture;Ce dont certains supporters se couvrent le visage;factuel;1;rituel du public
PEINTURE;peinture;8;culture;Elle reprend les couleurs du club;factuel;1;identification aux couleurs
PEINTURE;peinture;8;culture;Huit lettres qui coulent sous la pluie;joueur;1;réalité du stade
PERISSET;Périsset;8;feminin;Latérale droite française internationale;factuel;3;défenseure des Bleues
PERISSET;Périsset;8;feminin;Elle a joué à Bordeaux, Lyon et en Angleterre;factuel;3;carrière de la joueuse
PERISSET;Périsset;8;feminin;Huit lettres qui centrent très bien;joueur;3;qualité de la latérale
PERRUQUE;perruque;8;culture;Accessoire coloré porté en tribune;factuel;1;déguisement du supporter
PERRUQUE;perruque;8;culture;Elle reprend les couleurs de la sélection;factuel;1;identification nationale
PERRUQUE;perruque;8;culture;Huit lettres qui gênent le voisin de derrière;joueur;1;inconvénient du gradin
PEZZELLA;Pezzella;8;actuels;Central argentin sacré en 2022, absent en 2026;factuel;2;non retenu
PEZZELLA;Pezzella;8;actuels;Il a été écarté du groupe pour l'Amérique du Nord;factuel;2;fin de cycle
PEZZELLA;Pezzella;8;actuels;Huit lettres à consonance italienne;joueur;2;origine du nom
PHARAONS;Pharaons;8;selections;Surnom de la sélection égyptienne;factuel;1;référence antique
PHARAONS;Pharaons;8;selections;Ils détiennent le record de titres africains;factuel;2;sept Coupes d'Afrique
PHARAONS;Pharaons;8;selections;Huit lettres qui régnaient sur le Nil;joueur;1;origine du surnom
PHOCEENS;Phocéens;8;clubs;Surnom des joueurs du club marseillais;factuel;2;origine grecque de la ville
PHOCEENS;Phocéens;8;clubs;Il rappelle les fondateurs antiques de la cité;factuel;2;étymologie
PHOCEENS;Phocéens;8;clubs;Huit lettres blanc et bleu ciel;joueur;2;couleurs du club
PHYSIQUE;physique;8;vocab;Condition athlétique du joueur;factuel;1;état de forme
PHYSIQUE;physique;8;vocab;Le duel qui l'est laisse des traces;joueur;2;engagement dans le contact
PICHICHI;Pichichi;8;competitions;Trophée du meilleur buteur du championnat espagnol;factuel;2;distinction de Liga
PICHICHI;Pichichi;8;competitions;Il porte le surnom d'un attaquant de Bilbao;factuel;3;origine du nom
PICHICHI;Pichichi;8;competitions;Huit lettres décernées par un quotidien sportif;joueur;3;attribution médiatique
PLANNING;planning;8;coachs;Calendrier des séances de la semaine;factuel;1;organisation du groupe
PLANNING;planning;8;coachs;Il s'adapte au nombre de matchs;factuel;1;contrainte du calendrier
PLANNING;planning;8;coachs;Huit lettres affichées dans le vestiaire;joueur;1;usage du document
PLAYLIST;playlist;8;culture;Sélection de morceaux passés avant le match;factuel;1;ambiance du stade
PLAYLIST;playlist;8;culture;Chaque club a la sienne pour l'échauffement;factuel;2;rituel des équipes
PLAYLIST;playlist;8;culture;Huit lettres qui chauffent la salle;joueur;1;fonction de la musique
PLONGEON;plongeon;8;vocab;Le portier s'allonge pour détourner;factuel;1;parade du gardien
PLONGEON;plongeon;8;vocab;Simulé, il vaut un avertissement;joueur;2;simulation sanctionnée
PLYMOUTH;Plymouth;8;clubs;Club anglais du Devon;factuel;3;championnat anglais
PLYMOUTH;Plymouth;8;clubs;Sa ville vit partir les pères pèlerins en 1620;factuel;2;histoire locale
PLYMOUTH;Plymouth;8;clubs;Huit lettres vertes du sud-ouest anglais;joueur;3;couleur du maillot
PODOLSKI;Podolski;8;legendes;Attaquant allemand à la frappe de gauche redoutée;factuel;2;réputation du joueur
PODOLSKI;Podolski;8;legendes;Champion du monde 2014 né en Pologne;factuel;2;double culture
PODOLSKI;Podolski;8;legendes;Huit lettres qui tiraient plus fort que tout le monde;joueur;2;puissance de frappe
POITRINE;poitrine;8;fillfoot;L'amorti s'y exécute avec élégance;factuel;1;contrôle du buste
POITRINE;poitrine;8;fillfoot;Le blason s'y porte fièrement;joueur;1;emplacement de l'écusson
PORTIQUE;portique;8;stades;Cadre de détection à l'entrée du stade;factuel;2;dispositif de sécurité
PORTIQUE;portique;8;stades;Il faut le franchir avant la fouille;factuel;2;procédure d'accès
PORTIQUE;portique;8;stades;Huit lettres qui allongent la file d'attente;joueur;1;désagrément de l'entrée
PORTUGAL;Portugal;8;selections;Éliminé par l'Espagne en huitièmes en 2026;factuel;2;derby ibérique
PORTUGAL;Portugal;8;selections;Il a gagné l'Euro 2016 en France;factuel;1;titre continental
PORTUGAL;Portugal;8;selections;Huit lettres emmenées par un capitaine de 41 ans;joueur;2;Ronaldo en 2026
PREMIERE;première;8;feminin;Ce qu'accomplit celle qui ouvre une voie;factuel;1;acte fondateur
PREMIERE;première;8;feminin;Frappart en a signé plusieurs en arbitrage;factuel;2;parcours de l'arbitre
PREMIERE;première;8;feminin;Huit lettres qui font entrer dans l'histoire;joueur;1;portée du moment
PRESSING;pressing;8;vocab;Harcèlement du porteur du ballon;factuel;1;principe défensif
PRESSING;pressing;8;vocab;Déclenché haut, il coupe les relances;factuel;2;pression dans le camp adverse
PRESSING;pressing;8;vocab;Klopp en a fait sa signature;joueur;2;style associé au technicien allemand
PRESSION;pression;8;vocab;Contrainte exercée sur le porteur du ballon;factuel;1;principe défensif
PRESSION;pression;8;vocab;Celle du public pèse sur les épaules;joueur;1;attente des supporters
PUTELLAS;Putellas;8;feminin;Double Ballon d'Or espagnole du Barça;factuel;1;2021 et 2022
PUTELLAS;Putellas;8;feminin;Elle est championne du monde 2023;factuel;1;titre de la Roja
PUTELLAS;Putellas;8;feminin;Huit lettres capitaines de leur club de toujours;joueur;1;fidélité au Barça
QUARTIER;quartier;8;fillfoot;Le club porte souvent son nom;factuel;1;ancrage local
QUARTIER;quartier;8;fillfoot;On y a joué avant de venir en tribune;joueur;1;football de rue
QUEVILLY;Quevilly;8;clubs;Club normand finaliste de la Coupe en 2012;factuel;3;exploit amateur
QUEVILLY;Quevilly;8;clubs;Il évoluait alors en troisième division;factuel;3;parcours remarquable
QUEVILLY;Quevilly;8;clubs;Huit lettres de la banlieue de Rouen;joueur;3;implantation
RAPHINHA;Raphinha;8;actuels;Ailier brésilien évoluant au Barça;factuel;2;club espagnol
RAPHINHA;Raphinha;8;actuels;Il figurait parmi les stars de la liste de 2026;factuel;1;sélection d'Ancelotti
RAPHINHA;Raphinha;8;actuels;Huit lettres et un diminutif d'usage;joueur;1;forme du nom
RAPHINHA;Raphinha;8;actuels;Colauréat du Soulier d'or de la Ligue des champions;factuel;3;treize buts en 2024-2025
RASHFORD;Rashford;8;legendes;Attaquant anglais formé à Manchester United;factuel;1;produit du club
RASHFORD;Rashford;8;legendes;Il a fait changer une loi sur les repas scolaires;factuel;2;engagement du joueur
RASHFORD;Rashford;8;legendes;Huit lettres qui ont marqué dès leur premier match;joueur;2;début fracassant
REGIONAL;régional;8;competitions;Niveau géré par les ligues territoriales;factuel;2;organisation fédérale
REGIONAL;régional;8;competitions;Ses clubs entrent en Coupe de France dès l'été;factuel;2;premiers tours
REGIONAL;régional;8;competitions;Huit lettres où se joue le vrai football du dimanche;joueur;1;football de proximité
REGRAGUI;Regragui;8;coachs;Sélectionneur marocain de l'épopée de 2022;factuel;1;demi-finale au Qatar
REGRAGUI;Regragui;8;coachs;Il était arrivé quelques mois avant le tournoi;factuel;2;nomination tardive
REGRAGUI;Regragui;8;coachs;Huit lettres qui ont fait vibrer tout un continent;joueur;1;première africaine
REHHAGEL;Rehhagel;8;coachs;Technicien allemand champion d'Europe avec la Grèce;factuel;2;exploit de 2004
REHHAGEL;Rehhagel;8;coachs;Sa sélection était donnée à cent contre un;factuel;2;surprise du tournoi
REHHAGEL;Rehhagel;8;coachs;Huit lettres devenues héros national en Grèce;joueur;2;statut du coach
RELAYEUR;relayeur;8;vocab;Milieu reliant récupération et création;factuel;2;poste intermédiaire
RELAYEUR;relayeur;8;vocab;Il court plus que tous les autres;joueur;2;volume de jeu
REPORTER;reporter;8;culture;Journaliste envoyé au bord du terrain;factuel;1;métier du média
REPORTER;reporter;8;culture;Il attrape les joueurs à leur sortie;factuel;1;interview d'après-match
REPORTER;reporter;8;culture;Huit lettres qui signifient aussi remettre à plus tard;joueur;1;homographie
REVANCHE;revanche;8;vocab;Rencontre disputée après une défaite;factuel;1;match retour
REVANCHE;revanche;8;vocab;Le vestiaire l'attend depuis six mois;joueur;1;désir de réparation
RIJKAARD;Rijkaard;8;legendes;Milieu néerlandais du grand Milan des années 90;factuel;2;trio batave
RIJKAARD;Rijkaard;8;legendes;Il a entraîné le Barça sacré en 2006;factuel;2;titre continental
RIJKAARD;Rijkaard;8;legendes;Huit lettres devenues entraîneur à Barcelone;joueur;2;reconversion
RIQUELME;Riquelme;8;legendes;Meneur argentin idole de Boca Juniors;factuel;2;légende du club
RIQUELME;Riquelme;8;legendes;Il a mené Villarreal en demi-finale de C1;factuel;3;parcours de 2006
RIQUELME;Riquelme;8;legendes;Huit lettres qui marchaient plus qu'elles ne couraient;joueur;2;style du numéro dix
RIVALITE;rivalité;8;culture;Ce qui rend un derby différent des autres matchs;factuel;1;enjeu du duel
RIVALITE;rivalité;8;culture;Elle se transmet de génération en génération;factuel;1;héritage local
RIVALITE;rivalité;8;culture;Huit lettres qui font oublier le classement;joueur;1;logique du derby
ROSEBOWL;Rose Bowl;8;feminin;Enceinte de la finale mondiale de 1999;factuel;2;stade de Pasadena
ROSEBOWL;Rose Bowl;8;feminin;Elle a aussi reçu une finale masculine;factuel;2;Mondial 1994
ROSEBOWL;Rose Bowl;8;feminin;Huit lettres qui signifient coupe de roses;joueur;2;traduction
ROTATION;rotation;8;vocab;Alternance des joueurs au fil des rencontres;factuel;2;gestion de l'effectif
ROTATION;rotation;8;vocab;Le calendrier surchargé l'impose;factuel;1;enchaînement des matchs
ROTATION;rotation;8;vocab;Les remplaçants attendent leur tour de manège;joueur;2;attente du temps de jeu
ROULETTE;roulette;8;vocab;Geste tournant devenu la marque de Zidane;factuel;2;double contact en rotation
ROULETTE;roulette;8;vocab;Deux pieds, un tour complet, plus personne;joueur;2;rotation à 360 degrés
ROUMANIE;Roumanie;8;selections;Sélection quart-de-finaliste du Mondial 1994;factuel;2;meilleur parcours
ROUMANIE;Roumanie;8;selections;Hagi en était le meneur;factuel;2;légende du pays
ROUMANIE;Roumanie;8;selections;Huit lettres jaune, bleu et rouge;joueur;2;couleurs nationales
RUBRIQUE;rubrique;8;culture;Partie d'un journal consacrée à un thème;factuel;1;organisation de la presse
RUBRIQUE;rubrique;8;culture;Celle des transferts est la plus lue en été;joueur;1;attrait du mercato
RUBRIQUE;rubrique;8;culture;Huit lettres qui classent l'information;factuel;1;structure du journal
SAMOURAI;Samouraï;8;selections;Surnom de la sélection japonaise;factuel;2;Blue Samurai
SAMOURAI;Samouraï;8;selections;Elle a coorganisé le Mondial 2002;factuel;1;avec la Corée du Sud
SAMOURAI;Samouraï;8;selections;Huit lettres empruntées aux guerriers d'autrefois;joueur;1;origine du surnom
SAMPAOLI;Sampaoli;8;coachs;Technicien argentin passé par Marseille;factuel;2;banc phocéen
SAMPAOLI;Sampaoli;8;coachs;Il est un disciple revendiqué de Bielsa;factuel;2;filiation tactique
SAMPAOLI;Sampaoli;8;coachs;Huit lettres au gabarit très menu;joueur;2;silhouette du coach
SANCTION;sanction;8;coachs;Mesure prise contre un joueur indiscipliné;factuel;1;autorité du coach
SANCTION;sanction;8;coachs;Elle peut être une mise à l'écart du groupe;factuel;1;forme habituelle
SANCTION;sanction;8;coachs;Huit lettres qui fuitent toujours dans la presse;joueur;1;écho médiatique
SANDWICH;sandwich;8;fillfoot;On l'avale à la buvette pendant la pause;factuel;1;restauration du stade
SANDWICH;sandwich;8;fillfoot;Le défenseur pris entre deux attaquants en est un;joueur;2;image consacrée
SANMAMES;San Mamés;8;stades;Enceinte basque surnommée la cathédrale;factuel;2;Bilbao
SANMAMES;San Mamés;8;stades;Son club n'aligne que des joueurs de la région;factuel;2;politique du club
SANMAMES;San Mamés;8;stades;Huit lettres à la façade éclairée la nuit;joueur;3;architecture du lieu
SANPAOLO;San Paolo;8;stades;Ancien nom de l'enceinte napolitaine;factuel;2;avant 2020
SANPAOLO;San Paolo;8;stades;Maradona y est devenu un dieu;factuel;1;idole du Vésuve
SANPAOLO;San Paolo;8;stades;Huit lettres rebaptisées en hommage à l'Argentin;joueur;2;changement de nom
SANTIAGO;Santiago;8;stades;Il précède Bernabéu dans le nom d'un stade;factuel;1;Real Madrid
SANTIAGO;Santiago;8;stades;Le nom honore un ancien président du club;factuel;2;dirigeant historique
SANTIAGO;Santiago;8;stades;Huit lettres qui nomment aussi une capitale;joueur;1;homonymie
SAOPAULO;São Paulo;8;clubs;Club brésilien trois fois vainqueur de la Libertadores;factuel;3;palmarès continental
SAOPAULO;São Paulo;8;clubs;Il joue au Morumbi;factuel;3;enceinte du club
SAOPAULO;São Paulo;8;clubs;Huit lettres rouge, blanc et noir;joueur;3;couleurs du club
SASSUOLO;Sassuolo;8;clubs;Club émilien monté en Serie A en 2013;factuel;3;première accession
SASSUOLO;Sassuolo;8;clubs;Il représente une commune de moins de 50 000 âmes;factuel;3;taille de la ville
SASSUOLO;Sassuolo;8;clubs;Huit lettres vert et noir;joueur;3;couleurs du club
SAUCISSE;saucisse;8;culture;Ce qu'on grille avant d'entrer au stade;factuel;1;rituel d'avant-match
SAUCISSE;saucisse;8;culture;Elle se vend aussi à la buvette;factuel;1;restauration du stade
SAUCISSE;saucisse;8;culture;Huit lettres qui parfument tout le parking;joueur;1;odeur du stade
SCENARIO;scénario;8;culture;Déroulé imprévisible d'une rencontre;factuel;1;récit du match
SCENARIO;scénario;8;culture;Aucun auteur n'aurait osé écrire celui d'Istanbul;joueur;2;finale de 2005
SCENARIO;scénario;8;culture;Huit lettres empruntées au cinéma;factuel;1;étymologie
SCHLAGER;Schlager;8;actuels;Autrichien parti de Leipzig en fin de contrat;factuel;3;départ libre
SCHLAGER;Schlager;8;actuels;Il a rejoint Nottingham sans indemnité;factuel;2;transfert gratuit
SCHLAGER;Schlager;8;actuels;Huit lettres qui signifient tube en allemand;joueur;2;homonymie
SCHULLER;Schüller;8;feminin;Attaquante allemande du Bayern;factuel;3;buteuse de Bundesliga
SCHULLER;Schüller;8;feminin;Elle a joué la finale de l'Euro 2022;factuel;3;défaite à Wembley
SCHULLER;Schüller;8;feminin;Huit lettres redoutables dans la surface;joueur;3;profil de la buteuse
SCORPION;scorpion;8;culture;Dégagement acrobatique des talons vers l'arrière;factuel;2;geste de gardien
SCORPION;scorpion;8;culture;Higuita l'a inventé à Wembley en 1995;factuel;2;geste éponyme
SCORPION;scorpion;8;culture;Huit lettres empruntées à un animal à dard;joueur;1;image du geste
SCOUTING;scouting;8;vocab;Repérage des joueurs à recruter;factuel;2;anglicisme du recrutement
SCOUTING;scouting;8;vocab;Une cellule entière scrute les ligues obscures;joueur;2;organisation moderne
SELHURST;Selhurst;8;stades;Il précède Park dans le nom d'un stade londonien;factuel;3;Crystal Palace
SELHURST;Selhurst;8;stades;Son virage est réputé pour ses percussions;factuel;3;ambiance du lieu
SELHURST;Selhurst;8;stades;Huit lettres au sud de la capitale anglaise;joueur;3;implantation
SERVETTE;Servette;8;clubs;Club genevois le plus titré de Suisse romande;factuel;3;championnat helvétique
SERVETTE;Servette;8;clubs;Il porte le nom d'un quartier de sa ville;factuel;3;origine du nom
SERVETTE;Servette;8;clubs;Huit lettres grenat au bord du Léman;joueur;3;couleur du maillot
SEVERITE;sévérité;8;coachs;Trait de caractère prêté aux techniciens exigeants;factuel;1;image du métier
SEVERITE;sévérité;8;coachs;Elle s'accompagne souvent de résultats;factuel;2;discours consacré
SEVERITE;sévérité;8;coachs;Huit lettres qui font peur aux jeunes recrues;joueur;1;réputation du coach
SHAKHTAR;Shakhtar;8;clubs;Club ukrainien vainqueur de la Coupe UEFA en 2009;factuel;3;titre continental
SHAKHTAR;Shakhtar;8;clubs;Son nom signifie mineur en ukrainien;factuel;3;origine industrielle
SHAKHTAR;Shakhtar;8;clubs;Huit lettres orange et noir du Donbass;joueur;3;couleurs du club
SIFFLETS;sifflets;8;vocab;Réaction hostile venue des gradins;factuel;1;mécontentement du public
SIFFLETS;sifflets;8;vocab;Ils accompagnent la sortie du numéro dix;joueur;1;désaveu du public
SINCLAIR;Sinclair;8;feminin;Canadienne recordwoman de buts internationaux;factuel;2;record tous sexes confondus
SINCLAIR;Sinclair;8;feminin;Elle a dépassé les cent quatre-vingts réalisations;factuel;2;marque historique
SINCLAIR;Sinclair;8;feminin;Huit lettres championnes olympiques en 2021;joueur;2;titre à Tokyo
SLOVENIE;Slovénie;8;selections;Petite sélection des Balkans qualifiée plusieurs fois;factuel;3;parcours du pays
SLOVENIE;Slovénie;8;selections;Oblak en garde les buts;factuel;2;portier emblématique
SLOVENIE;Slovénie;8;selections;Huit lettres coincées entre Alpes et Adriatique;joueur;3;géographie
SNEIJDER;Sneijder;8;legendes;Milieu néerlandais finaliste du Mondial 2010;factuel;2;défaite contre l'Espagne
SNEIJDER;Sneijder;8;legendes;Il a réalisé le triplé avec l'Inter la même année;factuel;2;saison 2009-2010
SNEIJDER;Sneijder;8;legendes;Huit lettres qui auraient mérité le Ballon d'Or;joueur;2;débat de 2010
SOCIEDAD;Sociedad;8;clubs;Club basque de Saint-Sébastien;factuel;2;championnat espagnol
SOCIEDAD;Sociedad;8;clubs;Il joue à Anoeta;factuel;3;enceinte du club
SOCIEDAD;Sociedad;8;clubs;Huit lettres bleu et blanc;joueur;3;couleurs du club
SOCRATES;Socrates;8;legendes;Meneur brésilien du Mondial 1982;factuel;2;équipe la plus admirée
SOCRATES;Socrates;8;legendes;Il était médecin en plus d'être footballeur;factuel;2;double vie du joueur
SOCRATES;Socrates;8;legendes;Huit lettres qui portent le nom d'un philosophe;joueur;1;homonymie
SOMBRERO;sombrero;8;vocab;Ballon passé par-dessus la tête du vis-à-vis;factuel;2;geste technique
SOMBRERO;sombrero;8;vocab;Après ça, le défenseur veut disparaître;joueur;1;geste humiliant
SPORTING;Sporting;8;clubs;Club lisboète qui a formé Cristiano Ronaldo;factuel;1;centre de formation
SPORTING;Sporting;8;clubs;Inácio et Trincão y évoluaient en 2026;factuel;3;liste portugaise
SPORTING;Sporting;8;clubs;Huit lettres vert et blanc au lion;joueur;2;couleurs et emblème
STAMFORD;Stamford;8;stades;Il précède Bridge dans le nom d'un stade londonien;factuel;1;Chelsea
STAMFORD;Stamford;8;stades;Drogba y a marqué plus de cent buts;factuel;2;idole du club
STAMFORD;Stamford;8;stades;Huit lettres coincées entre des immeubles;joueur;2;contrainte d'agrandissement
STANDARD;Standard;8;clubs;Club belge de la cité ardente;factuel;2;implantation liégeoise
STANDARD;Standard;8;clubs;Il a disputé une finale européenne en 1982;factuel;3;Coupe des coupes
STANDARD;Standard;8;clubs;Huit lettres rouge et blanc;joueur;2;couleurs du club
STERLING;Sterling;8;legendes;Ailier anglais passé par Liverpool et Manchester City;factuel;1;carrière du joueur
STERLING;Sterling;8;legendes;Il a disputé la finale de l'Euro 2020;factuel;2;défaite à Wembley
STERLING;Sterling;8;legendes;Huit lettres qui portent aussi le nom d'une monnaie;joueur;1;homonymie
STOPPEUR;stoppeur;8;vocab;Défenseur central au marquage strict;factuel;3;poste axial
STOPPEUR;stoppeur;8;vocab;Il ne fait pas dans la dentelle;joueur;2;style rugueux
SUBBUTEO;Subbuteo;8;culture;Jeu de table où l'on pousse des figurines du doigt;factuel;2;classique d'avant l'écran
SUBBUTEO;Subbuteo;8;culture;Il se joue sur un tapis vert;factuel;2;matériel du jeu
SUBBUTEO;Subbuteo;8;culture;Huit lettres que les consoles ont fait oublier;joueur;2;déclin du jeu
SUNDOWNS;Sundowns;8;clubs;Club sud-africain de Pretoria;factuel;3;championnat local
SUNDOWNS;Sundowns;8;clubs;Il domine le football de son pays depuis des années;factuel;3;hégémonie nationale
SUNDOWNS;Sundowns;8;clubs;Huit lettres jaunes au nom évoquant le couchant;joueur;3;traduction du nom
SUSPENSE;suspense;8;fillfoot;Ce que le classement offre jusqu'en mai;factuel;1;incertitude du championnat
SUSPENSE;suspense;8;fillfoot;Insoutenable pendant la séance des onze mètres;joueur;1;tension du départage
SZCZESNY;Szczesny;8;legendes;Gardien polonais passé par Arsenal et la Juventus;factuel;2;carrière du joueur
SZCZESNY;Szczesny;8;legendes;Il a arrêté un penalty au Mondial 2022;factuel;3;match contre l'Arabie
SZCZESNY;Szczesny;8;legendes;Huit lettres avec quatre consonnes d'affilée;joueur;2;orthographe polonaise
TABLETTE;tablette;8;coachs;Écran utilisé au bord du terrain par le staff;factuel;1;outil moderne
TABLETTE;tablette;8;coachs;Elle affiche les données en direct;factuel;1;usage de l'appareil
TABLETTE;tablette;8;coachs;Huit lettres qui ont remplacé le carnet;joueur;1;évolution du métier
TACTIQUE;tactique;8;vocab;Organisation collective décidée avant;factuel;1;plan de jeu
TACTIQUE;tactique;8;vocab;Elle tombe à la première contre-attaque;joueur;2;théorie face au terrain
TAFFAREL;Taffarel;8;legendes;Gardien brésilien champion du monde en 1994;factuel;2;titre américain
TAFFAREL;Taffarel;8;legendes;Il a arrêté le penalty décisif de la finale;factuel;2;séance de Pasadena
TAFFAREL;Taffarel;8;legendes;Huit lettres devenues entraîneur des gardiens;joueur;3;reconversion
TCHEQUIE;Tchéquie;8;selections;Sélection finaliste de l'Euro 1996;factuel;2;défaite à Wembley
TCHEQUIE;Tchéquie;8;selections;Elle est née de la partition d'un pays;factuel;2;séparation de 1993
TCHEQUIE;Tchéquie;8;selections;Huit lettres au pays d'une panenka célèbre;joueur;2;geste de 1976
TELEFOOT;Téléfoot;8;culture;Émission dominicale historique du football français;factuel;1;rendez-vous du dimanche
TELEFOOT;Téléfoot;8;culture;Elle a longtemps ouvert le dimanche matin;factuel;2;horaire de diffusion
TELEFOOT;Téléfoot;8;culture;Huit lettres attendues avec le petit-déjeuner;joueur;1;rituel familial
TENACITE;ténacité;8;feminin;Qualité de celles qui ont tenu malgré tout;factuel;1;trait des pionnières
TENACITE;ténacité;8;feminin;Elle a permis d'obtenir des créneaux et des vestiaires;factuel;2;combats du quotidien
TENACITE;ténacité;8;feminin;Huit lettres plus utiles que le talent, parfois;joueur;1;valeur du parcours
TONNERRE;tonnerre;8;fillfoot;D'applaudissements, il salue le sortant;factuel;1;réaction du public
TONNERRE;tonnerre;8;fillfoot;Il gronde dès que la décision est mauvaise;joueur;1;colère des tribunes
TOULALAN;Toulalan;8;legendes;Milieu défensif lyonnais des années de titres;factuel;3;domination rhodanienne
TOULALAN;Toulalan;8;legendes;Il a disputé la Coupe du monde 2010;factuel;3;sélection tricolore
TOULALAN;Toulalan;8;legendes;Huit lettres qui récupéraient tout sans qu'on les voie;joueur;3;joueur de l'ombre
TOULOUSE;Toulouse;8;clubs;Club de la Ville rose vainqueur de la Coupe en 2023;factuel;2;titre du club
TOULOUSE;Toulouse;8;clubs;Huit lettres violettes;joueur;2;couleur du maillot
TOULOUSE;Toulouse;8;clubs;Sa ville est aussi une capitale du rugby;factuel;1;double culture sportive
TOURNANT;tournant;8;feminin;Moment qui fait basculer toute une discipline;factuel;1;bascule historique
TOURNANT;tournant;8;feminin;Le Mondial 2019 en France en a été un;factuel;1;essor de la pratique
TOURNANT;tournant;8;feminin;Huit lettres qu'on identifie après coup;joueur;1;recul nécessaire
TRIOMPHE;triomphe;8;feminin;Victoire éclatante en finale;factuel;1;issue du match
TRIOMPHE;triomphe;8;feminin;Il se prolonge par un défilé dans la ville;factuel;1;célébration du titre
TRIOMPHE;triomphe;8;feminin;Huit lettres empruntées à la Rome antique;joueur;1;étymologie
TRIPLETE;triplé;8;competitions;Championnat, coupe et Ligue des champions la même année;factuel;2;exploit d'une saison
TRIPLETE;triplé;8;competitions;Très peu de clubs européens l'ont réalisé;factuel;2;rareté de la performance
TRIPLETE;triplé;8;competitions;Huit lettres qui font entrer dans l'histoire;joueur;2;consécration absolue
TRIPPIER;Trippier;8;actuels;Latéral droit anglais de Newcastle;factuel;2;carrière du joueur
TRIPPIER;Trippier;8;actuels;Son coup franc a ouvert la finale de l'Euro 2021;factuel;2;but contre l'Italie
TRIPPIER;Trippier;8;actuels;Huit lettres redoutables sur phase arrêtée;joueur;2;spécialité du joueur
TROSSARD;Trossard;8;actuels;Ailier belge titulaire lors du quart de 2026;factuel;2;compo face à l'Espagne
TROSSARD;Trossard;8;actuels;Il occupait l'autre côté de l'attaque belge;factuel;2;dispositif de Rudi Garcia
TROSSARD;Trossard;8;actuels;Huit lettres sur un couloir offensif;joueur;1;poste du joueur
TURNOVER;turnover;8;coachs;Rotation de l'effectif entre deux matchs;factuel;2;gestion du calendrier
TURNOVER;turnover;8;coachs;Il évite les blessures en fin de saison;factuel;2;objectif du coach
TURNOVER;turnover;8;coachs;Huit lettres empruntées à l'anglais;joueur;1;anglicisme
VALBUENA;Valbuena;8;legendes;Milieu français au tout petit gabarit;factuel;1;silhouette du joueur
VALBUENA;Valbuena;8;legendes;Il a été l'idole du Vélodrome;factuel;2;passage à Marseille
VALBUENA;Valbuena;8;legendes;Huit lettres qui prouvent qu'on peut jouer petit;joueur;1;démenti aux gabarits
VALVERDE;Valverde;8;actuels;Uruguayen parmi les vedettes annoncées du Mondial;factuel;1;affiche du tournoi
VALVERDE;Valverde;8;actuels;Milieu de la Celeste au volume impressionnant;factuel;2;profil du joueur
VALVERDE;Valverde;8;actuels;Huit lettres et une frappe de mule;joueur;2;réputation du milieu
VANHECKE;Van Hecke;8;actuels;Défenseur recruté par Tottenham pour 60 millions;factuel;2;mercato de l'été 2026
VANHECKE;Van Hecke;8;actuels;Il figure parmi les recrues XXL des Spurs;factuel;2;trois arrivées majeures
VANHECKE;Van Hecke;8;actuels;Huit lettres à consonance néerlandaise;joueur;2;origine du nom
VERETOUT;Véretout;8;actuels;Milieu français passé par la Roma et Marseille;factuel;3;carrière du joueur
VERETOUT;Véretout;8;actuels;Il tirait les penaltys en Serie A;factuel;3;spécialité du joueur
VERETOUT;Véretout;8;actuels;Huit lettres formées à Nantes;joueur;3;origine du joueur
VERRATTI;Verratti;8;legendes;Milieu italien emblématique du PSG;factuel;1;dix ans à Paris
VERRATTI;Verratti;8;legendes;Il est arrivé de deuxième division italienne;factuel;2;parcours du joueur
VERRATTI;Verratti;8;legendes;Huit lettres impossibles à déposséder du ballon;joueur;1;technique du milieu
VICTOIRE;victoire;8;vocab;Elle rapporte trois points au classement;factuel;1;barème
VICTOIRE;victoire;8;vocab;Elle rend le lundi beaucoup plus léger;joueur;1;humeur d'après-match
VIGNETTE;vignette;8;culture;Image à coller dans l'album de collection;factuel;1;objet du collectionneur
VIGNETTE;vignette;8;culture;Certaines sont brillantes et valent très cher;factuel;2;pièces rares
VIGNETTE;vignette;8;culture;Huit lettres qu'on échange dans la cour;joueur;1;troc entre collectionneurs
VIKTORIA;Viktoria;8;clubs;Club tchèque de Plzen;factuel;3;championnat local
VIKTORIA;Viktoria;8;clubs;Il a atteint plusieurs fois la Ligue des champions;factuel;3;parcours européen
VIKTORIA;Viktoria;8;clubs;Huit lettres bleu et rouge de Bohême;joueur;3;couleurs du club
VINICIUS;Vinícius;8;actuels;Brésilien figurant parmi les stars annoncées de 2026;factuel;1;affiche du tournoi
VINICIUS;Vinícius;8;actuels;Ailier gauche de la Seleção;factuel;2;poste en sélection
VINICIUS;Vinícius;8;actuels;Huit lettres pour un dribbleur de couloir;joueur;1;profil du joueur
VIPOTNIK;Vipotnik;8;actuels;Meilleur buteur de Championship en 2025-2026;factuel;3;vingt-trois réalisations
VIPOTNIK;Vipotnik;8;actuels;Artilleur du deuxième échelon anglais;factuel;3;saison 2025-2026
VIPOTNIK;Vipotnik;8;actuels;Huit lettres à consonance slovène;joueur;2;origine du nom
VITALITY;Vitality;8;stades;Plus petite enceinte de Premier League;factuel;3;Bournemouth
VITALITY;Vitality;8;stades;Elle compte à peine plus de onze mille places;factuel;3;capacité du stade
VITALITY;Vitality;8;stades;Huit lettres au bord de la Manche;joueur;3;situation du club
VLAHOVIC;Vlahovic;8;actuels;Attaquant serbe de la Juventus;factuel;2;buteur bianconero
VLAHOVIC;Vlahovic;8;actuels;Il avait explosé à la Fiorentina;factuel;3;club précédent
VLAHOVIC;Vlahovic;8;actuels;Huit lettres au gabarit de grand avant-centre;joueur;2;profil du buteur
VOCATION;vocation;8;feminin;Ce que déclenche un grand tournoi chez les jeunes;factuel;1;effet d'entraînement
VOCATION;vocation;8;feminin;Elle naît souvent devant un écran;factuel;1;rôle de la diffusion
VOCATION;vocation;8;feminin;Huit lettres nées d'un but vu à la télévision;joueur;1;déclic de l'enfance
VUVUZELA;vuvuzela;8;culture;Trompette qui a envahi le Mondial 2010;factuel;1;édition sud-africaine
VUVUZELA;vuvuzela;8;culture;Son bourdonnement a exaspéré les téléspectateurs;factuel;1;polémique du tournoi
VUVUZELA;vuvuzela;8;culture;Huit lettres qu'on n'a plus jamais revues;joueur;1;mode éphémère
WEVERTON;Weverton;8;actuels;Troisième gardien brésilien au Mondial 2026;factuel;3;hiérarchie de la Seleção
WEVERTON;Weverton;8;actuels;Portier retenu par Ancelotti pour l'Amérique;factuel;2;liste de 2026
WEVERTON;Weverton;8;actuels;Huit lettres qui n'ont pas vu la pelouse;joueur;2;rôle de doublure
WILDCARD;wild-card;8;competitions;Invitation accordée hors qualification;factuel;3;anglicisme du règlement
WILDCARD;wild-card;8;competitions;Elle existe surtout dans les tournois amicaux;factuel;3;usage limité
WILDCARD;wild-card;8;competitions;Huit lettres qui font toujours débat;joueur;3;équité contestée
WILLIAMS;Williams;8;actuels;Ailier espagnol revenu de blessure avant le Mondial;factuel;2;retour à la compétition
WILLIAMS;Williams;8;actuels;Attaquant basque champion du monde 2026;factuel;1;titre espagnol
WILLIAMS;Williams;8;actuels;Un patronyme anglais chez les sacrés espagnols;joueur;1;origine du nom
YOKOHAMA;Yokohama;8;stades;Enceinte de la finale du Mondial 2002;factuel;2;Brésil contre Allemagne
YOKOHAMA;Yokohama;8;stades;Ronaldo y a marqué deux fois;factuel;2;finale asiatique
YOKOHAMA;Yokohama;8;stades;Huit lettres du deuxième port japonais;joueur;2;géographie
ZABARNYI;Zabarnyi;8;actuels;Défenseur ukrainien recruté par le PSG en 2025;factuel;2;arrivée dans la capitale
ZABARNYI;Zabarnyi;8;actuels;Central de l'effectif parisien 2026-2027;factuel;2;liste de la saison
ZABARNYI;Zabarnyi;8;actuels;Huit lettres à consonance ukrainienne;joueur;2;origine du nom
ZARAGOZA;Zaragoza;8;clubs;Club aragonais vainqueur de la Coupe des coupes en 1995;factuel;3;titre continental
ZARAGOZA;Zaragoza;8;clubs;Nayim y a marqué de quarante mètres en finale;factuel;3;but légendaire
ZARAGOZA;Zaragoza;8;clubs;Huit lettres blanches au bord de l'Èbre;joueur;3;couleur du maillot
ZUKOWSKI;Żukowski;8;actuels;Meilleur buteur de la deuxième Bundesliga;factuel;3;dix-sept réalisations
ZUKOWSKI;Żukowski;8;actuels;Artilleur titré au deuxième échelon allemand;factuel;3;saison 2025-2026
ZUKOWSKI;Żukowski;8;actuels;Huit lettres à consonance polonaise;joueur;2;origine du nom
ABELLEIRA;Abelleira;9;feminin;Milieu espagnole du Real Madrid;factuel;3;championnat de Liga
ABELLEIRA;Abelleira;9;feminin;Elle est championne du monde 2023;factuel;3;titre de la Roja
ABELLEIRA;Abelleira;9;feminin;Neuf lettres qui orientent tout le jeu;joueur;3;rôle de sentinelle
ACCESSION;accession;9;competitions;Montée à la division supérieure;factuel;1;promotion
ACCESSION;accession;9;competitions;Leeds, Burnley et Sunderland l'ont obtenue en 2025;factuel;3;promus anglais
ACCESSION;accession;9;competitions;Neuf lettres qui se fêtent sur la pelouse;joueur;1;célébration du promu
AFFLUENCE;affluence;9;stades;Nombre de spectateurs réellement présents;factuel;1;mesure du match
AFFLUENCE;affluence;9;stades;Elle grimpe les soirs de derby;factuel;1;attrait de l'affiche
AFFLUENCE;affluence;9;stades;Neuf lettres annoncées au micro à la mi-temps;joueur;1;rituel du stade
AKLIOUCHE;Akliouche;9;actuels;Ailier tricolore révélé à Monaco;factuel;2;formation monégasque
AKLIOUCHE;Akliouche;9;actuels;Il découvrait la Coupe du monde en 2026;factuel;2;première phase finale
AKLIOUCHE;Akliouche;9;actuels;Neuf lettres pour un dribbleur;joueur;1;profil offensif
ALLEMAGNE;Allemagne;9;selections;Quadruple championne du monde;factuel;1;1954, 1974, 1990 et 2014
ALLEMAGNE;Allemagne;9;selections;Elle a fait sortir Neuer de sa retraite en 2026;factuel;2;rappel du gardien
ALLEMAGNE;Allemagne;9;selections;Neuf lettres réputées imbattables aux onze mètres;joueur;1;légende de la Mannschaft
AMSTERDAM;Amsterdam;9;clubs;Ville du club au football total;factuel;1;école néerlandaise
AMSTERDAM;Amsterdam;9;clubs;Son enceinte porte le nom d'un Ballon d'Or;factuel;2;hommage à Cruyff
AMSTERDAM;Amsterdam;9;clubs;Neuf lettres sillonnées de canaux;joueur;1;géographie
ANCELOTTI;Ancelotti;9;coachs;Technicien italien devenu sélectionneur du Brésil;factuel;1;arrivée en 2025
ANCELOTTI;Ancelotti;9;coachs;Il a gagné cinq Ligues des champions comme entraîneur;factuel;1;record absolu
ANCELOTTI;Ancelotti;9;coachs;Neuf lettres au sourcil très expressif;joueur;1;image du technicien
ANIMATEUR;animateur;9;culture;Celui qui mène le débat sur le plateau;factuel;1;métier de la télévision
ANIMATEUR;animateur;9;culture;Il distribue la parole entre les consultants;factuel;1;rôle du présentateur
ANIMATEUR;animateur;9;culture;Neuf lettres qui relancent quand ça s'endort;joueur;1;conduite de l'émission
APOTHEOSE;apothéose;9;feminin;Point culminant d'une compétition;factuel;1;moment du sacre
APOTHEOSE;apothéose;9;feminin;Elle se joue souvent en prolongation;factuel;1;scénario de finale
APOTHEOSE;apothéose;9;feminin;Neuf lettres empruntées au vocabulaire antique;joueur;1;étymologie
APPLAUDIR;applaudir;9;culture;Ce que fait le public pour saluer un geste;factuel;1;réaction des tribunes
APPLAUDIR;applaudir;9;culture;On le fait aussi pour un adversaire, parfois;factuel;2;fair-play du public
APPLAUDIR;applaudir;9;culture;Neuf lettres qui remplacent parfois les sifflets;joueur;1;choix des gradins
ARBITRAGE;arbitrage;9;vocab;Application des lois pendant la rencontre;factuel;1;mission du corps arbitral
ARBITRAGE;arbitrage;9;vocab;Il est toujours contre nous, jurent les tribunes;joueur;1;vanne de supporter
ARGENTINE;Argentine;9;selections;Finaliste du Mondial 2026;factuel;1;défaite contre l'Espagne
ARGENTINE;Argentine;9;selections;Elle avait gagné au Qatar en 2022;factuel;1;troisième titre
ARGENTINE;Argentine;9;selections;Neuf lettres emmenées par un octuple Ballon d'Or;joueur;1;Messi en 2026
ATTAQUANT;attaquant;9;vocab;Joueur le plus avancé du dispositif;factuel;1;poste offensif
ATTAQUANT;attaquant;9;vocab;On lui pardonne tout s'il marque;joueur;1;jugé sur ses réalisations
AUGSBOURG;Augsbourg;9;clubs;Club bavarois installé dans une ville romaine;factuel;3;championnat allemand
AUGSBOURG;Augsbourg;9;clubs;Sa cité fut celle de la famille Fugger;factuel;3;histoire locale
AUGSBOURG;Augsbourg;9;clubs;Neuf lettres rouge, vert et blanc;joueur;3;couleurs du club
AUSTRALIE;Australie;9;selections;Sélection passée de l'Océanie à l'Asie;factuel;2;bascule de confédération
AUSTRALIE;Australie;9;selections;Elle est surnommée les Socceroos;factuel;2;jeu de mots local
AUSTRALIE;Australie;9;selections;Neuf lettres or et vert;joueur;2;couleurs nationales
BALLONDOR;Ballon d'Or;9;competitions;Récompense individuelle la plus convoitée;factuel;1;distinction annuelle
BALLONDOR;Ballon d'Or;9;competitions;Messi en compte huit, un record;factuel;1;palmarès individuel
BALLONDOR;Ballon d'Or;9;competitions;Neuf lettres remises lors d'un gala parisien;joueur;2;cérémonie annuelle
BALTIMORE;Baltimore;9;feminin;Ailière française internationale;factuel;2;attaquante des Bleues
BALTIMORE;Baltimore;9;feminin;Elle porte le nom d'une ville américaine;factuel;1;homonymie
BALTIMORE;Baltimore;9;feminin;Neuf lettres qui éliminent sur un appui;joueur;2;style de la dribbleuse
BANDEROLE;banderole;9;culture;Message tendu par un groupe de supporters;factuel;1;expression des tribunes
BANDEROLE;banderole;9;culture;Elle s'adresse souvent aux dirigeants;factuel;2;contestation des groupes
BANDEROLE;banderole;9;culture;Neuf lettres que les caméras cherchent à filmer;joueur;2;visibilité du message
BATISTUTA;Batistuta;9;legendes;Buteur argentin idole de la Fiorentina;factuel;2;légende violette
BATISTUTA;Batistuta;9;legendes;Sa frappe passait pour la plus puissante du monde;factuel;2;réputation du joueur
BATISTUTA;Batistuta;9;legendes;Neuf lettres qui célébraient les bras écartés;joueur;2;geste reconnaissable
BEAUJOIRE;Beaujoire;9;stades;Enceinte nantaise bâtie pour l'Euro 1984;factuel;3;compétition à domicile
BEAUJOIRE;Beaujoire;9;stades;Elle accueille les Canaris;factuel;2;club résident
BEAUJOIRE;Beaujoire;9;stades;Neuf lettres au bord de l'Erdre;joueur;3;géographie locale
BENTANCUR;Bentancur;9;actuels;Milieu uruguayen de Tottenham;factuel;3;carrière anglaise
BENTANCUR;Bentancur;9;actuels;Il a joué la demi-finale du Mondial 2022;factuel;3;parcours de la Celeste
BENTANCUR;Bentancur;9;actuels;Neuf lettres au pied très sûr;joueur;3;qualité de passe
BENTEGODI;Bentegodi;9;stades;Enceinte vénète du club champion en 1985;factuel;3;Vérone
BENTEGODI;Bentegodi;9;stades;Elle se trouve dans la ville de Roméo et Juliette;factuel;2;patrimoine local
BENTEGODI;Bentegodi;9;stades;Neuf lettres jaune et bleu;joueur;3;couleurs du club
BLACKBURN;Blackburn;9;clubs;Club anglais champion en 1995;factuel;3;titre de Premier League
BLACKBURN;Blackburn;9;clubs;Il a devancé Manchester United d'un point;factuel;3;fin de saison serrée
BLACKBURN;Blackburn;9;clubs;Neuf lettres bleu et blanc du Lancashire;joueur;3;couleurs du club
BLACKPOOL;Blackpool;9;clubs;Club anglais vainqueur de la Coupe en 1953;factuel;3;finale de Matthews
BLACKPOOL;Blackpool;9;clubs;Sa ville est une station balnéaire réputée;factuel;2;tourisme local
BLACKPOOL;Blackpool;9;clubs;Neuf lettres orange de la côte ouest;joueur;3;couleur du maillot
BLAUGRANA;Blaugrana;9;clubs;Surnom des joueurs du club catalan;factuel;2;Barcelone
BLAUGRANA;Blaugrana;9;clubs;Il vient des deux couleurs du maillot;factuel;2;bleu et grenat
BLAUGRANA;Blaugrana;9;clubs;Neuf lettres qui ont fourni huit champions du monde;joueur;2;contingent de 2026
BOMBONERA;Bombonera;9;stades;Enceinte argentine aux tribunes très verticales;factuel;1;Boca Juniors
BOMBONERA;Bombonera;9;stades;Son nom signifie boîte de chocolats;factuel;2;traduction
BOMBONERA;Bombonera;9;stades;Neuf lettres réputées trembler quand le public saute;joueur;1;ambiance du lieu
BOMPASTOR;Bompastor;9;feminin;Elle a gagné la C1 comme joueuse puis comme coach;factuel;2;doublé rarissime
BOMPASTOR;Bompastor;9;feminin;Elle a ensuite pris le banc de Chelsea;factuel;2;carrière anglaise
BOMPASTOR;Bompastor;9;feminin;Neuf lettres qui ont tout gagné à Lyon;joueur;2;palmarès du club
BOOKMAKER;bookmaker;9;culture;Organisme qui propose des cotes avant le match;factuel;1;secteur des paris
BOOKMAKER;bookmaker;9;culture;Il gagne dans la durée, contrairement au parieur;joueur;2;réalité du secteur
BOOKMAKER;bookmaker;9;culture;Neuf lettres qui sponsorisent bien des maillots;factuel;2;partenariats des clubs
BRENTFORD;Brentford;9;clubs;Club londonien de Premier League;factuel;2;implantation
BRENTFORD;Brentford;9;clubs;Il affrontait Liverpool en dernière journée;factuel;3;38e journée 2025-2026
BRENTFORD;Brentford;9;clubs;Neuf lettres de l'ouest de Londres;joueur;2;situation du club
CACAHUETE;cacahuète;9;culture;Ce qu'on grignote en regardant la soirée européenne;factuel;1;habitude du spectateur
CACAHUETE;cacahuète;9;culture;Elle se vend aussi dans les tribunes;factuel;1;restauration du stade
CACAHUETE;cacahuète;9;culture;Neuf lettres qui laissent des coquilles partout;joueur;1;réalité du salon
CAFETEROS;Cafeteros;9;selections;Surnom de la sélection colombienne;factuel;3;culture du café
CAFETEROS;Cafeteros;9;selections;Valderrama en fut la figure emblématique;factuel;2;meneur historique
CAFETEROS;Cafeteros;9;selections;Neuf lettres jaune vif d'Amérique du Sud;joueur;2;couleur du maillot
CALAFIORI;Calafiori;9;actuels;Défenseur italien d'Arsenal;factuel;3;carrière anglaise
CALAFIORI;Calafiori;9;actuels;Il s'est révélé à l'Euro 2024;factuel;3;éclosion du joueur
CALAFIORI;Calafiori;9;actuels;Neuf lettres qui aiment porter le ballon;joueur;3;style du défenseur
CALDENTEY;Caldentey;9;feminin;Espagnole passée du Barça à Arsenal;factuel;2;transfert de 2024
CALDENTEY;Caldentey;9;feminin;Elle a gagné la C1 avec ses deux clubs;factuel;3;palmarès continental
CALDENTEY;Caldentey;9;feminin;Neuf lettres venues des Baléares;joueur;3;origine de la joueuse
CAMAVINGA;Camavinga;9;actuels;Milieu français du Real Madrid;factuel;1;carrière madrilène
CAMAVINGA;Camavinga;9;actuels;Il était titulaire à Rennes à seize ans;factuel;2;précocité du joueur
CAMAVINGA;Camavinga;9;actuels;Neuf lettres qui dépannent aussi latéral gauche;joueur;2;polyvalence du milieu
CAMBIASSO;Cambiasso;9;legendes;Milieu argentin du triplé de l'Inter;factuel;3;saison historique
CAMBIASSO;Cambiasso;9;legendes;Il a conclu une action de vingt-cinq passes en 2006;factuel;3;but contre la Serbie
CAMBIASSO;Cambiasso;9;legendes;Neuf lettres au crâne dégarni très reconnaissable;joueur;2;silhouette du joueur
CAMERAMAN;cameraman;9;culture;Il suit l'action depuis une nacelle ou un rail;factuel;1;dispositif de diffusion
CAMERAMAN;cameraman;9;culture;Certains filment depuis un fil au-dessus du terrain;factuel;2;caméra aérienne
CAMERAMAN;cameraman;9;culture;Neuf lettres qui ratent parfois le but;joueur;1;plan manqué
CANARINHA;Canarinha;9;selections;Surnom affectueux de la sélection brésilienne;factuel;2;maillot jaune
CANARINHA;Canarinha;9;selections;Elle compte cinq étoiles sur son écusson;factuel;1;record de titres
CANARINHA;Canarinha;9;selections;Neuf lettres qui évoquent un petit canari;joueur;2;traduction
CANNAVARO;Cannavaro;9;legendes;Ballon d'Or 2006, une première pour un défenseur;factuel;2;distinction rare
CANNAVARO;Cannavaro;9;legendes;Il était capitaine de l'Italie championne du monde;factuel;1;titre de 2006
CANNAVARO;Cannavaro;9;legendes;Neuf lettres qui sautaient plus haut que tout le monde;joueur;2;jeu aérien du central
CAPITAINE;capitaine;9;vocab;Il porte le brassard;factuel;1;signe distinctif
CAPITAINE;capitaine;9;vocab;Le seul à qui l'homme en noir accepte de parler;joueur;2;consigne appliquée depuis 2024
CARPENTER;Carpenter;9;feminin;Latérale australienne passée par Lyon;factuel;3;carrière européenne
CARPENTER;Carpenter;9;feminin;Elle a disputé le Mondial à domicile en 2023;factuel;3;édition océanienne
CARPENTER;Carpenter;9;feminin;Neuf lettres qui signifient charpentier en anglais;joueur;1;traduction
CARRAGHER;Carragher;9;legendes;Défenseur emblématique de Liverpool;factuel;2;fidélité au club
CARRAGHER;Carragher;9;legendes;Il a soulevé la C1 à Istanbul en 2005;factuel;2;remontée mémorable
CARRAGHER;Carragher;9;legendes;Neuf lettres devenues consultant à la télévision;joueur;2;reconversion
CASCARINO;Cascarino;9;feminin;Attaquante française passée par Lyon et Chelsea;factuel;2;carrière européenne
CASCARINO;Cascarino;9;feminin;Un homonyme masculin a joué pour l'Irlande;factuel;3;patronyme partagé
CASCARINO;Cascarino;9;feminin;Neuf lettres qui repiquent depuis l'aile;joueur;2;style de la joueuse
CASQUETTE;casquette;9;fillfoot;Le portier la porte contre le soleil rasant;factuel;1;équipement du gardien
CASQUETTE;casquette;9;fillfoot;Il en porte trois : joueur, capitaine, porte-parole;joueur;2;cumul de rôles
CAUCHEMAR;cauchemar;9;culture;Ce que devient un match après trois buts encaissés;factuel;1;soirée ratée
CAUCHEMAR;cauchemar;9;culture;Il se conjugue souvent avec une élimination;factuel;1;fin de parcours
CAUCHEMAR;cauchemar;9;culture;Neuf lettres dont on se réveille en juin;joueur;1;fin de saison
CEREMONIE;cérémonie;9;culture;Moment de remise du trophée après la finale;factuel;1;protocole officiel
CEREMONIE;cérémonie;9;culture;Celle d'ouverture précède le match inaugural;factuel;1;spectacle du tournoi
CEREMONIE;cérémonie;9;culture;Neuf lettres que les joueurs trouvent longues;joueur;1;attente sur la pelouse
CHALLENGE;challenge;9;feminin;Nom d'anciennes compétitions féminines françaises;factuel;3;épreuve nationale
CHALLENGE;challenge;9;feminin;Le mot signifie défi en anglais;factuel;1;traduction
CHALLENGE;challenge;9;feminin;Neuf lettres passées dans le langage courant;joueur;1;anglicisme
CHAMPIONS;Champions;9;competitions;Ligue des, la plus prestigieuse épreuve de clubs;factuel;1;compétition européenne
CHAMPIONS;Champions;9;competitions;Le PSG l'a gagnée en 2025 puis en 2026;factuel;1;doublé parisien
CHAMPIONS;Champions;9;competitions;Neuf lettres dont l'hymne se chante debout;joueur;1;rituel d'avant-match
CHANDELLE;chandelle;9;vocab;Ballon frappé très haut vers le ciel;factuel;2;trajectoire verticale
CHANDELLE;chandelle;9;vocab;On a le temps d'aller chercher un café;joueur;2;longue suspension du ballon
CHARLEROI;Charleroi;9;clubs;Club belge du Hainaut surnommé les Zèbres;factuel;3;emblème du club
CHARLEROI;Charleroi;9;clubs;Sa ville a un passé industriel marqué;factuel;2;histoire locale
CHARLEROI;Charleroi;9;clubs;Neuf lettres noir et blanc rayées;joueur;3;tenue du club
CHARNIERE;charnière;9;vocab;Paire de défenseurs centraux;factuel;2;duo axial
CHARNIERE;charnière;9;vocab;Quand elle grince, tout s'écroule derrière;joueur;2;fragilité défensive
CHAUSSURE;chaussure;9;culture;Équipement dont la couleur a beaucoup changé;factuel;1;évolution du matériel
CHAUSSURE;chaussure;9;culture;Elle était noire pour tout le monde autrefois;factuel;2;usage d'époque
CHAUSSURE;chaussure;9;culture;Neuf lettres devenues fluo dans les années 2000;joueur;1;mode du football
CHEVALIER;Chevalier;9;actuels;Gardien français arrivé au PSG à vingt-quatre ans;factuel;2;transfert du portier
CHEVALIER;Chevalier;9;actuels;Il a tout perdu lors de la saison 2025-2026;factuel;3;concurrence au poste
CHEVALIER;Chevalier;9;actuels;Neuf lettres qui évoquent un titre de noblesse;joueur;1;homonymie
CHIELLINI;Chiellini;9;legendes;Capitaine italien champion d'Europe en 2021;factuel;2;titre à Wembley
CHIELLINI;Chiellini;9;legendes;Il formait une charnière redoutée avec Bonucci;factuel;2;duo de la Juventus
CHIELLINI;Chiellini;9;legendes;Neuf lettres qui adoraient défendre plus qu'attaquer;joueur;2;philosophie du central
CHILAVERT;Chilavert;9;legendes;Gardien paraguayen qui tirait les coups francs;factuel;2;particularité du joueur
CHILAVERT;Chilavert;9;legendes;Il a inscrit plusieurs dizaines de buts en carrière;factuel;2;record pour un portier
CHILAVERT;Chilavert;9;legendes;Neuf lettres qui montaient sur les phases arrêtées;joueur;2;habitude du gardien
COLLECTIF;collectif;9;vocab;Ensemble qui prime sur les individualités;factuel;1;jeu d'équipe
COLLECTIF;collectif;9;vocab;Il bat le talent seul neuf fois sur dix;joueur;1;adage consacré
COMMUNION;communion;9;feminin;Moment de fusion entre l'équipe et son public;factuel;1;après-match
COMMUNION;communion;9;feminin;Elle se vit devant le virage;factuel;1;salut aux tribunes
COMMUNION;communion;9;feminin;Neuf lettres qui font oublier le score;joueur;1;émotion partagée
COMMUNITY;Community;9;competitions;Nom actuel du trophée de rentrée anglais;factuel;3;depuis 2002
COMMUNITY;Community;9;competitions;Il se joue à Wembley avant la première journée;factuel;3;lieu et calendrier
COMMUNITY;Community;9;competitions;Neuf lettres qui signifient communauté;joueur;2;traduction
CONFETTIS;confettis;9;culture;Ils pleuvent sur la pelouse au moment du sacre;factuel;1;célébration du titre
CONFETTIS;confettis;9;culture;Les supporters en lancent aussi à l'entrée des équipes;factuel;1;animation d'avant-match
CONFETTIS;confettis;9;culture;Neuf lettres que les jardiniers détestent;joueur;1;entretien de la pelouse
CONFIANCE;confiance;9;fillfoot;Elle revient avec la première victoire;factuel;1;dynamique positive
CONFIANCE;confiance;9;fillfoot;Qui la perd rate la cage vide;joueur;1;crise de réussite
COSTARICA;Costa Rica;9;selections;Sélection quart-de-finaliste en 2014;factuel;2;meilleur parcours
COSTARICA;Costa Rica;9;selections;Keylor Navas en a longtemps gardé les buts;factuel;2;portier emblématique
COSTARICA;Costa Rica;9;selections;Neuf lettres d'Amérique centrale;joueur;2;géographie
COULISSES;coulisses;9;culture;Ce que les documentaires cherchent à montrer;factuel;1;envers du décor
COULISSES;coulisses;9;culture;Le tunnel et le vestiaire en font partie;factuel;1;zones du stade
COULISSES;coulisses;9;culture;Neuf lettres où se joue une bonne part du match;joueur;2;préparation invisible
COUPFRANC;coup franc;9;vocab;Direct ou indirect, il relance le jeu;factuel;1;sanction d'une faute
COUPFRANC;coup franc;9;vocab;Juninho en était l'orfèvre absolu;joueur;3;spécialiste brésilien du geste
CUCURELLA;Cucurella;9;actuels;Latéral gauche espagnol champion du monde 2026;factuel;2;titre conquis à New York
CUCURELLA;Cucurella;9;actuels;Sa chevelure le rend reconnaissable de loin;joueur;1;silhouette du joueur
CUCURELLA;Cucurella;9;actuels;Neuf lettres pour tenir un couloir gauche;joueur;1;patronyme long
DARMSTADT;Darmstadt;9;clubs;Club allemand de Hesse;factuel;3;championnat allemand
DARMSTADT;Darmstadt;9;clubs;Sa ville a donné son nom à un élément chimique;factuel;3;science locale
DARMSTADT;Darmstadt;9;clubs;Neuf lettres bleu et blanc;joueur;3;couleurs du club
DECEPTION;déception;9;fillfoot;Elle suit une élimination au premier tour;factuel;1;échec sportif
DECEPTION;déception;9;fillfoot;Le maillot jeté au sol la traduit bien;joueur;2;geste de dépit
DEFENSEUR;défenseur;9;vocab;Il protège sa propre surface;factuel;1;poste défensif
DEFENSEUR;défenseur;9;vocab;Il court beaucoup sans jamais faire la une;joueur;2;poste peu médiatisé
DELBOSQUE;Del Bosque;9;coachs;Sélectionneur espagnol champion du monde en 2010;factuel;1;titre sud-africain
DELBOSQUE;Del Bosque;9;coachs;Il a aussi gagné l'Euro 2012;factuel;2;doublé historique
DELBOSQUE;Del Bosque;9;coachs;Neuf lettres à la moustache reconnaissable;joueur;2;silhouette du coach
DEMISSION;démission;9;coachs;Départ volontaire d'un technicien;factuel;1;fin de mission
DEMISSION;démission;9;coachs;Elle est parfois négociée avec le club;factuel;2;réalité des contrats
DEMISSION;démission;9;coachs;Neuf lettres réclamées depuis les tribunes;joueur;1;chant du virage
DEPORTIVO;Deportivo;9;clubs;Mot qui précède La Corogne dans le nom d'un club;factuel;2;Galice
DEPORTIVO;Deportivo;9;clubs;Il signifie sportif en espagnol;factuel;1;traduction
DEPORTIVO;Deportivo;9;clubs;Neuf lettres championnes d'Espagne en 2000;joueur;3;titre galicien
DESCHAMPS;Deschamps;9;coachs;Sélectionneur des Bleus champions du monde en 2018;factuel;1;titre en Russie
DESCHAMPS;Deschamps;9;coachs;Il avait aussi soulevé la coupe comme capitaine;factuel;1;doublé rarissime
DESCHAMPS;Deschamps;9;coachs;Neuf lettres surnommées la Dèche;joueur;2;surnom du technicien
DETECTION;détection;9;feminin;Séance où l'on repère les jeunes talents;factuel;1;recrutement des clubs
DETECTION;détection;9;feminin;Les pôles espoirs en organisent chaque année;factuel;2;filière fédérale
DETECTION;détection;9;feminin;Neuf lettres qui changent une vie en un après-midi;joueur;1;enjeu de la séance
DIAGONALE;diagonale;9;vocab;Longue transmission d'un couloir à l'autre;factuel;2;changement d'aile
DIAGONALE;diagonale;9;vocab;Elle renverse le jeu en une seconde;joueur;2;bascule du terrain
DIFFUSION;diffusion;9;culture;Retransmission d'une rencontre sur un écran;factuel;1;métier des chaînes
DIFFUSION;diffusion;9;culture;Ses droits se vendent des milliards;factuel;1;marché du football
DIFFUSION;diffusion;9;culture;Neuf lettres qui décident du jour et de l'heure;joueur;2;pouvoir des diffuseurs
DIRECTEUR;directeur;9;coachs;Il précède sportif dans un titre de dirigeant;factuel;1;fonction du club
DIRECTEUR;directeur;9;coachs;C'est lui qui négocie les transferts;factuel;1;rôle au mercato
DIRECTEUR;directeur;9;coachs;Neuf lettres entre le président et l'entraîneur;joueur;1;place dans l'organigramme
DIRIGEANT;dirigeant;9;culture;Responsable qui gère le club hors du terrain;factuel;1;fonction administrative
DIRIGEANT;dirigeant;9;culture;Il est la cible des banderoles quand ça va mal;joueur;1;contestation des tribunes
DIRIGEANT;dirigeant;9;culture;Neuf lettres qui signent les contrats;factuel;1;rôle dans le club
DJORKAEFF;Djorkaeff;9;legendes;Milieu offensif champion du monde en 1998;factuel;1;titre tricolore
DJORKAEFF;Djorkaeff;9;legendes;Son père avait aussi porté le maillot bleu;factuel;2;filiation footballistique
DJORKAEFF;Djorkaeff;9;legendes;Neuf lettres surnommées le Serpent;joueur;2;surnom du joueur
DUISBOURG;Duisbourg;9;clubs;Club allemand du plus grand port fluvial d'Europe;factuel;3;géographie
DUISBOURG;Duisbourg;9;clubs;Il a disputé une finale de Coupe UEFA en 1980;factuel;3;parcours européen
DUISBOURG;Duisbourg;9;clubs;Neuf lettres bleu et blanc de la Ruhr;joueur;3;couleurs du club
DUNKERQUE;Dunkerque;9;clubs;Club nordiste du deuxième échelon;factuel;3;championnat de Ligue 2
DUNKERQUE;Dunkerque;9;clubs;Sa ville est célèbre pour son carnaval;factuel;2;tradition locale
DUNKERQUE;Dunkerque;9;clubs;Neuf lettres au bord de la mer du Nord;joueur;2;géographie
ECLAIRAGE;éclairage;9;stades;Il permet de jouer en nocturne;factuel;1;équipement du stade
ECLAIRAGE;éclairage;9;stades;Sa panne interrompt la rencontre;factuel;2;incident technique
ECLAIRAGE;éclairage;9;stades;Neuf lettres qui donnent aux soirées leur atmosphère;joueur;1;ambiance nocturne
EDUCATEUR;éducateur;9;coachs;Nom officiel de l'entraîneur en club amateur;factuel;1;terme fédéral
EDUCATEUR;éducateur;9;coachs;Il encadre les enfants le mercredi et le samedi;factuel;1;rythme du bénévole
EDUCATEUR;éducateur;9;coachs;Neuf lettres qui apprennent bien plus que le foot;joueur;1;rôle éducatif
EINDHOVEN;Eindhoven;9;clubs;Ville néerlandaise du club fondé par une firme;factuel;2;origine industrielle
EINDHOVEN;Eindhoven;9;clubs;Son club a gagné la Coupe d'Europe en 1988;factuel;3;titre continental
EINDHOVEN;Eindhoven;9;clubs;Neuf lettres du Brabant-Septentrional;joueur;3;géographie
ELASTIQUE;élastique;9;feminin;Petit accessoire indispensable avant le coup d'envoi;factuel;1;matériel de la joueuse
ELASTIQUE;élastique;9;feminin;En perdre un est un drame de vestiaire;joueur;1;réalité du quotidien
ELASTIQUE;élastique;9;feminin;Neuf lettres portées au poignet par précaution;factuel;1;habitude des joueuses
ELEPHANTS;Éléphants;9;selections;Surnom de la sélection ivoirienne;factuel;1;emblème national
ELEPHANTS;Éléphants;9;selections;Ils ont gagné la Coupe d'Afrique chez eux en 2024;factuel;2;titre à domicile
ELEPHANTS;Éléphants;9;selections;Neuf lettres emmenées jadis par les frères Touré;joueur;2;génération dorée
ELHANNACH;El Hannach;9;actuels;Jeune défenseur central du Paris Saint-Germain;factuel;3;effectif 2026-2027
ELHANNACH;El Hannach;9;actuels;Il est rentré de prêt de Montpellier;factuel;3;mercato de l'été 2026
ELHANNACH;El Hannach;9;actuels;Neuf lettres avec un article collé devant;joueur;2;forme du patronyme
EMISSAIRE;émissaire;9;coachs;Envoyé discret chargé d'observer un joueur;factuel;2;recrutement du club
EMISSAIRE;émissaire;9;coachs;Il se fond dans la tribune;factuel;2;discrétion du poste
EMISSAIRE;émissaire;9;coachs;Neuf lettres qui précèdent souvent une offre;joueur;2;étape du transfert
EMPREINTE;empreinte;9;coachs;Trace durable laissée par un entraîneur;factuel;1;bilan d'un passage
EMPREINTE;empreinte;9;coachs;Elle se juge des années après son départ;factuel;1;recul nécessaire
EMPREINTE;empreinte;9;coachs;Neuf lettres qui survivent aux résultats;joueur;2;jugement de l'histoire
EPERVIERS;Éperviers;9;selections;Surnom de la sélection togolaise;factuel;3;emblème du pays
EPERVIERS;Éperviers;9;selections;Elle a disputé le Mondial 2006;factuel;3;unique participation
EPERVIERS;Éperviers;9;selections;Neuf lettres jaune et vert;joueur;3;couleurs du maillot
ESPERANCE;Espérance;9;clubs;Club tunisois multiple champion d'Afrique;factuel;3;palmarès continental
ESPERANCE;Espérance;9;clubs;Il est installé dans la capitale tunisienne;factuel;3;implantation
ESPERANCE;Espérance;9;clubs;Neuf lettres sang et or;joueur;3;couleurs du club
ESPLANADE;esplanade;9;culture;Grand espace dégagé devant une enceinte;factuel;1;abord du stade
ESPLANADE;esplanade;9;culture;Elle accueille les animations d'avant-match;factuel;1;usage du lieu
ESPLANADE;esplanade;9;culture;Neuf lettres où l'on patiente avant l'ouverture;joueur;1;attente du public
ETIREMENT;étirement;9;coachs;Exercice de fin de séance;factuel;1;récupération musculaire
ETIREMENT;étirement;9;coachs;Il se fait souvent en cercle sur la pelouse;factuel;1;image de l'entraînement
ETIREMENT;étirement;9;coachs;Neuf lettres que les joueurs abrègent volontiers;joueur;1;réalité du terrain
FERDINAND;Ferdinand;9;legendes;Défenseur central anglais de Manchester United;factuel;2;charnière des années 2000
FERDINAND;Ferdinand;9;legendes;Il formait un duo redouté avec un Serbe;factuel;2;association défensive
FERDINAND;Ferdinand;9;legendes;Neuf lettres devenues consultant à la télévision;joueur;2;reconversion médiatique
FERNANDES;Fernandes;9;actuels;Portugais annoncé parmi les vedettes de 2026;factuel;1;affiche du tournoi
FERNANDES;Fernandes;9;actuels;Milieu créateur de la sélection lusitanienne;factuel;2;rôle en sélection
FERNANDES;Fernandes;9;actuels;Neuf lettres à ne pas confondre avec un Argentin;joueur;2;patronyme presque jumeau
FERNANDES;Fernandes;9;actuels;Record de passes décisives sur une saison anglaise;factuel;3;vingt et une en 2025-2026
FERNANDEZ;Fernández;9;actuels;Milieu argentin ancrant l'entrejeu de son pays;factuel;2;rôle en sélection
FERNANDEZ;Fernández;9;actuels;Champion du monde 2022, finaliste en 2026;factuel;1;palmarès du joueur
FERNANDEZ;Fernández;9;actuels;Neuf lettres et un patronyme très répandu;joueur;1;nom courant en Argentine
FEYENOORD;Feyenoord;9;clubs;Premier club néerlandais champion d'Europe;factuel;2;titre de 1970
FEYENOORD;Feyenoord;9;clubs;Il joue dans une enceinte surnommée la Cuve;factuel;3;stade de Rotterdam
FEYENOORD;Feyenoord;9;clubs;Neuf lettres rouge et blanc;joueur;2;couleurs du club
FINALISTE;finaliste;9;competitions;Celui qui perd le dernier match;factuel;1;deuxième de l'épreuve
FINALISTE;finaliste;9;competitions;L'Argentine l'a été en 2026;factuel;1;défaite contre l'Espagne
FINALISTE;finaliste;9;competitions;Neuf lettres qu'on oublie très vite;joueur;1;sort du perdant
FINISSEUR;finisseur;9;vocab;Attaquant chargé de conclure les actions;factuel;2;profil de buteur
FINISSEUR;finisseur;9;vocab;Trois ballons touchés, deux au fond;joueur;2;efficacité maximale
FORMATEUR;formateur;9;coachs;Entraîneur qui travaille avec les jeunes;factuel;1;centre de formation
FORMATEUR;formateur;9;coachs;Son travail se voit dix ans plus tard;factuel;1;temps long du métier
FORMATEUR;formateur;9;coachs;Neuf lettres rarement citées dans les journaux;joueur;1;discrétion du poste
FORMATION;formation;9;vocab;Filière qui fabrique les jeunes du club;factuel;1;centre de jeunes
FORMATION;formation;9;vocab;Elle rapporte plus que le mercato à long terme;joueur;2;modèle économique
FRANCFORT;Francfort;9;clubs;Club allemand vainqueur de la Ligue Europa en 2022;factuel;2;titre continental
FRANCFORT;Francfort;9;clubs;Burkardt y évoluait avant d'être écarté de la liste;factuel;3;non-convocation de 2026
FRANCFORT;Francfort;9;clubs;Neuf lettres où siège la banque centrale européenne;joueur;2;institution locale
FREESTYLE;freestyle;9;culture;Discipline de jonglage acrobatique;factuel;1;pratique urbaine
FREESTYLE;freestyle;9;culture;Elle a explosé grâce aux vidéos en ligne;factuel;1;essor par internet
FREESTYLE;freestyle;9;culture;Neuf lettres qui se pratiquent sans adversaire;joueur;1;particularité du sport
GARDIENNE;gardienne;9;feminin;Elle occupe le poste le plus exposé;factuel;1;dernier rempart
GARDIENNE;gardienne;9;feminin;Elle porte un maillot différent des autres;factuel;1;règle du jeu
GARDIENNE;gardienne;9;feminin;Neuf lettres qui plongent dans les deux sens;joueur;1;geste du poste
GASCOIGNE;Gascoigne;9;legendes;Ses larmes en demi-finale de 1990 ont marqué le pays;factuel;2;Mondial italien
GASCOIGNE;Gascoigne;9;legendes;Milieu surnommé Gazza;factuel;1;surnom du joueur
GASCOIGNE;Gascoigne;9;legendes;Neuf lettres au talent immense et fragile;joueur;2;destin du joueur
GASPERINI;Gasperini;9;coachs;Technicien italien de l'Atalanta puis de la Roma;factuel;2;carrière du coach
GASPERINI;Gasperini;9;coachs;Il a gagné la Ligue Europa en 2024;factuel;2;titre continental
GASPERINI;Gasperini;9;coachs;Neuf lettres au marquage individuel assumé;joueur;2;style tactique
GENERIQUE;générique;9;culture;Séquence d'ouverture d'une émission de football;factuel;1;format télévisé
GENERIQUE;générique;9;culture;Il n'a presque pas changé en trente ans;factuel;2;fidélité du format
GENERIQUE;générique;9;culture;Neuf lettres qui annoncent le dimanche matin;joueur;1;rituel familial
GHEDJEMIS;Ghedjemis;9;actuels;Troisième buteur de Serie B en 2025-2026;factuel;3;quatorze réalisations
GHEDJEMIS;Ghedjemis;9;actuels;Attaquant du deuxième échelon en Italie;factuel;3;saison 2025-2026
GHEDJEMIS;Ghedjemis;9;actuels;Neuf lettres passées par le football transalpin;joueur;2;championnat de Serie B
GILARDINO;Gilardino;9;legendes;Attaquant italien champion du monde en 2006;factuel;3;titre allemand
GILARDINO;Gilardino;9;legendes;Il célébrait en imitant un violoniste;factuel;3;geste reconnaissable
GILARDINO;Gilardino;9;legendes;Neuf lettres passées par Parme et le Milan;joueur;3;carrière du joueur
GONCALVES;Gonçalves;9;actuels;Portugais cité parmi les absents notables de 2026;factuel;3;non-convocation
GONCALVES;Gonçalves;9;actuels;Milieu offensif écarté de la liste du Mondial;factuel;2;choix du sélectionneur
GONCALVES;Gonçalves;9;actuels;Neuf lettres et un patronyme très courant;joueur;1;nom répandu
GRANDPONT;grand pont;9;culture;Ballon poussé d'un côté, joueur passé de l'autre;factuel;2;geste d'élimination
GRANDPONT;grand pont;9;culture;Il demande de la vitesse pour être réussi;factuel;2;condition du geste
GRANDPONT;grand pont;9;culture;Neuf lettres qui laissent le défenseur sur place;joueur;2;effet du geste
GREENWOOD;Greenwood;9;actuels;Deuxième buteur de Ligue 1 en 2025-2026;factuel;2;seize réalisations
GREENWOOD;Greenwood;9;actuels;Anglais installé dans le championnat de France;factuel;2;parcours du joueur
GREENWOOD;Greenwood;9;actuels;Neuf lettres qui signifient bois vert;joueur;2;traduction du patronyme
GRIEZMANN;Griezmann;9;legendes;Attaquant français champion du monde en 2018;factuel;1;titre en Russie
GRIEZMANN;Griezmann;9;legendes;Ses célébrations venaient d'un jeu vidéo;factuel;1;danses reprises partout
GRIEZMANN;Griezmann;9;legendes;Neuf lettres devenues l'idole des cours de récré;joueur;1;popularité du joueur
GRONINGUE;Groningue;9;clubs;Club néerlandais du nord du pays;factuel;3;championnat batave
GRONINGUE;Groningue;9;clubs;Suárez et Robben y sont passés;factuel;3;anciens du club
GRONINGUE;Groningue;9;clubs;Neuf lettres vert et blanc;joueur;3;couleurs du club
GUARDIOLA;Guardiola;9;legendes;Sentinelle du Barça avant d'en devenir l'entraîneur;factuel;2;double carrière
GUARDIOLA;Guardiola;9;legendes;Il a gagné la C1 comme joueur en 1992;factuel;3;finale de Wembley
GUARDIOLA;Guardiola;9;legendes;Neuf lettres devenues obsédées par la possession;joueur;1;philosophie du technicien
GUERRIERS;Guerriers;9;selections;Ils précèdent Taeguk dans un surnom coréen;factuel;3;Corée du Sud
GUERRIERS;Guerriers;9;selections;La sélection a atteint la demi-finale en 2002;factuel;2;Mondial à domicile
GUERRIERS;Guerriers;9;selections;Neuf lettres rouges d'Asie de l'Est;joueur;2;couleur du maillot
GUIMARAES;Guimarães;9;actuels|clubs;Milieu brésilien retenu par Ancelotti;factuel;2;liste de 2026
GUIMARAES;Guimarães;9;actuels|clubs;Récupérateur de la Seleção en Amérique du Nord;factuel;2;poste en sélection
GUIMARAES;Guimarães;9;actuels|clubs;Neuf lettres qui désignent aussi une ville portugaise;joueur;2;homonymie
GUIMARAES;Guimarães;9;actuels|clubs;Un club portugais porte le nom de cette ville;factuel;3;Vitória
HEGEMONIE;hégémonie;9;feminin;Suprématie écrasante sur un championnat;factuel;2;domination d'un club
HEGEMONIE;hégémonie;9;feminin;Elle finit toujours par lasser le public;joueur;1;revers de la domination
HEGEMONIE;hégémonie;9;feminin;Neuf lettres qui rendent le titre prévisible;factuel;1;effet sur le suspense
HEGERBERG;Hegerberg;9;feminin;Première lauréate du Ballon d'Or féminin;factuel;1;édition de 2018
HEGERBERG;Hegerberg;9;feminin;Buteuse norvégienne emblématique de Lyon;factuel;1;record de la C1
HEGERBERG;Hegerberg;9;feminin;Neuf lettres qui ont boycotté leur sélection;joueur;2;prise de position
HERITIERE;héritière;9;feminin;Celle qu'on présente comme la future star;factuel;1;pression du surnom
HERITIERE;héritière;9;feminin;La comparaison lui pèse souvent;joueur;1;revers de l'étiquette
HERITIERE;héritière;9;feminin;Neuf lettres qui doivent encore tout prouver;factuel;1;attente du public
HERNANDEZ;Hernandez;9;actuels;Deux frères le portaient au Mondial 2026;factuel;1;Lucas et Théo
HERNANDEZ;Hernandez;9;actuels;L'aîné était déjà champion du monde en 2018;factuel;2;titre remporté en Russie
HERNANDEZ;Hernandez;9;actuels;Le cadet occupe le couloir gauche tricolore;factuel;2;poste de latéral
HERNANDEZ;Hernandez;9;actuels;Un seul patronyme pour deux Bleus;joueur;1;fratrie en sélection
HIBERNIAN;Hibernian;9;clubs;Club écossais rival des Hearts;factuel;3;derby d'Édimbourg
HIBERNIAN;Hibernian;9;clubs;Son nom évoque une origine irlandaise;factuel;3;étymologie
HIBERNIAN;Hibernian;9;clubs;Neuf lettres vert et blanc;joueur;3;couleurs du club
HUITIEMES;huitièmes;9;competitions;Tour où il reste seize équipes;factuel;1;phase à élimination
HUITIEMES;huitièmes;9;competitions;Le Brésil y a été éliminé en 2026;factuel;2;pire résultat depuis 1990
HUITIEMES;huitièmes;9;competitions;Neuf lettres franchies par les favoris;joueur;1;étape du tableau
INFLUENCE;influence;9;coachs;Marque laissée par un technicien sur ses successeurs;factuel;2;transmission du métier
INFLUENCE;influence;9;coachs;Celle de Sacchi se mesure encore aujourd'hui;factuel;2;héritage tactique
INFLUENCE;influence;9;coachs;Neuf lettres qui traversent les générations;joueur;2;continuité du football
INTENDANT;intendant;9;coachs;Il s'occupe des maillots et du matériel;factuel;2;membre du staff
INTENDANT;intendant;9;coachs;Il prépare le vestiaire avant l'arrivée du groupe;factuel;2;quotidien du poste
INTENDANT;intendant;9;coachs;Neuf lettres qu'on ne voit jamais à l'écran;joueur;2;travail de l'ombre
INTENSITE;intensité;9;coachs;Qualité réclamée à chaque séance;factuel;1;exigence du staff
INTENSITE;intensité;9;coachs;Elle se mesure désormais avec des capteurs;factuel;2;outils modernes
INTENSITE;intensité;9;coachs;Neuf lettres criées pendant tout l'entraînement;joueur;1;mot du terrain
INTERTOTO;Intertoto;9;competitions;Coupe d'été européenne supprimée en 2008;factuel;3;épreuve disparue
INTERTOTO;Intertoto;9;competitions;Elle offrait une place en Coupe UEFA;factuel;3;enjeu de l'épreuve
INTERTOTO;Intertoto;9;competitions;Neuf lettres qui gâchaient les vacances;joueur;3;calendrier estival
INTERVIEW;interview;9;culture;Entretien accordé après le coup de sifflet;factuel;1;exercice imposé
INTERVIEW;interview;9;culture;Celle du bord du terrain dure trente secondes;factuel;2;format télévisé
INTERVIEW;interview;9;culture;Neuf lettres où l'on répond toujours la même chose;joueur;1;langue de bois
KARCHAOUI;Karchaoui;9;feminin;Latérale gauche française internationale;factuel;2;défenseure des Bleues
KARCHAOUI;Karchaoui;9;feminin;Elle a joué au PSG puis à Lyon;factuel;2;carrière de la joueuse
KARCHAOUI;Karchaoui;9;feminin;Neuf lettres qui montent tout le couloir;joueur;2;style de la latérale
KINGPOWER;King Power;9;stades;Enceinte du champion surprise de 2016;factuel;2;Leicester
KINGPOWER;King Power;9;stades;Elle porte le nom d'un groupe thaïlandais;factuel;3;propriétaire du club
KINGPOWER;King Power;9;stades;Neuf lettres qui ont vécu un conte de fées;joueur;2;titre de Premier League
KLINSMANN;Klinsmann;9;legendes;Attaquant allemand champion du monde en 1990;factuel;2;titre italien
KLINSMANN;Klinsmann;9;legendes;Il a célébré par un plongeon resté célèbre;factuel;2;geste à Tottenham
KLINSMANN;Klinsmann;9;legendes;Neuf lettres devenues sélectionneur de leur pays;joueur;2;reconversion
KOLOMUANI;Kolo Muani;9;actuels;Attaquant français passé par Paris et Tottenham;factuel;2;parcours du joueur
KOLOMUANI;Kolo Muani;9;actuels;Buteur dont le départ était attendu à Paris;factuel;3;mercato de 2026
KOLOMUANI;Kolo Muani;9;actuels;Neuf lettres en deux morceaux dans la vraie vie;joueur;2;forme du patronyme
KOMBOUARE;Kombouare;9;coachs;Technicien français né en Nouvelle-Calédonie;factuel;2;origine du coach
KOMBOUARE;Kombouare;9;coachs;Il a dirigé le PSG puis Nantes;factuel;2;carrière du technicien
KOMBOUARE;Kombouare;9;coachs;Neuf lettres surnommées le Casque noir;joueur;2;surnom du joueur
KOSSOUNOU;Kossounou;9;actuels;Défenseur ivoirien passé par Leverkusen;factuel;3;carrière allemande
KOSSOUNOU;Kossounou;9;actuels;Il a été champion d'Afrique en 2024;factuel;3;CAN à domicile
KOSSOUNOU;Kossounou;9;actuels;Neuf lettres très longilignes;joueur;3;silhouette du central
KOULIBALY;Koulibaly;9;actuels;Capitaine sénégalais au Mondial 2026;factuel;1;brassard des Lions
KOULIBALY;Koulibaly;9;actuels;Défenseur central figure de sa sélection;factuel;1;cadre historique
KOULIBALY;Koulibaly;9;actuels;Neuf lettres dans l'axe de la Teranga;joueur;1;poste du joueur
LACAZETTE;Lacazette;9;legendes;Buteur lyonnais parti à Arsenal;factuel;2;transfert de 2017
LACAZETTE;Lacazette;9;legendes;Il a été meilleur buteur de Ligue 1 en 2015;factuel;3;titre individuel
LACAZETTE;Lacazette;9;legendes;Neuf lettres formées au bord du Rhône;joueur;2;produit du centre
LAURENDON;Laurendon;9;actuels;Gardien de vingt ans de l'effectif parisien;factuel;3;saison 2026-2027
LAURENDON;Laurendon;9;actuels;Portier du groupe professionnel du PSG;factuel;3;liste de la saison
LAURENDON;Laurendon;9;actuels;Neuf lettres devant les buts de la capitale;joueur;2;poste du joueur
LEICESTER;Leicester;9;clubs;Relégué à l'issue de la saison 2024-2025;factuel;2;descente en Championship
LEICESTER;Leicester;9;clubs;Champion d'Angleterre surprise il y a dix ans;factuel;2;exploit de 2016
LEICESTER;Leicester;9;clubs;Neuf lettres des Midlands;joueur;2;implantation du club
LIMOGEAGE;limogeage;9;coachs;Renvoi d'un entraîneur en cours de saison;factuel;1;décision du club
LIMOGEAGE;limogeage;9;coachs;Il suit souvent une série de défaites;factuel;1;cause habituelle
LIMOGEAGE;limogeage;9;coachs;Neuf lettres qui viennent du nom d'une ville;joueur;2;étymologie
LIONESSES;Lionesses;9;feminin;Surnom de la sélection anglaise;factuel;1;équipe des Three Lions au féminin
LIONESSES;Lionesses;9;feminin;Elles ont gagné l'Euro 2022 à domicile;factuel;1;titre à Wembley
LIONESSES;Lionesses;9;feminin;Neuf lettres qui ont fait remplir les stades;joueur;1;engouement du pays
LIVERPOOL;Liverpool;9;clubs;Tenant du titre anglais qui n'a pas su le défendre;factuel;1;cinquième en 2025-2026
LIVERPOOL;Liverpool;9;clubs;Vingt fois champion d'Angleterre;factuel;2;palmarès national
LIVERPOOL;Liverpool;9;clubs;Qualifié en Ligue des champions avec soixante points;joueur;3;plus faible total du siècle
LJUNGBERG;Ljungberg;9;legendes;Ailier suédois des Invincibles d'Arsenal;factuel;2;saison 2004
LJUNGBERG;Ljungberg;9;legendes;Sa mèche rouge était sa signature;factuel;2;silhouette culte
LJUNGBERG;Ljungberg;9;legendes;Neuf lettres qui surgissaient dans la surface;joueur;2;style du joueur
LOKOMOTIV;Lokomotiv;9;clubs;Nom porté par des clubs de l'ancien bloc de l'Est;factuel;3;dénomination répandue
LOKOMOTIV;Lokomotiv;9;clubs;Il désignait les clubs des cheminots;factuel;3;origine du nom
LOKOMOTIV;Lokomotiv;9;clubs;Neuf lettres rouge et vert à Moscou;joueur;3;couleurs du club
LOPETEGUI;Lopetegui;9;coachs;Technicien espagnol limogé avant le Mondial 2018;factuel;2;épisode resté célèbre
LOPETEGUI;Lopetegui;9;coachs;Il a gagné la Ligue Europa avec Séville;factuel;2;titre de 2020
LOPETEGUI;Lopetegui;9;coachs;Neuf lettres remerciées deux jours avant le tournoi;joueur;2;décision de la fédération
MAGALHAES;Magalhães;9;actuels;Défenseur central brésilien évoluant à Londres;factuel;2;club anglais
MAGALHAES;Magalhães;9;actuels;Il formait la charnière avec le capitaine;factuel;2;duo axial de la Seleção
MAGALHAES;Magalhães;9;actuels;Neuf lettres à consonance très lusophone;joueur;1;origine du nom
MARSEILLE;Marseille;9;clubs;Seul club français vainqueur de la Coupe d'Europe;factuel;1;titre de 1993
MARSEILLE;Marseille;9;clubs;Il joue au Vélodrome devant soixante mille personnes;factuel;1;enceinte du club
MARSEILLE;Marseille;9;clubs;Neuf lettres blanc et bleu ciel;joueur;1;couleurs du club
MARTIGUES;Martigues;9;clubs;Club provençal remonté en Ligue 2;factuel;3;football français
MARTIGUES;Martigues;9;clubs;Sa ville est surnommée la Venise provençale;factuel;2;patrimoine local
MARTIGUES;Martigues;9;clubs;Neuf lettres jaune et bleu des Bouches-du-Rhône;joueur;3;couleurs du club
MATERAZZI;Materazzi;9;legendes;Son égalisation a relancé la finale de 2006;factuel;1;tête sur corner
MATERAZZI;Materazzi;9;legendes;Défenseur italien champion du monde;factuel;1;titre allemand
MATERAZZI;Materazzi;9;legendes;Neuf lettres au centre d'une scène très commentée;joueur;2;finale de Berlin
MCTOMINAY;McTominay;9;actuels;Milieu écossais élu meilleur joueur de Serie A;factuel;2;saison 2024-2025
MCTOMINAY;McTominay;9;actuels;Il a fait champion Naples dès sa première saison;factuel;2;titre italien
MCTOMINAY;McTominay;9;actuels;Neuf lettres venues de Manchester United;joueur;2;transfert de 2024
MEGAPHONE;mégaphone;9;culture;Instrument du meneur de chants;factuel;1;matériel du virage
MEGAPHONE;mégaphone;9;culture;Il porte la voix sur tout un gradin;factuel;1;fonction de l'objet
MEGAPHONE;mégaphone;9;culture;Neuf lettres qu'on entend jusqu'à la pelouse;joueur;1;puissance sonore
MELBOURNE;Melbourne;9;feminin;Ville australienne hôte du Mondial 2023;factuel;2;édition océanienne
MELBOURNE;Melbourne;9;feminin;Elle accueille aussi un tournoi de tennis;factuel;1;Open d'Australie
MELBOURNE;Melbourne;9;feminin;Neuf lettres réputées les plus agréables du monde;joueur;2;classements internationaux
MERENGUES;Merengues;9;clubs;Surnom des joueurs du grand club madrilène;factuel;2;Real Madrid
MERENGUES;Merengues;9;clubs;Il vient de la blancheur du maillot;factuel;2;origine du surnom
MERENGUES;Merengues;9;clubs;Neuf lettres qui évoquent aussi une pâtisserie;joueur;1;homonymie
MIJATOVIC;Mijatovic;9;legendes;Son but a offert la septième C1 au Real en 1998;factuel;3;finale d'Amsterdam
MIJATOVIC;Mijatovic;9;legendes;Attaquant monténégrin passé par Valence;factuel;3;carrière espagnole
MIJATOVIC;Mijatovic;9;legendes;Neuf lettres qui ont mis fin à une longue attentet;joueur;3;record madrilène
MONTERREY;Monterrey;9;clubs;Ville mexicaine à deux clubs de première division;factuel;3;football local
MONTERREY;Monterrey;9;clubs;Elle est la capitale industrielle du pays;factuel;3;économie locale
MONTERREY;Monterrey;9;clubs;Neuf lettres du nord du Mexique;joueur;2;géographie
MORIENTES;Morientes;9;legendes;Attaquant espagnol du Real des Galactiques;factuel;3;carrière madrilène
MORIENTES;Morientes;9;legendes;Il a marqué contre son ancien club en C1;factuel;3;prêt à Monaco en 2004
MORIENTES;Morientes;9;legendes;Neuf lettres redoutables de la tête;joueur;3;jeu aérien du buteur
MOULOUDIA;Mouloudia;9;clubs;Nom porté par des clubs algériens;factuel;3;dénomination répandue
MOULOUDIA;Mouloudia;9;clubs;Celui d'Alger fut champion d'Afrique en 1976;factuel;3;titre de 1976
MOULOUDIA;Mouloudia;9;clubs;Neuf lettres vert et rouge;joueur;3;couleurs du club
MOUSTACHE;moustache;9;fillfoot;Pilosité emblématique des joueurs des années 80;factuel;2;mode d'époque
MOUSTACHE;moustache;9;fillfoot;Elle fait reconnaître un ancien sur les photos;joueur;1;silhouette d'époque
MULTIPLEX;multiplex;9;fillfoot;Dispositif qui bascule d'une enceinte à l'autre;factuel;1;diffusion simultanée
MULTIPLEX;multiplex;9;fillfoot;On y perd le fil au troisième but simultané;joueur;1;confusion du direct
NADESHIKO;Nadeshiko;9;feminin;Surnom de la sélection japonaise;factuel;2;équipe asiatique
NADESHIKO;Nadeshiko;9;feminin;Elles ont été championnes du monde en 2011;factuel;1;titre en Allemagne
NADESHIKO;Nadeshiko;9;feminin;Neuf lettres qui désignent une fleur;joueur;2;traduction
NEWCASTLE;Newcastle;9;clubs;Tenant de la Coupe de la Ligue éliminé en demies;factuel;3;édition 2025-2026
NEWCASTLE;Newcastle;9;clubs;Il a vendu Gordon au Barça et Tonali à Tottenham;factuel;2;mercato de l'été 2026
NEWCASTLE;Newcastle;9;clubs;Neuf lettres du nord-est de l'Angleterre;joueur;1;implantation du club
NEWJERSEY;New Jersey;9;stades;État où s'est jouée la finale du Mondial 2026;factuel;2;MetLife Stadium
NEWJERSEY;New Jersey;9;stades;Il jouxte la plus grande ville américaine;factuel;2;géographie
NEWJERSEY;New Jersey;9;stades;Neuf lettres qui portent aussi le nom d'un maillot;joueur;2;homonymie anglaise
NOSTALGIE;nostalgie;9;culture;Sentiment devant les images d'un ancien maillot;factuel;1;émotion du supporter
NOSTALGIE;nostalgie;9;culture;Elle explique le retour des tenues rétro;factuel;2;mode des clubs
NOSTALGIE;nostalgie;9;culture;Neuf lettres qui font vendre des maillots;joueur;2;stratégie commerciale
NUREMBERG;Nuremberg;9;clubs;Club bavarois neuf fois champion d'Allemagne;factuel;3;palmarès historique
NUREMBERG;Nuremberg;9;clubs;Sa ville est célèbre pour son marché de Noël;factuel;2;tradition locale
NUREMBERG;Nuremberg;9;clubs;Neuf lettres rouge et noir de Franconie;joueur;3;couleurs du club
OLYMPIADE;olympiade;9;competitions;Cycle de quatre ans entre deux Jeux;factuel;2;unité de temps sportive
OLYMPIADE;olympiade;9;competitions;Le tournoi de football y figure depuis 1900;factuel;3;discipline olympique
OLYMPIADE;olympiade;9;competitions;Neuf lettres où les sélections sont rajeunies;joueur;2;règlement des espoirs
OLYMPIQUE;olympique;9;competitions;Tournoi disputé tous les quatre ans aux Jeux;factuel;1;épreuve du CIO
OLYMPIQUE;olympique;9;competitions;Les sélections masculines y sont rajeunies;factuel;2;limite d'âge
OLYMPIQUE;olympique;9;competitions;Neuf lettres qui précèdent aussi Marseille et Lyon;joueur;1;homonymie
ORIFLAMME;oriflamme;9;fillfoot;Longue bannière flottant au-dessus du virage;factuel;2;emblème des groupes
ORIFLAMME;oriflamme;9;fillfoot;Elle se déploie sur trois rangs de gradins;joueur;1;animation des tribunes
OYARZABAL;Oyarzabal;9;actuels;Meilleur buteur espagnol du Mondial 2026;factuel;1;cinq réalisations
OYARZABAL;Oyarzabal;9;actuels;Auteur du doublé le plus rapide pour son pays;factuel;3;deux buts en deux minutes trente
OYARZABAL;Oyarzabal;9;actuels;Neuf lettres pour un finisseur basque;joueur;2;profil de l'attaquant
PALMEIRAS;Palmeiras;9;clubs;Club pauliste fondé par des immigrés italiens;factuel;3;origine du club
PALMEIRAS;Palmeiras;9;clubs;Il a remporté plusieurs Libertadores récemment;factuel;3;palmarès continental
PALMEIRAS;Palmeiras;9;clubs;Neuf lettres vertes de São Paulo;joueur;2;couleur du maillot
PANTHERES;Panthères;9;selections;Surnom de la sélection gabonaise;factuel;3;emblème du pays
PANTHERES;Panthères;9;selections;Aubameyang en fut la vedette;factuel;2;buteur emblématique
PANTHERES;Panthères;9;selections;Neuf lettres qui ont reçu la CAN en 2017;joueur;3;organisation continentale
PARAPLUIE;parapluie;9;fillfoot;Interdit dans certaines enceintes;factuel;2;règlement de sécurité
PARAPLUIE;parapluie;9;fillfoot;Il ne protège personne au troisième rang;joueur;1;réalité de la tribune
PETITPONT;petit pont;9;culture;Ballon passé entre les jambes de l'adversaire;factuel;1;geste humiliant
PETITPONT;petit pont;9;culture;Dans la rue, il met fin au duel;factuel;2;règle du football de quartier
PETITPONT;petit pont;9;culture;Neuf lettres qui font hurler toute la cour;joueur;1;réaction des spectateurs
PHENOMENE;Phénomène;9;legendes;Surnom d'un attaquant brésilien deux fois Ballon d'Or;factuel;2;buteur du Mondial 2002
PHENOMENE;Phénomène;9;legendes;Huit buts et un titre mondial en 2002;factuel;1;meilleur buteur du tournoi
PHENOMENE;Phénomène;9;legendes;Neuf lettres à la coupe de cheveux mémorable;joueur;2;style capillaire de 2002
PIONNIERE;pionnière;9;feminin;Celle qui a ouvert la voie aux générations suivantes;factuel;1;rôle historique
PIONNIERE;pionnière;9;feminin;Les premières jouaient sans être payées;factuel;1;réalité d'autrefois
PIONNIERE;pionnière;9;feminin;Neuf lettres qui ont dû se battre pour un terrain;joueur;1;obstacles de l'époque
PISTOLERO;Pistolero;9;legendes;Surnom d'un buteur uruguayen du Barça;factuel;2;Luis Suárez
PISTOLERO;Pistolero;9;legendes;Il célébrait en mimant un revolver;factuel;2;geste du buteur
PISTOLERO;Pistolero;9;legendes;Neuf lettres qui ont formé un trio avec Messi et Neymar;joueur;1;attaque catalane
POLEMIQUE;polémique;9;coachs;Débat enflammé après une décision du technicien;factuel;1;réaction médiatique
POLEMIQUE;polémique;9;coachs;Un joueur écarté suffit à la déclencher;factuel;1;cause fréquente
POLEMIQUE;polémique;9;coachs;Neuf lettres qui occupent la semaine entière;joueur;1;durée du sujet
PORTECLES;porte-clés;9;culture;Petit objet vendu aux couleurs du club;factuel;2;produit dérivé
PORTECLES;porte-clés;9;culture;Il coûte moins cher qu'un maillot;joueur;1;souvenir accessible
PORTECLES;porte-clés;9;culture;Neuf lettres rapportées de chaque déplacement;joueur;2;habitude du fan
PRESIDENT;président;9;coachs;Il dirige le club et nomme l'entraîneur;factuel;1;plus haute fonction
PRESIDENT;président;9;coachs;Il est sifflé dès que les résultats baissent;factuel;1;réaction des tribunes
PRESIDENT;président;9;coachs;Neuf lettres visées par les banderoles;joueur;1;contestation des groupes
PRIDEPARK;Pride Park;9;stades;Enceinte des Midlands de l'Est;factuel;3;Derby County
PRIDEPARK;Pride Park;9;stades;Son nom parle de fierté;factuel;3;traduction
PRIDEPARK;Pride Park;9;stades;Neuf lettres bâties dans les années quatre-vingt-dix;joueur;3;construction récente
PRINTEMPS;printemps;9;fillfoot;Saison où tout se décide au classement;factuel;1;fin de championnat
PRINTEMPS;printemps;9;fillfoot;Les jambes lourdes et les enjeux énormes;joueur;1;dernière ligne droite
PROGRAMME;programme;9;fillfoot;Liste des rencontres de la journée;factuel;1;calendrier
PROGRAMME;programme;9;fillfoot;Chargé, il fait tourner tout l'effectif;joueur;1;enchaînement des matchs
PRONOSTIC;pronostic;9;culture;Prévision du résultat avant le coup d'envoi;factuel;1;exercice du supporter
PRONOSTIC;pronostic;9;culture;Il se trompe une fois sur deux;joueur;1;fiabilité limitée
PRONOSTIC;pronostic;9;culture;Neuf lettres qui font vivre tout un secteur;factuel;2;marché des paris
PROTOCOLE;protocole;9;culture;Ensemble des gestes imposés avant le coup d'envoi;factuel;1;rituel réglé
PROTOCOLE;protocole;9;culture;Poignées de main, hymnes et photo en font partie;factuel;1;déroulé habituel
PROTOCOLE;protocole;9;culture;Neuf lettres réglées à la minute près;joueur;2;exigence de la diffusion
QUADRUPLE;quadruplé;9;competitions;Quatre réalisations du même joueur;factuel;2;performance individuelle
QUADRUPLE;quadruplé;9;competitions;Il désigne aussi quatre trophées en une saison;factuel;2;palmarès annuel
QUADRUPLE;quadruplé;9;competitions;Neuf lettres très rarement inscrites;joueur;2;rareté de l'exploit
RECEPTION;réception;9;vocab;Prise de balle au moment où elle arrive;factuel;1;premier contact
RECEPTION;réception;9;vocab;Ratée, elle offre le ballon à l'adversaire;joueur;1;erreur technique
RECRUTEUR;recruteur;9;coachs;Il sillonne les terrains pour repérer des talents;factuel;1;métier du scouting
RECRUTEUR;recruteur;9;coachs;Il assiste à des matchs de jeunes le dimanche;factuel;1;quotidien du poste
RECRUTEUR;recruteur;9;coachs;Neuf lettres discrètes derrière la main courante;joueur;2;image du métier
REGLEMENT;règlement;9;competitions;Ensemble des règles d'une compétition;factuel;1;texte de référence
REGLEMENT;règlement;9;competitions;Il fixe les critères de départage;factuel;2;classement des équipes
REGLEMENT;règlement;9;competitions;Neuf lettres que personne ne lit avant la polémique;joueur;2;usage du texte
REIJNDERS;Reijnders;9;actuels;Milieu néerlandais arrivé à City en 2025;factuel;2;transfert du joueur
REIJNDERS;Reijnders;9;actuels;Il avait été élu meilleur joueur de Serie A;factuel;3;saison milanaise
REIJNDERS;Reijnders;9;actuels;Neuf lettres qui montent bien dans la surface;joueur;3;profil du milieu
REMONTADA;remontada;9;vocab;Retournement d'un score très défavorable;factuel;2;terme espagnol
REMONTADA;remontada;9;vocab;Barcelone-Paris 2017 en a fixé le sens;factuel;3;6-1 au Camp Nou
REMONTADA;remontada;9;vocab;Trois de retard et tout le stade y croit encore;joueur;1;renversement de situation
REPORTAGE;reportage;9;culture;Sujet filmé sur un club ou un joueur;factuel;1;format journalistique
REPORTAGE;reportage;9;culture;Il ouvre souvent l'émission du dimanche;factuel;1;place dans le programme
REPORTAGE;reportage;9;culture;Neuf lettres tournées en immersion;joueur;1;méthode du genre
RIVERSIDE;Riverside;9;stades;Enceinte anglaise au bord d'une rivière;factuel;3;Middlesbrough
RIVERSIDE;Riverside;9;stades;Son nom décrit exactement sa situation;factuel;2;toponymie
RIVERSIDE;Riverside;9;stades;Neuf lettres exposées au vent de la mer du Nord;joueur;3;climat du lieu
ROBERTSON;Robertson;9;actuels;Latéral gauche arrivé libre à Tottenham;factuel;2;mercato de l'été 2026
ROBERTSON;Robertson;9;actuels;Défenseur écossais recruté sans indemnité;factuel;2;fin de contrat
ROBERTSON;Robertson;9;actuels;Neuf lettres qui n'ont rien coûté;joueur;2;transfert gratuit
ROCHETEAU;Rocheteau;9;legendes;Attaquant stéphanois surnommé l'Ange vert;factuel;2;surnom du joueur
ROCHETEAU;Rocheteau;9;legendes;Il a disputé la finale européenne de 1976;factuel;2;Glasgow et les poteaux carrés
ROCHETEAU;Rocheteau;9;legendes;Neuf lettres à la chevelure bouclée;joueur;2;silhouette d'époque
RODRIGUEZ;Rodríguez;9;actuels;Milieu argentin absent du Mondial 2026;factuel;2;non retenu
RODRIGUEZ;Rodríguez;9;actuels;Champion du monde 2022 laissé de côté;factuel;2;fin de cycle
RODRIGUEZ;Rodríguez;9;actuels;Neuf lettres pour l'un des noms les plus courants;joueur;1;patronyme très répandu
ROSENBORG;Rosenborg;9;clubs;Club norvégien le plus titré du pays;factuel;3;championnat local
ROSENBORG;Rosenborg;9;clubs;Il est installé à Trondheim;factuel;3;implantation
ROSENBORG;Rosenborg;9;clubs;Neuf lettres blanc et noir de Scandinavie;joueur;3;couleurs du club
ROSENGARD;Rosengård;9;feminin;Club suédois multiple champion national;factuel;3;hégémonie locale
ROSENGARD;Rosengård;9;feminin;Marta y a joué plusieurs saisons;factuel;3;passage de la Brésilienne
ROSENGARD;Rosengård;9;feminin;Neuf lettres installées à Malmö;joueur;3;implantation du club
ROSSONERI;Rossoneri;9;clubs;Surnom des joueurs d'un club milanais;factuel;2;AC Milan
ROSSONERI;Rossoneri;9;clubs;Il vient du rouge et du noir du maillot;factuel;2;traduction du surnom
ROSSONERI;Rossoneri;9;clubs;Neuf lettres qui ont recruté Ramos en 2026;joueur;3;transfert de 74 millions
ROTTERDAM;Rotterdam;9;clubs;Ville du plus grand port d'Europe;factuel;1;géographie
ROTTERDAM;Rotterdam;9;clubs;Son club fut le premier Néerlandais sacré en Europe;factuel;3;titre de 1970
ROTTERDAM;Rotterdam;9;clubs;Neuf lettres rivales d'Amsterdam;joueur;2;rivalité nationale
ROUDOUROU;Roudourou;9;stades;Enceinte bretonne du club des Côtes-d'Armor;factuel;3;Guingamp
ROUDOUROU;Roudourou;9;stades;Son nom signifie petit gué en breton;factuel;3;étymologie
ROUDOUROU;Roudourou;9;stades;Neuf lettres dans une toute petite ville;joueur;3;particularité du club
SALZBOURG;Salzbourg;9;clubs;Club autrichien lié à une marque de boisson;factuel;2;projet du groupe
SALZBOURG;Salzbourg;9;clubs;Haaland y a explosé avant de partir;factuel;2;tremplin du buteur
SALZBOURG;Salzbourg;9;clubs;Neuf lettres de la ville natale de Mozart;joueur;1;patrimoine local
SAMPDORIA;Sampdoria;9;clubs;Club génois rival du Genoa;factuel;2;derby de la Lanterne
SAMPDORIA;Sampdoria;9;clubs;Champion d'Italie en 1991 puis finaliste européen;factuel;3;apogée du club
SAMPDORIA;Sampdoria;9;clubs;Neuf lettres au maillot bleu à bandes;joueur;3;tenue reconnaissable
SANTANDER;Santander;9;clubs;Ville cantabrique au club du Racing;factuel;3;championnat espagnol
SANTANDER;Santander;9;clubs;Elle donne son nom à une grande banque;factuel;2;économie locale
SANTANDER;Santander;9;clubs;Neuf lettres au bord de la mer Cantabrique;joueur;3;géographie
SCORPIONS;Scorpions;9;selections;Surnom de la sélection gambienne;factuel;3;emblème du pays
SCORPIONS;Scorpions;9;selections;Elle a atteint les quarts de la CAN en 2022;factuel;3;première participation
SCORPIONS;Scorpions;9;selections;Neuf lettres qui portent aussi le nom d'un groupe;joueur;2;homonymie musicale
SELECTION;sélection;9;selections;Équipe qui représente un pays;factuel;1;équipe nationale
SELECTION;sélection;9;selections;Y être appelé est le rêve de tout joueur;factuel;1;consécration
SELECTION;sélection;9;selections;Neuf lettres qui ne se choisissent pas toujours;joueur;2;cas des binationaux
SEPTEMBRE;septembre;9;fillfoot;Mois des premières trêves internationales;factuel;1;calendrier FIFA
SEPTEMBRE;septembre;9;fillfoot;Le classement n'y veut encore rien dire;joueur;1;adage consacré
SERPENTIN;serpentin;9;culture;Rouleau de papier lancé depuis les gradins;factuel;2;animation d'avant-match
SERPENTIN;serpentin;9;culture;Il retombe souvent sur la pelouse;factuel;1;conséquence du lancer
SERPENTIN;serpentin;9;culture;Neuf lettres qui retardent le coup d'envoi;joueur;2;nettoyage du terrain
SERRETETE;serre-tête;9;feminin;Bandeau qui retient les cheveux en jeu;factuel;1;accessoire du terrain
SERRETETE;serre-tête;9;feminin;Il glisse souvent en plein duel;joueur;1;désagrément du match
SERRETETE;serre-tête;9;feminin;Neuf lettres aux couleurs du club;factuel;1;personnalisation
SHEFFIELD;Sheffield;9;clubs;Ville anglaise du plus vieux club du monde;factuel;3;fondé en 1857
SHEFFIELD;Sheffield;9;clubs;Elle compte deux clubs rivaux;factuel;3;derby d'acier
SHEFFIELD;Sheffield;9;clubs;Neuf lettres au passé sidérurgique;joueur;2;histoire locale
SIGNATURE;signature;9;coachs;Geste ou principe propre à un technicien;factuel;1;marque personnelle
SIGNATURE;signature;9;coachs;Elle désigne aussi le paraphe sur un contrat;factuel;1;double sens
SIGNATURE;signature;9;coachs;Neuf lettres qui identifient une équipe;joueur;1;reconnaissance du style
SLOVAQUIE;Slovaquie;9;selections;Sélection qui a éliminé l'Italie du Mondial 2010;factuel;3;exploit en poules
SLOVAQUIE;Slovaquie;9;selections;Elle est née de la partition d'un pays voisin;factuel;3;séparation de 1993
SLOVAQUIE;Slovaquie;9;selections;Neuf lettres bleu et blanc;joueur;3;couleurs nationales
SOCCEROOS;Socceroos;9;selections;Surnom de la sélection australienne;factuel;2;jeu de mots local
SOCCEROOS;Socceroos;9;selections;Elle a changé de confédération pour l'Asie;factuel;3;bascule de 2006
SOCCEROOS;Socceroos;9;selections;Neuf lettres qui mêlent soccer et kangourou;joueur;2;construction du mot
SOLSKJAER;Solskjaer;9;legendes;Son but à la dernière seconde a offert la C1 en 1999;factuel;1;finale de Barcelone
SOLSKJAER;Solskjaer;9;legendes;Norvégien surnommé l'assassin au visage d'ange;factuel;2;surnom du joueur
SOLSKJAER;Solskjaer;9;legendes;Neuf lettres revenues entraîner leur club;joueur;2;reconversion
SOUTHGATE;Southgate;9;coachs;Sélectionneur anglais des deux finales d'Euro;factuel;1;2021 et 2024
SOUTHGATE;Southgate;9;coachs;Il portait un gilet devenu culte;factuel;1;tenue du banc
SOUTHGATE;Southgate;9;coachs;Neuf lettres qui avaient raté un penalty en 1996;joueur;2;joueur puis coach
SPALLETTI;Spalletti;9;coachs;Technicien italien champion avec Naples en 2023;factuel;2;premier titre depuis Maradona
SPALLETTI;Spalletti;9;coachs;Il est devenu sélectionneur de son pays;factuel;2;banc de la Squadra
SPALLETTI;Spalletti;9;coachs;Neuf lettres au crâne rasé;joueur;2;silhouette du coach
SPECTACLE;spectacle;9;fillfoot;Ce que le public vient chercher au stade;factuel;1;attente du spectateur
SPECTACLE;spectacle;9;fillfoot;Zéro à zéro, il n'y en a pas eu;joueur;1;rencontre ennuyeuse
STOCKHOLM;Stockholm;9;clubs;Capitale suédoise à trois clubs de l'élite;factuel;2;football suédois
STOCKHOLM;Stockholm;9;clubs;Elle a reçu la finale du Mondial 1958;factuel;2;victoire brésilienne
STOCKHOLM;Stockholm;9;clubs;Neuf lettres bâties sur des îles;joueur;2;géographie
STOICHKOV;Stoichkov;9;legendes;Ballon d'Or bulgare de 1994;factuel;2;attaquant du Barça
STOICHKOV;Stoichkov;9;legendes;Il a porté son pays en demi-finale du Mondial;factuel;2;édition américaine
STOICHKOV;Stoichkov;9;legendes;Neuf lettres au caractère aussi fort que le pied gauche;joueur;2;réputation du joueur
STUTTGART;Stuttgart;9;clubs;Club souabe qui a fourni quatre internationaux en 2026;factuel;2;contingent allemand
STUTTGART;Stuttgart;9;clubs;Nübel et Undav y évoluaient avant le Mondial;factuel;3;liste de Nagelsmann
STUTTGART;Stuttgart;9;clubs;Neuf lettres rouge et blanc du Bade-Wurtemberg;joueur;3;couleurs du club
SUPPLEANT;suppléant;9;coachs;Celui qui remplace l'entraîneur suspendu;factuel;1;rôle de l'adjoint
SUPPLEANT;suppléant;9;coachs;Il donne les consignes depuis le bord du terrain;factuel;1;mission du jour
SUPPLEANT;suppléant;9;coachs;Neuf lettres promues pour une soirée;joueur;1;situation temporaire
SUPPORTER;supporter;9;vocab;Il suit son club à domicile et au dehors;factuel;1;public fidèle
SUPPORTER;supporter;9;vocab;Il connaît la compo mieux que le staff;joueur;1;passion du public
SURNOMBRE;surnombre;9;vocab;Situation où l'on a un joueur de plus;factuel;2;supériorité numérique
SURNOMBRE;surnombre;9;vocab;Trois contre deux, et il faut conclure;joueur;1;occasion à saisir
TALONNADE;talonnade;9;vocab;Transmission donnée de l'arrière du pied;factuel;2;geste technique
TALONNADE;talonnade;9;vocab;Madjer l'a rendue immortelle en 1987;joueur;3;finale européenne
TAMBOURIN;tambourin;9;culture;Petit instrument à percussion des tribunes;factuel;2;matériel du virage
TAMBOURIN;tambourin;9;culture;Il accompagne le tambour et le mégaphone;factuel;2;orchestre du gradin
TAMBOURIN;tambourin;9;culture;Neuf lettres qui donnent la cadence;joueur;2;rôle dans le chant
TECHNIQUE;technique;9;vocab;Maîtrise des gestes avec le ballon;factuel;1;bagage du joueur
TECHNIQUE;technique;9;vocab;Le geste qui l'est se revoit au ralenti;joueur;1;qualité d'exécution
TERSTEGEN;Ter Stegen;9;legendes;Gardien allemand titulaire du Barça;factuel;2;carrière catalane
TERSTEGEN;Ter Stegen;9;legendes;Il a longtemps été barré en sélection par Neuer;factuel;2;concurrence au poste
TERSTEGEN;Ter Stegen;9;legendes;Neuf lettres très à l'aise au pied;joueur;2;style du portier
TIELEMANS;Tielemans;9;actuels;Milieu belge formé à Anderlecht;factuel;2;club bruxellois
TIELEMANS;Tielemans;9;actuels;International belge éclos très jeune;factuel;2;précocité du joueur
TIELEMANS;Tielemans;9;actuels;Neuf lettres sorties du centre mauve;joueur;2;produit de la formation
TIRSAUBUT;tirs au but;9;vocab;Série de onze mètres pour départager;factuel;1;épreuve de départage
TIRSAUBUT;tirs au but;9;vocab;La loterie qui fait pleurer un pays entier;joueur;1;expression consacrée
TITULAIRE;titulaire;9;vocab;Il commence la rencontre sur la pelouse;factuel;1;joueur du onze de départ
TITULAIRE;titulaire;9;vocab;Perdre sa place fait mal à l'orgueil;joueur;2;concurrence au poste
TOTTENHAM;Tottenham;9;clubs;Club londonien jamais relégué depuis 1992;factuel;2;six clubs dans ce cas
TOTTENHAM;Tottenham;9;clubs;Il a recruté Tonali, Van Hecke et Robertson en 2026;factuel;2;mercato estival très actif
TOTTENHAM;Tottenham;9;clubs;Neuf lettres du nord de Londres;joueur;1;implantation du club
TRADITION;tradition;9;fillfoot;Usage transmis d'une saison à l'autre;factuel;1;coutume du club
TRADITION;tradition;9;fillfoot;L'échange des fanions en est une;factuel;2;protocole d'avant-match
TRADITION;tradition;9;fillfoot;Perdre chez eux en est devenue une;joueur;2;série défavorable
TRANSFERT;transfert;9;vocab;Passage d'un joueur d'un club à un autre;factuel;1;opération du mercato
TRANSFERT;transfert;9;vocab;Le montant fuite toujours avant l'annonce;joueur;1;rumeurs de presse
TREZEGUET;Trezeguet;9;legendes;Auteur du but en or de l'Euro 2000;factuel;1;finale contre l'Italie
TREZEGUET;Trezeguet;9;legendes;Champion du monde 1998 puis buteur de la Juventus;factuel;1;carrière du joueur
TREZEGUET;Trezeguet;9;legendes;Neuf lettres qui ne touchaient qu'un ballon sur trois;joueur;2;profil du finisseur
TRICOLORE;tricolore;9;selections;Adjectif qui désigne tout ce qui est français;factuel;1;usage courant
TRICOLORE;tricolore;9;selections;Il renvoie aux trois couleurs du drapeau;factuel;1;origine du terme
TRICOLORE;tricolore;9;selections;Neuf lettres devant sélection dans les journaux;joueur;1;usage médiatique
TROMPETTE;trompette;9;fillfoot;Instrument qui accompagne les chants du virage;factuel;1;animation des tribunes
TROMPETTE;trompette;9;fillfoot;Elle sonne la charge quand l'équipe se réveille;joueur;1;image consacrée
UPAMECANO;Upamecano;9;actuels;Défenseur central tricolore passé par Leipzig;factuel;2;parcours en Bundesliga
UPAMECANO;Upamecano;9;actuels;Il était du Mondial 2022 comme de celui de 2026;factuel;2;deux phases finales
UPAMECANO;Upamecano;9;actuels;Neuf lettres pour un roc de la charnière;joueur;1;longueur du patronyme
VAINQUEUR;vainqueur;9;competitions;Celui qui soulève le trophée;factuel;1;lauréat de l'épreuve
VAINQUEUR;vainqueur;9;competitions;Crystal Palace l'a été en Conférence en 2026;factuel;3;titre européen
VAINQUEUR;vainqueur;9;competitions;Neuf lettres inscrites sur le socle de la coupe;joueur;2;gravure du trophée
VANBASTEN;Van Basten;9;legendes;Sa volée en finale de l'Euro 1988 est un chef-d'œuvre;factuel;1;but depuis l'angle
VANBASTEN;Van Basten;9;legendes;Triple Ballon d'Or néerlandais;factuel;2;1988, 1989 et 1992
VANBASTEN;Van Basten;9;legendes;Neuf lettres à la carrière écourtée trop tôt;joueur;2;retraite précoce
VANCOUVER;Vancouver;9;stades;Ville canadienne hôte du Mondial 2026;factuel;2;organisation partagée
VANCOUVER;Vancouver;9;stades;Elle borde le Pacifique;factuel;1;géographie
VANCOUVER;Vancouver;9;stades;Neuf lettres qui ont reçu les Jeux d'hiver en 2010;joueur;2;olympisme
VANDERSAR;Van der Sar;9;legendes;Son arrêt a offert la C1 à United en 2008;factuel;2;séance de Moscou
VANDERSAR;Van der Sar;9;legendes;Gardien néerlandais passé par l'Ajax et la Juventus;factuel;2;carrière du joueur
VANDERSAR;Van der Sar;9;legendes;Neuf lettres immenses devant leur cage;joueur;2;gabarit du portier
VANDERSON;Vanderson;9;actuels;Latéral droit brésilien de Monaco;factuel;3;couloir monégasque
VANDERSON;Vanderson;9;actuels;Il est arrivé de Grêmio en 2022;factuel;3;transfert du joueur
VANDERSON;Vanderson;9;actuels;Neuf lettres qui montent beaucoup;joueur;3;style du latéral
VANHOUTTE;Vanhoutte;9;actuels;Milieu parti de Nice à Feyenoord;factuel;3;transfert de l'été 2026
VANHOUTTE;Vanhoutte;9;actuels;Il a quitté la Côte d'Azur pour les Pays-Bas;factuel;3;destination du transfert
VANHOUTTE;Vanhoutte;9;actuels;Neuf lettres qui ont fait leurs valises;joueur;2;départ de l'été
VANPERSIE;Van Persie;9;legendes;Sa tête plongeante contre l'Espagne est restée culte;factuel;1;Mondial 2014
VANPERSIE;Van Persie;9;legendes;Attaquant néerlandais d'Arsenal puis de United;factuel;2;carrière anglaise
VANPERSIE;Van Persie;9;legendes;Neuf lettres qui ont plané avant de marquer;joueur;1;image du but
VELODROME;Vélodrome;9;stades;Enceinte marseillaise aux virages célèbres;factuel;1;Olympique de Marseille
VELODROME;Vélodrome;9;stades;Son nom vient d'une piste cyclable disparue;factuel;2;origine du nom
VELODROME;Vélodrome;9;stades;Neuf lettres qui accueillent soixante mille personnes;joueur;1;capacité du stade
VENEZUELA;Venezuela;9;selections;Seule sélection sud-américaine jamais qualifiée;factuel;3;absence en Coupe du monde
VENEZUELA;Venezuela;9;selections;Le pays est davantage tourné vers le baseball;factuel;3;culture sportive locale
VENEZUELA;Venezuela;9;selections;Neuf lettres surnommées la Vinotinto;joueur;3;couleur du maillot
VESTIAIRE;vestiaire;9;vocab;Pièce où l'équipe se change avant d'entrer;factuel;1;local de l'équipe
VESTIAIRE;vestiaire;9;vocab;Quand il explose, la saison est terminée;joueur;2;crise interne
VILASBOAS;Villas-Boas;9;coachs;Technicien portugais passé par Marseille;factuel;2;banc phocéen
VILASBOAS;Villas-Boas;9;coachs;Il a gagné la Ligue Europa avec Porto à 33 ans;factuel;2;précocité du coach
VILASBOAS;Villas-Boas;9;coachs;Neuf lettres devenues président de leur club;joueur;2;reconversion dirigeante
VOLKSPARK;Volkspark;9;stades;Enceinte du grand port allemand;factuel;3;Hambourg
VOLKSPARK;Volkspark;9;stades;Son nom signifie parc du peuple;factuel;3;traduction
VOLKSPARK;Volkspark;9;stades;Neuf lettres qui affichent une horloge de la Bundesliga;joueur;3;particularité du stade
VOMITOIRE;vomitoire;9;stades;Passage par lequel le public accède aux gradins;factuel;3;architecture du stade
VOMITOIRE;vomitoire;9;stades;Le mot vient des amphithéâtres romains;factuel;2;étymologie
VOMITOIRE;vomitoire;9;stades;Neuf lettres au nom peu appétissant;joueur;2;sonorité du terme
WANDERERS;Wanderers;9;clubs;Mot présent dans le nom de clubs anglais;factuel;3;Bolton et Wolverhampton
WANDERERS;Wanderers;9;clubs;Un club de ce nom a gagné la première Coupe anglaise;factuel;3;édition de 1872
WANDERERS;Wanderers;9;clubs;Neuf lettres qui signifient vagabonds;joueur;2;traduction
WESTFALEN;Westfalen;9;stades;Enceinte du club au mur jaune;factuel;1;Dortmund
WESTFALEN;Westfalen;9;stades;Sa tribune debout est la plus vaste d'Europe;factuel;1;vingt-cinq mille places
WESTFALEN;Westfalen;9;stades;Neuf lettres qui portent le nom d'une région;joueur;2;toponymie allemande
WIJNALDUM;Wijnaldum;9;legendes;Son doublé a renversé le Barça à Anfield en 2019;factuel;2;demi-finale de C1
WIJNALDUM;Wijnaldum;9;legendes;Milieu néerlandais de Liverpool;factuel;2;carrière anglaise
WIJNALDUM;Wijnaldum;9;legendes;Neuf lettres entrées à la pause pour tout changer;joueur;2;remplaçant décisif
WOLFSBURG;Wolfsburg;9;feminin;Club allemand recordman de titres nationaux;factuel;2;hégémonie en Bundesliga
WOLFSBURG;Wolfsburg;9;feminin;Il a gagné deux Ligues des champions;factuel;2;2013 et 2014
WOLFSBURG;Wolfsburg;9;feminin;Neuf lettres vertes de Basse-Saxe;joueur;3;couleurs du club
YOUNGBOYS;Young Boys;9;clubs;Club de la capitale suisse;factuel;3;championnat helvétique
YOUNGBOYS;Young Boys;9;clubs;Il joue sur une pelouse synthétique;factuel;3;particularité de l'enceinte
YOUNGBOYS;Young Boys;9;clubs;Neuf lettres jaune et noir au nom anglais;joueur;3;dénomination du club
ZAMBROTTA;Zambrotta;9;legendes;Latéral italien champion du monde en 2006;factuel;2;titre allemand
ZAMBROTTA;Zambrotta;9;legendes;Il jouait aussi bien à droite qu'à gauche;factuel;2;polyvalence du joueur
ZAMBROTTA;Zambrotta;9;legendes;Neuf lettres qui montaient sans arrêt;joueur;2;profil du latéral
ZONEMIXTE;zone mixte;9;culture;Couloir où les joueurs croisent les journalistes;factuel;2;après-match
ZONEMIXTE;zone mixte;9;culture;Certains la traversent sans s'arrêter;factuel;1;refus de parler
ZONEMIXTE;zone mixte;9;culture;Neuf lettres où tombent les petites phrases;joueur;2;déclarations marquantes
ZUBIMENDI;Zubimendi;9;actuels;Milieu espagnol arrivé à Arsenal en 2025;factuel;2;transfert du joueur
ZUBIMENDI;Zubimendi;9;actuels;Il a été champion du monde en 2026;factuel;2;titre de la Roja
ZUBIMENDI;Zubimendi;9;actuels;Neuf lettres formées au Pays basque;joueur;3;centre de la Sociedad
ABNEGATION;abnégation;10;fillfoot;Renoncement de l'individu pour le collectif;factuel;1;sacrifice consenti
ABNEGATION;abnégation;10;fillfoot;Courir tout le match sans toucher le ballon;joueur;2;effort ingrat
ABONNEMENT;abonnement;10;fillfoot;Il donne sa place pour toute la saison;factuel;1;billetterie du club
ABONNEMENT;abonnement;10;fillfoot;Le même siège depuis vingt-deux ans;joueur;1;fidélité du supporter
ADRENALINE;adrénaline;10;fillfoot;Elle monte au moment d'entrer sur la pelouse;factuel;1;réaction physiologique
ADRENALINE;adrénaline;10;fillfoot;Elle fait tout oublier pendant dix minutes;joueur;1;effet du match
ANDERLECHT;Anderlecht;10;clubs;Club le plus titré de Belgique;factuel;2;record national
ANDERLECHT;Anderlecht;10;clubs;Tielemans, Januzaj et Dendoncker y ont été formés;factuel;3;centre bruxellois
ANDERLECHT;Anderlecht;10;clubs;Dix lettres mauve et blanc;joueur;2;couleurs du club
ANGLETERRE;Angleterre;10;selections;Troisième du Mondial 2026;factuel;1;victoire en petite finale
ANGLETERRE;Angleterre;10;selections;Elle n'a gagné qu'une seule Coupe du monde;factuel;1;titre de 1966
ANGLETERRE;Angleterre;10;selections;Dix lettres qui ont mis quatre buts aux Bleus;joueur;1;six à quatre de Miami
ATTAQUANTE;attaquante;10;feminin;Elle est chargée de marquer les buts;factuel;1;poste offensif
ATTAQUANTE;attaquante;10;feminin;Les meilleures dépassent trente buts par saison;factuel;2;rendement en championnat
ATTAQUANTE;attaquante;10;feminin;Dix lettres qui vivent dans la surface;joueur;1;zone du poste
AUBAMEYANG;Aubameyang;10;legendes;Ballon d'Or africain gabonais de 2015;factuel;2;attaquant de Dortmund
AUBAMEYANG;Aubameyang;10;legendes;Il célébrait en enfilant un masque;factuel;1;geste devenu culte
AUBAMEYANG;Aubameyang;10;legendes;Dix lettres passées par Dortmund, Arsenal et Marseille;joueur;2;carrière du joueur
AUTOGRAPHE;autographe;10;culture;Signature réclamée à la sortie du stade;factuel;1;rituel du supporter
AUTOGRAPHE;autographe;10;culture;Il se demandait avant l'arrivée du téléphone;factuel;1;usage d'autrefois
AUTOGRAPHE;autographe;10;culture;Dix lettres largement remplacées par autre chose;joueur;1;concurrence du selfie
BELLINGHAM;Bellingham;10;actuels;Troisième du classement des buteurs 2026;factuel;1;sept réalisations
BELLINGHAM;Bellingham;10;actuels;Il a scellé la petite finale dans les arrêts de jeu;factuel;2;but à la 90e+7
BELLINGHAM;Bellingham;10;actuels;Dix lettres au cœur du jeu anglais;joueur;1;milieu des Three Lions
BIANCONERI;Bianconeri;10;clubs;Surnom des joueurs du club turinois;factuel;2;Juventus
BIANCONERI;Bianconeri;10;clubs;Il vient des rayures blanches et noires;factuel;2;traduction du surnom
BIANCONERI;Bianconeri;10;clubs;Dix lettres qui ont recruté Boga en 2026;joueur;3;mercato estival
BICYCLETTE;bicyclette;10;vocab;Reprise acrobatique dos à la cage;factuel;2;geste renversé
BICYCLETTE;bicyclette;10;vocab;Ronaldo en a signé une à Turin en 2018;joueur;3;but en Ligue des champions
BINATIONAL;binational;10;selections;Joueur qui peut choisir entre deux sélections;factuel;1;double nationalité
BINATIONAL;binational;10;selections;Brahim Diaz a préféré le Maroc à l'Espagne;factuel;2;choix de 2024
BINATIONAL;binational;10;selections;Dix lettres très courtisées par les fédérations;joueur;1;enjeu du recrutement
BIRMINGHAM;Birmingham;10;clubs;Deuxième ville d'Angleterre par la population;factuel;1;géographie
BIRMINGHAM;Birmingham;10;clubs;Elle compte deux clubs rivaux dont Aston Villa;factuel;2;derby des Midlands
BIRMINGHAM;Birmingham;10;clubs;Dix lettres au cœur du pays noir anglais;joueur;2;histoire industrielle
BLACKSTARS;Black Stars;10;selections;Surnom de la sélection ghanéenne;factuel;2;étoile du drapeau
BLACKSTARS;Black Stars;10;selections;Elle a atteint les quarts en 2010;factuel;2;Mondial africain
BLACKSTARS;Black Stars;10;selections;Dix lettres qui signifient étoiles noires;joueur;1;traduction
BROUILLARD;brouillard;10;culture;Il fait parfois interrompre une rencontre;factuel;1;condition météo
BROUILLARD;brouillard;10;culture;On ne voit plus le but d'en face;factuel;1;visibilité réduite
BROUILLARD;brouillard;10;culture;Dix lettres qui ont créé des matchs légendaires;joueur;2;rencontres d'anthologie
BUNDESLIGA;Bundesliga;10;competitions;Première division du championnat allemand;factuel;1;élite d'outre-Rhin
BUNDESLIGA;Bundesliga;10;competitions;Kane y a inscrit trente-six buts en 2025-2026;factuel;2;meilleur artilleur
BUNDESLIGA;Bundesliga;10;competitions;Dix lettres aux tribunes debout les moins chères;joueur;2;politique des clubs
CALENDRIER;calendrier;10;fillfoot;Programme des rencontres de la saison;factuel;1;planning officiel
CALENDRIER;calendrier;10;fillfoot;Il est toujours plus dur pour les autres;joueur;1;perception des clubs
CALHANOGLU;Calhanoglu;10;actuels;Capitaine turc du milieu de l'Inter;factuel;2;carrière italienne
CALHANOGLU;Calhanoglu;10;actuels;Ses coups francs sont redoutés en Serie A;factuel;2;spécialité du joueur
CALHANOGLU;Calhanoglu;10;actuels;Dix lettres passées du Milan à l'Inter;joueur;2;transfert très commenté
CATENACCIO;catenaccio;10;vocab;Verrou défensif venu d'Italie;factuel;2;système défensif italien
CATENACCIO;catenaccio;10;vocab;Zéro encaissé, zéro spectacle;joueur;3;réputation du système
CATHEDRALE;cathédrale;10;stades;Surnom de l'enceinte basque de Bilbao;factuel;2;San Mamés
CATHEDRALE;cathédrale;10;stades;Le mot dit le respect qu'inspire le lieu;factuel;1;registre du surnom
CATHEDRALE;cathédrale;10;stades;Dix lettres empruntées à l'architecture religieuse;joueur;1;origine du terme
CENTENARIO;Centenario;10;stades;Stade de la toute première finale de Coupe du monde;factuel;2;édition de 1930
CENTENARIO;Centenario;10;stades;Il se dresse à Montevideo;factuel;2;capitale uruguayenne
CENTENARIO;Centenario;10;stades;Dix lettres bâties pour un anniversaire national;joueur;2;origine du nom
CHANGEMENT;changement;10;coachs;Décision de remplacer un joueur en cours de match;factuel;1;arme du technicien
CHANGEMENT;changement;10;coachs;On en dispose de cinq depuis quelques saisons;factuel;1;règle actuelle
CHANGEMENT;changement;10;coachs;Dix lettres parfois sifflées par le public;joueur;1;réaction des tribunes
CHAUSSETTE;chaussette;10;culture;Pièce montante de la tenue du joueur;factuel;1;équipement obligatoire
CHAUSSETTE;chaussette;10;culture;Certains la baissent volontairement;factuel;1;style personnel
CHAUSSETTE;chaussette;10;culture;Dix lettres qui cachent le protège-tibia;joueur;1;fonction de la pièce
CHICHARITO;Chicharito;10;legendes;Surnom d'un buteur mexicain de Manchester United;factuel;2;Javier Hernández
CHICHARITO;Chicharito;10;legendes;Il signifie petit pois en espagnol;factuel;2;traduction
CHICHARITO;Chicharito;10;legendes;Dix lettres qui priaient avant chaque entrée;joueur;3;rituel du joueur
CLASSEMENT;classement;10;competitions;Tableau qui ordonne les équipes par points;factuel;1;hiérarchie du championnat
CLASSEMENT;classement;10;competitions;Arsenal l'a terminé avec 85 points en 2026;factuel;2;total du champion
CLASSEMENT;classement;10;competitions;Dix lettres qu'on regarde chaque lundi matin;joueur;1;rituel du supporter
COLLECTION;collection;10;culture;Ensemble de maillots ou de vignettes accumulés;factuel;1;passion du fan
COLLECTION;collection;10;culture;Certaines valent une petite fortune;factuel;2;marché des objets
COLLECTION;collection;10;culture;Dix lettres qui prennent toute une armoire;joueur;1;réalité du collectionneur
CONCARNEAU;Concarneau;10;clubs;Club breton monté en Ligue 2 en 2023;factuel;3;accession du club
CONCARNEAU;Concarneau;10;clubs;Sa ville est un port de pêche fortifié;factuel;2;patrimoine local
CONCARNEAU;Concarneau;10;clubs;Dix lettres bleu et blanc du Finistère;joueur;3;couleurs du club
CONFERENCE;Conference;10;competitions|coachs;Troisième épreuve européenne de clubs;factuel;2;League
CONFERENCE;Conference;10;competitions|coachs;Crystal Palace l'a remportée en 2026;factuel;3;titre anglais
CONFERENCE;Conference;10;competitions|coachs;Dix lettres créées pour les petits championnats;joueur;2;objectif de la compétition
CONFERENCE;Conference;10;competitions|coachs;De presse, elle suit chaque rencontre;factuel;1;obligation des clubs
CONSULTANT;consultant;10;fillfoot;Ancien joueur qui commente en plateau;factuel;1;métier de l'après-carrière
CONSULTANT;consultant;10;fillfoot;Il avait tout prévu, mais après le coup de sifflet;joueur;1;analyse rétrospective
CONTREPIED;contre-pied;10;vocab;Le gardien part du mauvais côté;factuel;2;tromperie sur la frappe
CONTREPIED;contre-pied;10;vocab;Il se retrouve à l'envers, sans espoir;joueur;2;portier trompé
COPENHAGUE;Copenhague;10;clubs;Capitale danoise au club le plus titré du pays;factuel;3;championnat local
COPENHAGUE;Copenhague;10;clubs;Elle a coorganisé l'Euro 2020;factuel;2;ville hôte
COPENHAGUE;Copenhague;10;clubs;Dix lettres à la petite sirène;joueur;1;patrimoine local
DEBRIEFING;débriefing;10;coachs;Analyse collective après la rencontre;factuel;1;rituel du staff
DEBRIEFING;débriefing;10;coachs;Il se fait souvent devant la vidéo;factuel;1;méthode moderne
DEBRIEFING;débriefing;10;coachs;Dix lettres qui durent parfois plus que le match;joueur;1;longueur de la séance
DEFENSEURE;défenseure;10;feminin;Celle qui protège sa surface;factuel;1;poste défensif
DEFENSEURE;défenseure;10;feminin;Le mot a mis du temps à s'imposer;factuel;2;évolution de la langue
DEFENSEURE;défenseure;10;feminin;Dix lettres qui montent sur tous les corners;joueur;1;habitude du poste
DEGAGEMENT;dégagement;10;vocab;Le gardien renvoie loin devant lui;factuel;1;relance longue
DEGAGEMENT;dégagement;10;vocab;Quand ça sent le roussi, on tape loin;joueur;1;renvoi en catastrophe
DEMARQUAGE;démarquage;10;vocab;Mouvement pour échapper à sa surveillance;factuel;2;principe offensif
DEMARQUAGE;démarquage;10;vocab;Sans lui, aucune transmission n'est possible;joueur;2;condition du jeu collectif
DENDONCKER;Dendoncker;10;actuels;Milieu belge formé à Anderlecht;factuel;3;club bruxellois
DENDONCKER;Dendoncker;10;actuels;Récupérateur international belge;factuel;3;poste du joueur
DENDONCKER;Dendoncker;10;actuels;Dix lettres à consonance flamande;joueur;2;origine du nom
DISPOSITIF;dispositif;10;coachs;Organisation des joueurs sur le terrain;factuel;1;choix tactique
DISPOSITIF;dispositif;10;coachs;Il peut changer en cours de rencontre;factuel;1;ajustement du coach
DISPOSITIF;dispositif;10;coachs;Dix lettres qui s'écrivent en chiffres;joueur;1;notation tactique
DOMINATION;domination;10;feminin;Emprise d'une équipe sur toutes les autres;factuel;1;rapport de force
DOMINATION;domination;10;feminin;Celle des Lyonnaises a marqué une décennie;factuel;1;huit Ligues des champions
DOMINATION;domination;10;feminin;Dix lettres qui se mesurent en trophées;joueur;1;palmarès accumulé
DONNARUMMA;Donnarumma;10;legendes;Meilleur joueur de l'Euro 2021;factuel;1;gardien italien
DONNARUMMA;Donnarumma;10;legendes;Il a arrêté le penalty décisif à Wembley;factuel;1;séance de la finale
DONNARUMMA;Donnarumma;10;legendes;Dix lettres titulaires en Serie A à seize ans;joueur;2;précocité du portier
ENGAGEMENT;engagement;10;vocab;Intensité mise dans les duels;factuel;1;implication physique
ENGAGEMENT;engagement;10;vocab;Sans lui, les tribunes se mettent à siffler;joueur;1;attente du public
ENTRAINEUR;entraîneur;10;vocab;Il dirige les séances et compose l'équipe;factuel;1;responsable technique
ENTRAINEUR;entraîneur;10;vocab;Premier fusillé quand la série tourne mal;joueur;1;fragilité du poste
EREDIVISIE;Eredivisie;10;competitions;Première division du championnat néerlandais;factuel;2;élite batave
EREDIVISIE;Eredivisie;10;competitions;Trois clubs s'y partagent l'essentiel des titres;factuel;3;Ajax, PSV et Feyenoord
EREDIVISIE;Eredivisie;10;competitions;Dix lettres réputées pour former des attaquants;joueur;2;école néerlandaise
FENERBAHCE;Fenerbahçe;10;clubs;Club stambouliote de la rive asiatique;factuel;3;implantation
FENERBAHCE;Fenerbahçe;10;clubs;Il dispute le derby intercontinental;factuel;3;rivalité d'Istanbul
FENERBAHCE;Fenerbahçe;10;clubs;Dix lettres jaune et bleu marine;joueur;2;couleurs du club
FIORENTINA;Fiorentina;10;clubs;Club florentin au maillot violet;factuel;2;couleur du club
FIORENTINA;Fiorentina;10;clubs;Batistuta y a marqué plus de cent cinquante buts;factuel;3;idole du club
FIORENTINA;Fiorentina;10;clubs;Dix lettres surnommées la Viola;joueur;2;surnom du club
FLUMINENSE;Fluminense;10;clubs;Club de Rio rival de Flamengo;factuel;2;derby carioca
FLUMINENSE;Fluminense;10;clubs;Il a remporté la Libertadores en 2023;factuel;3;titre continental
FLUMINENSE;Fluminense;10;clubs;Dix lettres vert, grenat et blanc;joueur;3;couleurs du club
FORTERESSE;forteresse;10;stades;Stade où l'équipe ne perd jamais;factuel;1;image consacrée
FORTERESSE;forteresse;10;stades;Une série d'invincibilité la crée;factuel;1;origine du statut
FORTERESSE;forteresse;10;stades;Dix lettres que personne ne veut visiter;joueur;1;réputation du lieu
GENERATION;génération;10;fillfoot;Ensemble de joueurs formés à la même époque;factuel;1;classe d'âge
GENERATION;génération;10;fillfoot;Dorée, elle ne gagne pas toujours;joueur;2;expression consacrée
GUILAVOGUI;Guilavogui;10;actuels;Joueur cité du côté du RC Lens;factuel;3;actualité du club artésien
GUILAVOGUI;Guilavogui;10;actuels;Attaquant du championnat de France;factuel;3;profil du joueur
GUILAVOGUI;Guilavogui;10;actuels;Dix lettres à consonance guinéenne;joueur;2;origine du nom
HEERENVEEN;Heerenveen;10;clubs;Club néerlandais de Frise;factuel;3;championnat batave
HEERENVEEN;Heerenveen;10;clubs;Huntelaar et Robben y ont éclos;factuel;3;centre de formation
HEERENVEEN;Heerenveen;10;clubs;Dix lettres bleu et blanc au maillot à cœurs;joueur;3;tenue singulière
HIERARCHIE;hiérarchie;10;coachs;Ordre établi entre les gardiens d'un effectif;factuel;1;choix du technicien
HIERARCHIE;hiérarchie;10;coachs;La remettre en cause fait toujours du bruit;factuel;2;décision sensible
HIERARCHIE;hiérarchie;10;coachs;Dix lettres qui fixent qui joue et qui attend;joueur;1;autorité du coach
HISTORIQUE;historique;10;feminin;Adjectif d'un moment qui fait date;factuel;1;portée de l'événement
HISTORIQUE;historique;10;feminin;L'Euro 2022 anglais en fut un;factuel;1;affluences record
HISTORIQUE;historique;10;feminin;Dix lettres employées un peu trop souvent;joueur;1;inflation du terme
HOFFENHEIM;Hoffenheim;10;clubs;Club allemand issu d'un village de quelques milliers;factuel;3;particularité du club
HOFFENHEIM;Hoffenheim;10;clubs;Un mécène l'a hissé jusqu'en Bundesliga;factuel;3;projet privé
HOFFENHEIM;Hoffenheim;10;clubs;Dix lettres bleu et blanc du Bade;joueur;3;couleurs du club
IMPATIENCE;impatience;10;fillfoot;Sentiment qui précède l'ouverture du mercato;factuel;1;attente des recrues
IMPATIENCE;impatience;10;fillfoot;Elle gagne les tribunes à zéro partout à la 70e;joueur;1;attente du public
INFIRMERIE;infirmerie;10;stades;Local du stade réservé aux soins;factuel;1;équipement de l'enceinte
INFIRMERIE;infirmerie;10;stades;Elle se trouve près des vestiaires;factuel;1;implantation du local
INFIRMERIE;infirmerie;10;stades;Dix lettres que les joueurs veulent éviter;joueur;1;crainte des équipes
JULESRIMET;Jules-Rimet;10;competitions;Nom du trophée mondial jusqu'en 1970;factuel;2;coupe d'origine
JULESRIMET;Jules-Rimet;10;competitions;Le Brésil l'a gardée après son troisième titre;factuel;2;règlement de l'époque
JULESRIMET;Jules-Rimet;10;competitions;Dix lettres qui honorent un dirigeant français;joueur;2;fondateur de l'épreuve
KARAISKAKI;Karaïskáki;10;stades;Enceinte grecque du club du Pirée;factuel;3;Olympiakos
KARAISKAKI;Karaïskáki;10;stades;Elle se dresse près du port d'Athènes;factuel;3;implantation
KARAISKAKI;Karaïskáki;10;stades;Dix lettres rouge et blanc;joueur;3;couleurs du club
KULUSEVSKI;Kulusevski;10;actuels;Ailier suédois de Tottenham;factuel;3;carrière anglaise
KULUSEVSKI;Kulusevski;10;actuels;Il est passé par la Juventus;factuel;3;parcours du joueur
KULUSEVSKI;Kulusevski;10;actuels;Dix lettres au gabarit impressionnant pour un ailier;joueur;3;profil du joueur
LEVERKUSEN;Leverkusen;10;clubs;Club allemand invaincu lors du titre de 2024;factuel;2;saison parfaite
LEVERKUSEN;Leverkusen;10;clubs;Wirtz y a éclos avant de partir à Liverpool;factuel;2;transfert record
LEVERKUSEN;Leverkusen;10;clubs;Dix lettres rouge et noir liées à un laboratoire;joueur;3;origine industrielle
LICENCIEES;licenciées;10;feminin;Elles sont plus de deux cent mille en France;factuel;1;chiffre de la fédération
LICENCIEES;licenciées;10;feminin;Leur nombre a doublé après le Mondial 2019;factuel;2;effet de la compétition
LICENCIEES;licenciées;10;feminin;Dix lettres qui remplissent les clubs le samedi;joueur;1;pratique de masse
LOSANGELES;Los Angeles;10;stades;Ville hôte du Mondial 2026 sur la côte ouest;factuel;1;organisation américaine
LOSANGELES;Los Angeles;10;stades;L'Espagne y a battu la Belgique en quart;factuel;2;SoFi Stadium
LOSANGELES;Los Angeles;10;stades;Dix lettres de la ville du cinéma;joueur;1;patrimoine local
LUDOGORETS;Ludogorets;10;clubs;Club bulgare qui domine son championnat;factuel;3;hégémonie nationale
LUDOGORETS;Ludogorets;10;clubs;Il est installé à Razgrad, petite ville du nord;factuel;3;implantation
LUDOGORETS;Ludogorets;10;clubs;Dix lettres vert et blanc;joueur;3;couleurs du club
LYONNAISES;Lyonnaises;10;feminin;Surnom du club le plus titré d'Europe;factuel;1;huit Ligues des champions
LYONNAISES;Lyonnaises;10;feminin;Elles ont dominé le championnat pendant quinze ans;factuel;1;hégémonie nationale
LYONNAISES;Lyonnaises;10;feminin;Dix lettres qui jouent au Groupama;joueur;2;enceinte du club
MANNSCHAFT;Mannschaft;10;selections;Surnom de la sélection allemande;factuel;1;terme germanique
MANNSCHAFT;Mannschaft;10;selections;Elle compte quatre titres mondiaux;factuel;1;palmarès
MANNSCHAFT;Mannschaft;10;selections;Dix lettres qui signifient simplement équipe;joueur;2;traduction
MAQUILLAGE;maquillage;10;culture;Ce que se met le supporter sur les joues;factuel;1;rituel du public
MAQUILLAGE;maquillage;10;culture;Il reprend le drapeau ou les couleurs du club;factuel;1;motif choisi
MAQUILLAGE;maquillage;10;culture;Dix lettres qui ne survivent pas à la mi-temps;joueur;1;réalité du stade
MARQUINHOS;Marquinhos;10;actuels;Capitaine brésilien au Mondial 2026;factuel;1;brassard de la Seleção
MARQUINHOS;Marquinhos;10;actuels;Il a assumé publiquement l'élimination;factuel;2;déclaration d'après-match
MARQUINHOS;Marquinhos;10;actuels;Dix lettres pour un diminutif brésilien;joueur;1;forme du nom
MARTINELLI;Martinelli;10;actuels;Ailier brésilien évoluant à Londres;factuel;2;club anglais
MARTINELLI;Martinelli;10;actuels;Attaquant retenu par Ancelotti pour l'Amérique;factuel;1;liste de 2026
MARTINELLI;Martinelli;10;actuels;Dix lettres à consonance italienne;joueur;1;origine du nom
MASCHERANO;Mascherano;10;legendes;Son tacle sur Robben a sauvé l'Argentine en 2014;factuel;2;demi-finale du Mondial
MASCHERANO;Mascherano;10;legendes;Récupérateur reconverti défenseur central au Barça;factuel;2;changement de poste
MASCHERANO;Mascherano;10;legendes;Dix lettres qui n'ont jamais marqué pour leur pays;joueur;3;particularité du joueur
MIKAUTADZE;Mikautadze;10;actuels;Attaquant géorgien de l'Olympique lyonnais;factuel;2;profil du joueur
MIKAUTADZE;Mikautadze;10;actuels;Il visait le statut de leader offensif rhodanien;factuel;3;rôle au club
MIKAUTADZE;Mikautadze;10;actuels;Dix lettres à consonance géorgienne;joueur;2;origine du nom
MISEAUVERT;mise au vert;10;coachs;Isolement de l'équipe la veille d'un match;factuel;1;rituel du groupe
MISEAUVERT;mise au vert;10;coachs;Elle se fait souvent à l'hôtel;factuel;1;organisation du club
MISEAUVERT;mise au vert;10;coachs;Dix lettres qui privent de sortie;joueur;1;contrainte du joueur
MONUMENTAL;Monumental;10;stades;Plus grand stade d'Argentine;factuel;1;River Plate
MONUMENTAL;Monumental;10;stades;La finale du Mondial 1978 s'y est jouée;factuel;2;titre argentin
MONUMENTAL;Monumental;10;stades;Dix lettres qui portent bien leur nom;joueur;1;taille de l'enceinte
NAGELSMANN;Nagelsmann;10;coachs;Sélectionneur allemand du Mondial 2026;factuel;1;banc de la Mannschaft
NAGELSMANN;Nagelsmann;10;coachs;Il entraînait en Bundesliga à vingt-huit ans;factuel;2;précocité du technicien
NAGELSMANN;Nagelsmann;10;coachs;Dix lettres au style vestimentaire très commenté;joueur;2;image du coach
NATURALISE;naturalisé;10;selections;Joueur ayant acquis la nationalité d'un pays;factuel;2;changement de statut
NATURALISE;naturalisé;10;selections;Deco est ainsi devenu portugais;factuel;3;exemple connu
NATURALISE;naturalisé;10;selections;Dix lettres qui font parfois débat;joueur;2;polémique récurrente
OLYMPIAKOS;Olympiakos;10;clubs;Club grec du Pirée;factuel;2;implantation portuaire
OLYMPIAKOS;Olympiakos;10;clubs;Premier club grec vainqueur d'une coupe d'Europe;factuel;3;Conférence 2024
OLYMPIAKOS;Olympiakos;10;clubs;Dix lettres rouge et blanc;joueur;2;couleurs du club
OPPOSITION;opposition;10;coachs;Exercice où deux groupes s'affrontent à l'entraînement;factuel;2;séance type
OPPOSITION;opposition;10;coachs;Elle clôture souvent la séance;factuel;2;organisation du travail
OPPOSITION;opposition;10;coachs;Dix lettres où les titulaires portent une chasuble;joueur;2;usage du matériel
PANICHELLI;Panichelli;10;actuels;Troisième buteur de Ligue 1 en 2025-2026;factuel;2;seize réalisations
PANICHELLI;Panichelli;10;actuels;Attaquant révélé dans le championnat de France;factuel;3;saison 2025-2026
PANICHELLI;Panichelli;10;actuels;Dix lettres à consonance italienne en Ligue 1;joueur;2;origine du nom
PATRIMOINE;patrimoine;10;culture;Héritage culturel d'un club centenaire;factuel;2;mémoire collective
PATRIMOINE;patrimoine;10;culture;Certains stades sont classés à ce titre;factuel;2;protection officielle
PATRIMOINE;patrimoine;10;culture;Dix lettres qu'aucun propriétaire ne devrait toucher;joueur;2;débat des supporters
PELERINAGE;pèlerinage;10;culture;Voyage jusqu'au stade d'un club qu'on admire;factuel;2;pratique du fan
PELERINAGE;pèlerinage;10;culture;Certains traversent l'Europe pour un seul match;factuel;1;engagement du supporter
PELERINAGE;pèlerinage;10;culture;Dix lettres au vocabulaire emprunté au religieux;joueur;2;registre du mot
PERCUSSION;percussion;10;vocab;Course puissante droit vers la défense;factuel;2;action offensive directe
PERCUSSION;percussion;10;vocab;Il rentre dedans et personne ne le stoppe;joueur;2;profil physique
PLAYGROUND;playground;10;culture;Terrain de quartier en accès libre;factuel;2;équipement urbain
PLAYGROUND;playground;10;culture;Beaucoup de professionnels y ont commencé;factuel;1;origine des joueurs
PLAYGROUND;playground;10;culture;Dix lettres où l'on joue jusqu'à la nuit;joueur;1;football de rue
POCHETTINO;Pochettino;10;coachs;Technicien argentin sélectionneur des États-Unis;factuel;2;banc américain
POCHETTINO;Pochettino;10;coachs;Il avait mené Tottenham en finale de C1;factuel;2;édition 2019
POCHETTINO;Pochettino;10;coachs;Dix lettres passées aussi par le PSG;joueur;2;carrière du technicien
POHJANPALO;Pohjanpalo;10;actuels;Meilleur buteur de Serie B en 2025-2026;factuel;3;vingt-trois réalisations
POHJANPALO;Pohjanpalo;10;actuels;Artilleur titré au deuxième échelon italien;factuel;3;saison 2025-2026
POHJANPALO;Pohjanpalo;10;actuels;Dix lettres à consonance finlandaise;joueur;2;origine du nom
PORTSMOUTH;Portsmouth;10;clubs;Club anglais vainqueur de la Coupe en 2008;factuel;3;titre du club
PORTSMOUTH;Portsmouth;10;clubs;Ville portuaire et base navale du sud;factuel;2;géographie
PORTSMOUTH;Portsmouth;10;clubs;Dix lettres bleu roi de la Manche;joueur;3;couleurs du club
POSSESSION;possession;10;vocab;Pourcentage de contrôle du ballon;factuel;1;statistique de match
POSSESSION;possession;10;vocab;Stérile, elle ne fait gagner personne;joueur;2;critique du jeu de contrôle
PROFONDEUR;profondeur;10;vocab;Passe lancée derrière la ligne défensive;factuel;2;transmission verticale
PROFONDEUR;profondeur;10;vocab;L'attaquant rapide ne demande que ça;joueur;1;appel dans le dos
PROJECTEUR;projecteur;10;culture;Il éclaire la pelouse pour les matchs du soir;factuel;1;équipement du stade
PROJECTEUR;projecteur;10;culture;Sa panne peut interrompre la rencontre;factuel;2;incident technique
PROJECTEUR;projecteur;10;culture;Dix lettres qui donnent aux soirées leur cachet;joueur;1;ambiance nocturne
PROSINECKI;Prosinecki;10;legendes;Milieu croate troisième du Mondial 1998;factuel;3;podium en France
PROSINECKI;Prosinecki;10;legendes;Il a joué au Real et à l'Étoile rouge;factuel;3;carrière du joueur
PROSINECKI;Prosinecki;10;legendes;Dix lettres au toucher de balle exceptionnel;joueur;3;style du meneur
RECREATION;récréation;10;feminin;Moment où les filles jouent aussi au ballon;factuel;1;cour d'école
RECREATION;récréation;10;feminin;L'accès au terrain y est parfois disputé;factuel;2;partage de l'espace
RECREATION;récréation;10;feminin;Dix lettres où naissent bien des vocations;joueur;1;premiers pas
RELEGATION;relégation;10;competitions;Chute dans la division inférieure;factuel;1;sanction sportive
RELEGATION;relégation;10;competitions;Wolverhampton l'a subie avec vingt points;factuel;2;dernier du championnat
RELEGATION;relégation;10;competitions;Dix lettres qui font pleurer un ailier anglais;joueur;2;dernière journée 2026
REMPLACANT;remplaçant;10;vocab;Il s'échauffe le long de la ligne;factuel;1;préparation avant l'entrée
REMPLACANT;remplaçant;10;vocab;Il entre à la 88e pour casser le rythme;joueur;2;changement de fin de match
REPETITION;répétition;10;coachs;Ce qui transforme un geste en réflexe;factuel;1;principe de l'entraînement
REPETITION;répétition;10;coachs;Les coups de pied arrêtés en demandent beaucoup;factuel;1;travail spécifique
REPETITION;répétition;10;coachs;Dix lettres qui lassent parfois les joueurs;joueur;1;revers de la méthode
RESILIENCE;résilience;10;fillfoot;Capacité à repartir après une lourde défaite;factuel;1;force de rebond
RESILIENCE;résilience;10;fillfoot;Sept encaissés le mardi, gagner le samedi;joueur;2;réaction du groupe
REVELATION;révélation;10;vocab;Joueur découvert au cours de la saison;factuel;1;surprise de l'année
REVELATION;révélation;10;vocab;Personne ne connaissait son nom en août;joueur;1;émergence soudaine
RONALDINHO;Ronaldinho;10;legendes;Ballon d'Or 2005 au sourire inoubliable;factuel;1;meneur brésilien
RONALDINHO;Ronaldinho;10;legendes;Le public du Bernabeu l'a applaudi debout;factuel;2;match de 2005
RONALDINHO;Ronaldinho;10;legendes;Dix lettres qui jouaient comme dans la rue;joueur;1;style du joueur
SAINTDENIS;Saint-Denis;10;stades;Commune du stade de la finale 1998;factuel;1;banlieue parisienne
SAINTDENIS;Saint-Denis;10;stades;L'enceinte accueille les matchs des Bleus;factuel;1;stade de France
SAINTDENIS;Saint-Denis;10;stades;Dix lettres où la France a pris sa première étoile;joueur;1;titre de 1998
SCHMEICHEL;Schmeichel;10;legendes;Gardien danois du triplé de United en 1999;factuel;2;saison historique
SCHMEICHEL;Schmeichel;10;legendes;Champion d'Europe surprise avec son pays en 1992;factuel;2;titre danois
SCHMEICHEL;Schmeichel;10;legendes;Dix lettres dont le fils garde aussi les buts;joueur;2;filiation footballistique
SENTINELLE;sentinelle;10;vocab;Milieu posté juste devant la défense;factuel;2;poste de récupération
SENTINELLE;sentinelle;10;vocab;Elle éteint les incendies avant qu'ils partent;joueur;2;rôle protecteur
SHEVCHENKO;Shevchenko;10;legendes;Ballon d'Or ukrainien de 2004;factuel;2;attaquant du Milan
SHEVCHENKO;Shevchenko;10;legendes;Son penalty a offert la C1 à Milan en 2003;factuel;2;séance de Manchester
SHEVCHENKO;Shevchenko;10;legendes;Dix lettres devenues sélectionneur de leur pays;joueur;2;reconversion
SOCCERCITY;Soccer City;10;stades;Enceinte de la finale du Mondial 2010;factuel;1;Espagne contre Pays-Bas
SOCCERCITY;Soccer City;10;stades;Sa forme évoque une calebasse africaine;factuel;2;architecture du lieu
SOCCERCITY;Soccer City;10;stades;Dix lettres résonnant de vuvuzelas;joueur;1;édition sud-africaine
SOLIDARITE;solidarité;10;fillfoot;Principe qui fait défendre à onze;factuel;1;organisation collective
SOLIDARITE;solidarité;10;fillfoot;Sans elle, le talent ne pèse rien;joueur;1;adage consacré
SPONSORING;sponsoring;10;fillfoot;Financement obtenu en échange d'une visibilité;factuel;1;modèle économique
SPONSORING;sponsoring;10;fillfoot;Il décide de ce qui s'écrit sur la poitrine;joueur;1;maillot publicitaire
STRASBOURG;Strasbourg;10;clubs;Club alsacien champion de France en 1979;factuel;3;unique titre national
STRASBOURG;Strasbourg;10;clubs;Mike Penders y garde les buts;factuel;3;portier nommé aux trophées
STRASBOURG;Strasbourg;10;clubs;Dix lettres qui jouent à la Meinau;joueur;2;enceinte du club
SUNDERLAND;Sunderland;10;clubs;Promu qualifié pour une coupe d'Europe;factuel;2;septième en 2025-2026
SUNDERLAND;Sunderland;10;clubs;Il a encaissé cinq buts à domicile en avril;factuel;3;plus large victoire à l'extérieur
SUNDERLAND;Sunderland;10;clubs;Dix lettres montées puis européennes;joueur;2;saison réussie du promu
SUPERCOUPE;Supercoupe;10;competitions;Match entre deux vainqueurs de trophées;factuel;1;rencontre unique
SUPERCOUPE;Supercoupe;10;competitions;Celle d'Europe oppose la C1 à la Ligue Europa;factuel;2;format de l'épreuve
SUPERCOUPE;Supercoupe;10;competitions;Dix lettres qui ouvrent la saison continentale;joueur;2;calendrier européen
SUPREMATIE;suprématie;10;feminin;Position de force incontestée;factuel;2;statut d'une équipe
SUPREMATIE;suprématie;10;feminin;Celle de l'Espagne s'est imposée depuis 2023;factuel;2;titres enchaînés
SUPREMATIE;suprématie;10;feminin;Dix lettres qui finissent toujours par tomber;joueur;1;cycle du sport
SUSPENSION;suspension;10;vocab;Sanction qui prive de la prochaine rencontre;factuel;1;conséquence disciplinaire
SUSPENSION;suspension;10;vocab;Trop d'avertissements et le voilà en tribune;joueur;2;cumul de cartons
SZOBOSZLAI;Szoboszlai;10;actuels;Capitaine hongrois de Liverpool;factuel;2;brassard national
SZOBOSZLAI;Szoboszlai;10;actuels;Sa frappe de loin fait sa réputation;factuel;2;spécialité du joueur
SZOBOSZLAI;Szoboszlai;10;actuels;Dix lettres qui commencent par deux consonnes;joueur;2;orthographe hongroise
TAGLIAFICO;Tagliafico;10;actuels;Latéral gauche argentin sacré au Qatar;factuel;1;titre de 2022
TAGLIAFICO;Tagliafico;10;actuels;Il occupait encore ce couloir en 2026;factuel;2;longévité en sélection
TAGLIAFICO;Tagliafico;10;actuels;Dix lettres à forte consonance italienne;joueur;2;origine du nom
TCHOUAMENI;Tchouaméni;10;actuels;Sentinelle des Bleus au Mondial 2026;factuel;1;poste devant la défense
TCHOUAMENI;Tchouaméni;10;actuels;Milieu français évoluant à Madrid;factuel;2;club espagnol
TCHOUAMENI;Tchouaméni;10;actuels;Dix lettres devant la défense tricolore;joueur;1;longueur du patronyme
TELEVISEUR;téléviseur;10;culture;Écran devant lequel se réunit toute la famille;factuel;1;objet du salon
TELEVISEUR;téléviseur;10;culture;Il était cathodique avant d'être plat;factuel;2;évolution technique
TELEVISEUR;téléviseur;10;culture;Dix lettres qui ont fait vivre bien des finales;joueur;1;souvenirs collectifs
TELEVISION;télévision;10;fillfoot;Elle achète les droits et fixe les horaires;factuel;1;diffusion des matchs
TELEVISION;télévision;10;fillfoot;Elle a déplacé le match au dimanche 21 heures;joueur;1;programmation
TOURNIQUET;tourniquet;10;fillfoot;Il compte les entrées une par une;factuel;1;contrôle d'accès
TOURNIQUET;tourniquet;10;fillfoot;Il bloque juste au moment où l'on entend crier;joueur;1;frustration du retardataire
TRANSISTOR;transistor;10;culture;Poste de radio qu'on emportait au stade;factuel;2;objet d'une autre époque
TRANSISTOR;transistor;10;culture;Il permettait de suivre les autres matchs;factuel;2;usage du supporter
TRANSISTOR;transistor;10;culture;Dix lettres collées à l'oreille en tribune;joueur;2;image d'époque
TRANSITION;transition;10;vocab;Passage rapide d'une phase de jeu à l'autre;factuel;2;bascule du jeu
TRANSITION;transition;10;vocab;Cinq secondes qui décident d'un résultat;joueur;2;moment clé
TRAPATTONI;Trapattoni;10;coachs;Technicien italien au palmarès immense;factuel;2;carrière du coach
TRAPATTONI;Trapattoni;10;coachs;Il a entraîné dans quatre championnats différents;factuel;2;parcours européen
TRAPATTONI;Trapattoni;10;coachs;Dix lettres à la conférence de presse mémorable;joueur;2;colère restée célèbre
TUTOIEMENT;tutoiement;10;coachs;Marque de proximité entre coach et joueurs;factuel;1;relation du vestiaire
TUTOIEMENT;tutoiement;10;coachs;Certains techniciens le refusent par principe;factuel;2;choix de management
TUTOIEMENT;tutoiement;10;coachs;Dix lettres qui disent la distance ou son absence;joueur;2;code de la relation
VALDERRAMA;Valderrama;10;legendes;Meneur colombien à la chevelure inoubliable;factuel;1;silhouette culte
VALDERRAMA;Valderrama;10;legendes;Il a disputé trois Coupes du monde;factuel;2;1990, 1994 et 1998
VALDERRAMA;Valderrama;10;legendes;Dix lettres qui touchaient le ballon en marchant;joueur;2;style du numéro dix
VALLADOLID;Valladolid;10;clubs;Club castillan dont Ronaldo fut propriétaire;factuel;3;actionnaire brésilien
VALLADOLID;Valladolid;10;clubs;Sa ville fut capitale de l'Espagne;factuel;3;histoire locale
VALLADOLID;Valladolid;10;clubs;Dix lettres violet et blanc;joueur;3;couleurs du club
VERTONGHEN;Vertonghen;10;legendes;Défenseur belge de Tottenham;factuel;3;carrière anglaise
VERTONGHEN;Vertonghen;10;legendes;Troisième du Mondial 2018 avec les Diables;factuel;2;meilleur résultat belge
VERTONGHEN;Vertonghen;10;legendes;Dix lettres formées à l'Ajax;joueur;3;centre néerlandais
VESTIAIRES;vestiaires;10;coachs;Lieu où se joue une bonne part du métier;factuel;1;gestion du groupe
VESTIAIRES;vestiaires;10;coachs;Les perdre, c'est perdre son poste;factuel;1;expression consacrée
VESTIAIRES;vestiaires;10;coachs;Dix lettres où tout se dit sans caméra;joueur;1;coulisses de l'équipe
VILLAMARIN;Villamarín;10;stades;Enceinte sévillane vert et blanc;factuel;3;Betis
VILLAMARIN;Villamarín;10;stades;Isco y a relancé sa carrière;factuel;3;parcours du joueur
VILLAMARIN;Villamarín;10;stades;Dix lettres au public très chaleureux;joueur;3;ambiance du lieu
VILLARREAL;Villarreal;10;clubs;Club espagnol surnommé le sous-marin jaune;factuel;2;surnom du club
VILLARREAL;Villarreal;10;clubs;Ayoze Pérez y a décroché le trophée Zarra;factuel;3;meilleur buteur espagnol
VILLARREAL;Villarreal;10;clubs;Dix lettres pour une toute petite ville;joueur;2;exploit du club
VILLENEUVE;Villeneuve;10;stades;Commune où joue le club nordiste;factuel;3;Villeneuve-d'Ascq
VILLENEUVE;Villeneuve;10;stades;L'enceinte a une pelouse rétractable;factuel;3;innovation technique
VILLENEUVE;Villeneuve;10;stades;Dix lettres dans la métropole lilloise;joueur;3;implantation
VISIBILITE;visibilité;10;feminin;Ce qui a le plus changé depuis dix ans;factuel;1;évolution du secteur
VISIBILITE;visibilité;10;feminin;Les matchs sont désormais diffusés en clair;factuel;1;accès du public
VISIBILITE;visibilité;10;feminin;Dix lettres qui créent des vocations;joueur;1;effet sur les jeunes
WILLIAMSON;Williamson;10;feminin;Capitaine anglaise championne d'Europe en 2022;factuel;2;titre à domicile
WILLIAMSON;Williamson;10;feminin;Elle joue à Arsenal;factuel;2;club de la joueuse
WILLIAMSON;Williamson;10;feminin;Dix lettres qui ont soulevé le trophée à Wembley;joueur;2;finale de l'Euro
ZAIREEMERY;Zaïre-Emery;10;actuels;Milieu parisien capable de jouer latéral droit;factuel;2;polyvalence
ZAIREEMERY;Zaïre-Emery;10;actuels;Le plus précoce des cadres de l'entrejeu tricolore;factuel;2;jeunesse du joueur
ZAIREEMERY;Zaïre-Emery;10;actuels;Un patronyme à trait d'union pour dix lettres;joueur;2;forme du nom
ALBICELESTE;Albiceleste;11;selections;Surnom de la sélection argentine;factuel;1;bleu ciel et blanc
ALBICELESTE;Albiceleste;11;selections;Elle a perdu la finale du Mondial 2026;factuel;1;défaite à New York
ALBICELESTE;Albiceleste;11;selections;Onze lettres formées de deux couleurs;joueur;2;étymologie
ARRETSDEJEU;arrêts de jeu;11;vocab;Minutes ajoutées par l'arbitre en fin de période;factuel;1;temps additionnel
ARRETSDEJEU;arrêts de jeu;11;vocab;Le quatrième homme lève son panneau lumineux;joueur;1;annonce du temps ajouté
ASSOCIATION;association;11;clubs;Mot devant sportive dans bien des noms de clubs;factuel;2;statut juridique
ASSOCIATION;association;11;clubs;La plupart des clubs français en sont une à l'origine;factuel;2;loi de 1901
ASSOCIATION;association;11;clubs;Onze lettres devant la Jeunesse auxerroise;joueur;3;dénomination complète
AUTOCOLLANT;autocollant;11;culture;Vignette collée sur les panneaux de la ville;factuel;2;marquage des groupes
AUTOCOLLANT;autocollant;11;culture;Les supporters en ramènent de chaque déplacement;factuel;2;pratique des ultras
AUTOCOLLANT;autocollant;11;culture;Onze lettres échangées entre groupes;joueur;3;code des tribunes
AUTOMATISME;automatisme;11;coachs;Geste devenu réflexe à force d'entraînement;factuel;1;objectif du travail
AUTOMATISME;automatisme;11;coachs;Il permet de jouer sans réfléchir;factuel;1;avantage en match
AUTOMATISME;automatisme;11;coachs;Onze lettres qui se construisent en des mois;joueur;1;temps nécessaire
AVANTCENTRE;avant-centre;11;vocab;Attaquant de pointe au cœur du dispositif;factuel;1;poste offensif axial
AVANTCENTRE;avant-centre;11;vocab;Il vit dans la surface et n'en sort jamais;joueur;1;zone d'action du poste
BATUBINSIKA;Batubinsika;11;actuels;Défenseur de l'AS Saint-Étienne;factuel;3;club stéphanois
BATUBINSIKA;Batubinsika;11;actuels;Central du championnat de France;factuel;3;poste du joueur
BATUBINSIKA;Batubinsika;11;actuels;Onze lettres à consonance congolaise;joueur;2;origine du nom
BECKENBAUER;Beckenbauer;11;coachs;Il a gagné le Mondial comme joueur puis comme coach;factuel;1;1974 et 1990
BECKENBAUER;Beckenbauer;11;coachs;Surnommé le Kaiser;factuel;1;surnom du libéro
BECKENBAUER;Beckenbauer;11;coachs;Onze lettres qui ont inventé le rôle de libéro;joueur;2;révolution tactique
BILLETTERIE;billetterie;11;fillfoot;Service qui met les places en vente;factuel;1;organisation du club
BILLETTERIE;billetterie;11;fillfoot;Elle sature dix minutes après l'ouverture;joueur;1;affluence de la demande
BOURNEMOUTH;Bournemouth;11;clubs;Plus longue série sans défaite de la saison;factuel;3;dix-huit rencontres
BOURNEMOUTH;Bournemouth;11;clubs;Sixième d'Angleterre qualifié pour la Ligue Europa;factuel;2;cinquante-sept points
BOURNEMOUTH;Bournemouth;11;clubs;Onze lettres qui ont offert le titre aux Gunners;joueur;2;nul contre City le 19 mai
CELEBRATION;célébration;11;fillfoot;Geste qui suit immédiatement la réalisation;factuel;1;réaction du buteur
CELEBRATION;célébration;11;fillfoot;Excessive, elle vaut un avertissement;factuel;2;sanction prévue par les lois
CELEBRATION;célébration;11;fillfoot;Répétée à l'entraînement toute la semaine;joueur;2;geste préparé
CHAMPIONNAT;championnat;11;vocab;Compétition à matchs aller et retour;factuel;1;format de la saison
CHAMPIONNAT;championnat;11;vocab;Il ne ment jamais sur la durée;joueur;1;adage consacré
CHATEAUROUX;Châteauroux;11;clubs;Club berrichon finaliste de la Coupe en 2004;factuel;3;parcours du club
CHATEAUROUX;Châteauroux;11;clubs;Préfecture de l'Indre;factuel;2;géographie
CHATEAUROUX;Châteauroux;11;clubs;Onze lettres rouge et blanc du Berry;joueur;3;couleurs du club
CHRISTENSEN;Christensen;11;actuels;Défenseur danois du Barça;factuel;3;charnière catalane
CHRISTENSEN;Christensen;11;actuels;Il est arrivé libre de Chelsea;factuel;3;transfert de 2022
CHRISTENSEN;Christensen;11;actuels;Onze lettres qui dépannent au milieu;joueur;3;polyvalence du joueur
CHRONIQUEUR;chroniqueur;11;culture;Intervenant qui donne son avis sur un plateau;factuel;1;métier du média
CHRONIQUEUR;chroniqueur;11;culture;Il n'a pas toujours joué au haut niveau;factuel;2;profil des invités
CHRONIQUEUR;chroniqueur;11;culture;Onze lettres qui refont le match en costume;joueur;1;image de l'émission
CHRONOMETRE;chronomètre;11;coachs;Outil du préparateur pendant les séances;factuel;1;matériel d'entraînement
CHRONOMETRE;chronomètre;11;coachs;Il mesure les temps de course;factuel;1;fonction de l'objet
CHRONOMETRE;chronomètre;11;coachs;Onze lettres pendues au cou du staff;joueur;1;image de l'entraînement
COEFFICIENT;coefficient;11;competitions;Il classe les pays selon leurs résultats européens;factuel;2;calcul de l'UEFA
COEFFICIENT;coefficient;11;competitions;Il détermine le nombre de places continentales;factuel;2;enjeu du classement
COEFFICIENT;coefficient;11;competitions;Onze lettres qui se calculent sur cinq ans;joueur;3;période de référence
COMMENTAIRE;commentaire;11;fillfoot;Description en direct de ce qui se passe;factuel;1;travail du journaliste
COMMENTAIRE;commentaire;11;fillfoot;Coupé, on ne regrette parfois pas grand-chose;joueur;2;avis du téléspectateur
COMPOSITION;composition;11;vocab;Liste des onze alignés au coup d'envoi;factuel;1;feuille de match
COMPOSITION;composition;11;vocab;Elle fuite deux heures avant tout le monde;joueur;1;rumeurs d'avant-match
CONCURRENCE;concurrence;11;vocab;Rivalité entre joueurs d'un même poste;factuel;1;compétition interne
CONCURRENCE;concurrence;11;vocab;Elle réveille les meilleurs et tue les autres;joueur;2;effet sur l'effectif
CONSOLATION;consolation;11;fillfoot;Ce qu'apporte une place européenne après un échec;factuel;1;lot du perdant
CONSOLATION;consolation;11;fillfoot;Prix qu'aucun vestiaire ne réclame jamais;joueur;1;refus de la défaite
CONTINENTAL;continental;11;competitions;Adjectif des épreuves organisées par une confédération;factuel;2;échelon des compétitions
CONTINENTAL;continental;11;competitions;Le titre l'est pour la CAN comme pour l'Euro;factuel;1;portée du trophée
CONTINENTAL;continental;11;competitions;Onze lettres entre le national et le mondial;joueur;2;hiérarchie des épreuves
CONVOCATION;convocation;11;selections;Appel adressé à un joueur pour un rassemblement;factuel;1;procédure officielle
CONVOCATION;convocation;11;selections;La première ne s'oublie jamais;joueur;1;émotion du joueur
CONVOCATION;convocation;11;selections;Onze lettres attendues fébrilement en mai;factuel;1;annonce des listes
CORINTHIANS;Corinthians;11;clubs;Club pauliste à la démocratie interne célèbre;factuel;3;expérience des années 80
CORINTHIANS;Corinthians;11;clubs;Sócrates en fut la figure de proue;factuel;3;meneur du mouvement
CORINTHIANS;Corinthians;11;clubs;Onze lettres blanc et noir;joueur;2;couleurs du club
DEPASSEMENT;dépassement;11;vocab;Course d'un joueur qui double son partenaire;factuel;2;dépassement de fonction
DEPASSEMENT;dépassement;11;vocab;Le latéral surgit et personne ne l'a suivi;joueur;2;surnombre offensif
DEPLACEMENT;déplacement;11;fillfoot;Rencontre disputée chez l'adversaire;factuel;1;match à l'extérieur
DEPLACEMENT;déplacement;11;fillfoot;Six heures de car pour perdre un à zéro;joueur;1;réalité du supporter
ELIMINATION;élimination;11;vocab;Sortie définitive de la compétition;factuel;1;fin du parcours
ELIMINATION;élimination;11;vocab;Aux onze mètres, elle laisse un goût atroce;joueur;1;départage cruel
ENTRAINEUSE;entraîneuse;11;feminin;Elle dirige une équipe depuis le banc;factuel;1;métier du coaching
ENTRAINEUSE;entraîneuse;11;feminin;Elles sont encore minoritaires à ce poste;factuel;2;réalité du secteur
ENTRAINEUSE;entraîneuse;11;feminin;Onze lettres qui donnent les consignes;joueur;1;rôle sur le banc
ESTUDIANTES;Estudiantes;11;clubs;Club argentin de La Plata;factuel;3;championnat local
ESTUDIANTES;Estudiantes;11;clubs;Il a gagné trois Libertadores de suite;factuel;3;fin des années soixante
ESTUDIANTES;Estudiantes;11;clubs;Onze lettres rouge et blanc rayées;joueur;3;tenue du club
FERENCVAROS;Ferencvaros;11;clubs;Club hongrois le plus titré du pays;factuel;3;record national
FERENCVAROS;Ferencvaros;11;clubs;Il a remporté la Coupe des villes de foires en 1965;factuel;3;titre continental
FERENCVAROS;Ferencvaros;11;clubs;Onze lettres vert et blanc de Budapest;joueur;3;couleurs du club
FERNANDINHO;Fernandinho;11;legendes;Milieu brésilien capitaine de Manchester City;factuel;2;brassard mancunien
FERNANDINHO;Fernandinho;11;legendes;Il pouvait dépanner en défense centrale;factuel;2;polyvalence du joueur
FERNANDINHO;Fernandinho;11;legendes;Onze lettres devant la charnière anglaise;joueur;2;poste du joueur
FRANCESCOLI;Francescoli;11;legendes;Meneur uruguayen idole de Zidane à Marseille;factuel;2;modèle du Français
FRANCESCOLI;Francescoli;11;legendes;Zidane a donné son prénom à son fils aîné;factuel;2;hommage du meneur
FRANCESCOLI;Francescoli;11;legendes;Onze lettres surnommées le Prince;joueur;2;surnom du joueur
FRUSTRATION;frustration;11;culture;Sentiment après une occasion manquée;factuel;1;réaction du joueur
FRUSTRATION;frustration;11;culture;Elle s'accumule au fil des poteaux;factuel;1;soirée sans réussite
FRUSTRATION;frustration;11;culture;Onze lettres qui font pester tout un gradin;joueur;1;réaction du public
GALATASARAY;Galatasaray;11;clubs;Seul club turc vainqueur d'une coupe d'Europe;factuel;2;Coupe UEFA 2000
GALATASARAY;Galatasaray;11;clubs;Il joue dans la partie européenne d'Istanbul;factuel;3;implantation
GALATASARAY;Galatasaray;11;clubs;Onze lettres jaune et rouge;joueur;2;couleurs du club
GAMBARDELLA;Gambardella;11;competitions;Coupe nationale française des moins de dix-huit ans;factuel;3;épreuve de jeunes
GAMBARDELLA;Gambardella;11;competitions;Sa finale se joue avant celle de la Coupe de France;factuel;3;tradition du Stade de France
GAMBARDELLA;Gambardella;11;competitions;Onze lettres qui révèlent une génération;joueur;3;vitrine des centres
GRASSHOPPER;Grasshopper;11;clubs;Club zurichois le plus titré de Suisse;factuel;3;record national
GRASSHOPPER;Grasshopper;11;clubs;Son nom signifie sauterelle en anglais;factuel;2;traduction
GRASSHOPPER;Grasshopper;11;clubs;Onze lettres bleu et blanc;joueur;3;couleurs du club
GRAVENBERCH;Gravenberch;11;actuels;Milieu néerlandais de Liverpool;factuel;2;carrière anglaise
GRAVENBERCH;Gravenberch;11;actuels;Il est passé par l'Ajax puis le Bayern;factuel;3;parcours du joueur
GRAVENBERCH;Gravenberch;11;actuels;Onze lettres qui sortent du pressing en conduite;joueur;2;qualité du milieu
GUADALAJARA;Guadalajara;11;stades;Ville mexicaine hôte du Mondial 2026;factuel;2;organisation partagée
GUADALAJARA;Guadalajara;11;stades;Elle abrite le club qui n'aligne que des Mexicains;factuel;3;politique des Chivas
GUADALAJARA;Guadalajara;11;stades;Onze lettres berceau de la tequila;joueur;2;spécialité régionale
HALILHODZIC;Halilhodzic;11;coachs;Technicien bosnien passé par plusieurs sélections;factuel;2;Algérie, Japon, Maroc
HALILHODZIC;Halilhodzic;11;coachs;Il a mené l'Algérie en huitièmes en 2014;factuel;2;Mondial brésilien
HALILHODZIC;Halilhodzic;11;coachs;Onze lettres au caractère très entier;joueur;2;réputation du coach
IBRAHIMOVIC;Ibrahimovic;11;legendes;Suédois auteur d'un retourné de trente mètres;factuel;1;but contre l'Angleterre
IBRAHIMOVIC;Ibrahimovic;11;legendes;Il a joué au Barça, au Milan, au PSG et à United;factuel;1;carrière du joueur
IBRAHIMOVIC;Ibrahimovic;11;legendes;Onze lettres qui parlent d'elles-mêmes, littéralement;joueur;1;personnage médiatique
INCERTITUDE;incertitude;11;fillfoot;Ce qui rend un résultat imprévisible;factuel;1;aléa sportif
INCERTITUDE;incertitude;11;fillfoot;Sans elle, plus personne ne viendrait;joueur;1;sel de la compétition
KLEINDIENST;Kleindienst;11;actuels;Attaquant allemand écarté de la liste de 2026;factuel;2;non-convocation
KLEINDIENST;Kleindienst;11;actuels;Buteur de Mönchengladbach laissé de côté;factuel;3;club allemand
KLEINDIENST;Kleindienst;11;actuels;Onze lettres qui signifient petit service;joueur;2;traduction du patronyme
LEWANDOWSKI;Lewandowski;11;legendes;Il a inscrit cinq buts en neuf minutes;factuel;1;record de Bundesliga
LEWANDOWSKI;Lewandowski;11;legendes;Buteur polonais du Bayern puis du Barça;factuel;1;carrière du joueur
LEWANDOWSKI;Lewandowski;11;legendes;Onze lettres qui n'ont jamais eu le Ballon d'Or;joueur;2;débat récurrent
MACALLISTER;Mac Allister;11;actuels;Milieu argentin au patronyme d'origine écossaise;factuel;2;origine du nom
MACALLISTER;Mac Allister;11;actuels;Champion du monde 2022, finaliste en 2026;factuel;1;palmarès du joueur
MACALLISTER;Mac Allister;11;actuels;Onze lettres pour lier tout le jeu albiceleste;joueur;2;rôle de liant
MITTELSTADT;Mittelstädt;11;actuels;Latéral gauche allemand absent de la liste;factuel;2;non-convocation
MITTELSTADT;Mittelstädt;11;actuels;Il tenait pourtant la corde à son poste;factuel;3;pronostics d'avant-liste
MITTELSTADT;Mittelstädt;11;actuels;Onze lettres pour un déçu de Stuttgart;joueur;2;non-sélection
MONTPELLIER;Montpellier;11;clubs;Club héraultais champion de France en 2012;factuel;2;titre surprise
MONTPELLIER;Montpellier;11;clubs;Onze lettres bleu et orange;joueur;3;couleurs du club
MONTPELLIER;Montpellier;11;clubs;Il a devancé le PSG lors de son sacre;factuel;2;saison 2011-2012
MUSCULATION;musculation;11;coachs;Travail physique en salle entre deux matchs;factuel;1;préparation athlétique
MUSCULATION;musculation;11;coachs;Elle a transformé les gabarits en trente ans;factuel;1;évolution du football
MUSCULATION;musculation;11;coachs;Onze lettres encadrées par le préparateur;joueur;1;rôle du staff
OBSERVATEUR;observateur;11;coachs;Il assiste au match du futur adversaire;factuel;2;préparation de la rencontre
OBSERVATEUR;observateur;11;coachs;Il rend un rapport détaillé au staff;factuel;2;méthode de travail
OBSERVATEUR;observateur;11;coachs;Onze lettres assises en tribune de presse;joueur;2;place au stade
OLDTRAFFORD;Old Trafford;11;stades;Stade surnommé le théâtre des rêves;factuel;1;Manchester United
OLDTRAFFORD;Old Trafford;11;stades;Ferguson y a régné vingt-six ans;factuel;2;longévité du technicien
OLDTRAFFORD;Old Trafford;11;stades;Onze lettres au nord-ouest de l'Angleterre;joueur;1;implantation
OUZBEKISTAN;Ouzbékistan;11;selections;Sélection battue cinq à zéro par le Portugal;factuel;3;Mondial 2026
OUZBEKISTAN;Ouzbékistan;11;selections;Elle découvrait la phase finale;factuel;3;première participation
OUZBEKISTAN;Ouzbékistan;11;selections;Onze lettres venues d'Asie centrale;joueur;3;géographie
PERFORMANCE;performance;11;vocab;Niveau atteint lors d'une rencontre;factuel;1;évaluation du match
PERFORMANCE;performance;11;vocab;Elle se mesure aussi hors des chiffres;joueur;2;limite des statistiques
PHILOSOPHIE;philosophie;11;coachs;Ensemble des principes de jeu d'un technicien;factuel;1;vision du coach
PHILOSOPHIE;philosophie;11;coachs;Celle de Guardiola tourne autour du ballon;factuel;1;jeu de position
PHILOSOPHIE;philosophie;11;coachs;Onze lettres empruntées à une discipline scolaire;joueur;1;homonymie
PHOTOGRAPHE;photographe;11;culture;Professionnel accroupi derrière le poteau de corner;factuel;1;position au bord du terrain
PHOTOGRAPHE;photographe;11;culture;Il capture la célébration en une fraction de seconde;factuel;1;instant décisif
PHOTOGRAPHE;photographe;11;culture;Onze lettres parfois renversées par un joueur lancé;joueur;1;incident de bord de touche
POLYVALENCE;polyvalence;11;vocab;Capacité à tenir plusieurs postes;factuel;1;qualité recherchée
POLYVALENCE;polyvalence;11;vocab;Elle vous fait jouer partout et titulaire nulle part;joueur;2;revers de la qualité
POSTECOGLOU;Postecoglou;11;coachs;Technicien australien vainqueur de la Ligue Europa;factuel;2;Tottenham 2025
POSTECOGLOU;Postecoglou;11;coachs;Il avait auparavant tout gagné au Celtic;factuel;2;passage écossais
POSTECOGLOU;Postecoglou;11;coachs;Onze lettres qui refusent de jouer défensivement;joueur;2;philosophie du coach
PREPARATEUR;préparateur;11;coachs;Il suit la condition physique du groupe;factuel;1;membre du staff
PREPARATEUR;préparateur;11;coachs;Il mène l'échauffement avant chaque séance;factuel;1;rôle quotidien
PREPARATEUR;préparateur;11;coachs;Onze lettres armées d'un chronomètre;joueur;1;image du poste
PREPARATION;préparation;11;vocab;Travail estival avant la première journée;factuel;1;pré-saison
PREPARATION;préparation;11;vocab;Physique, elle fait souffrir tout le groupe;joueur;1;charge de travail
PUSKASARENA;Puskás Aréna;11;stades;Enceinte hongroise inaugurée en 2019;factuel;3;Budapest
PUSKASARENA;Puskás Aréna;11;stades;Elle honore le buteur du Onze d'Or;factuel;2;légende hongroise
PUSKASARENA;Puskás Aréna;11;stades;Onze lettres qui ont reçu des matchs de l'Euro;joueur;3;édition de 2021
REALISATION;réalisation;11;vocab;Ballon envoyé au fond des filets;factuel;1;action décisive du match
REALISATION;réalisation;11;vocab;Elle se célèbre autrement selon les époques;joueur;2;évolution des célébrations
RECRUTEMENT;recrutement;11;vocab;Processus d'arrivée de nouveaux joueurs;factuel;1;politique sportive
RECRUTEMENT;recrutement;11;vocab;Raté deux étés de suite, il coûte une saison;joueur;2;conséquence sportive
REDIFFUSION;rediffusion;11;fillfoot;Nouveau passage d'une rencontre déjà jouée;factuel;1;programmation télévisée
REDIFFUSION;rediffusion;11;fillfoot;On connaît le score et on la regarde quand même;joueur;1;plaisir du souvenir
REMPLACANTE;remplaçante;11;feminin;Celle qui attend son tour sur le banc;factuel;1;effectif du match
REMPLACANTE;remplaçante;11;feminin;Son entrée peut renverser une finale;factuel;1;impact du banc
REMPLACANTE;remplaçante;11;feminin;Onze lettres qui s'échauffent le long de la touche;joueur;1;attente du joueur
SELECTIONNE;sélectionné;11;selections;Joueur retenu dans le groupe national;factuel;1;statut du convoqué
SELECTIONNE;sélectionné;11;selections;Il rejoint le rassemblement le lundi;factuel;2;calendrier des stages
SELECTIONNE;sélectionné;11;selections;Onze lettres qui portent le maillot de leur pays;joueur;1;fierté du joueur
SOUTHAMPTON;Southampton;11;clubs;Relégué à l'issue de la saison 2024-2025;factuel;2;descente en Championship
SOUTHAMPTON;Southampton;11;clubs;Club portuaire du sud de l'Angleterre;factuel;1;implantation
SOUTHAMPTON;Southampton;11;clubs;Onze lettres redescendues avec deux autres;joueur;2;trio de relégués
SPORTETUDES;sport-études;11;feminin;Filière qui concilie cours et entraînement;factuel;1;dispositif scolaire
SPORTETUDES;sport-études;11;feminin;Elle démarre souvent au collège;factuel;1;âge d'entrée
SPORTETUDES;sport-études;11;feminin;Onze lettres qui demandent beaucoup d'organisation;joueur;1;exigence du rythme
STATISTIQUE;statistique;11;vocab;Donnée chiffrée relevée pendant la rencontre;factuel;1;mesure de performance
STATISTIQUE;statistique;11;vocab;Elle ne dit jamais si le geste était beau;joueur;2;limite des chiffres
SUMMERVILLE;Summerville;11;actuels;Il a quitté West Ham pour l'Arabie contre 77 millions;factuel;2;transfert du 24 juillet
SUMMERVILLE;Summerville;11;actuels;Ailier vendu au championnat saoudien;factuel;2;destination du transfert
SUMMERVILLE;Summerville;11;actuels;Onze lettres parties loin de la Premier League;joueur;2;départ vers l'Asie
SUPERVISEUR;superviseur;11;coachs;Il coordonne le travail de plusieurs équipes;factuel;2;organisation du club
SUPERVISEUR;superviseur;11;coachs;Il veille à la cohérence de la formation;factuel;2;rôle transversal
SUPERVISEUR;superviseur;11;coachs;Onze lettres au-dessus des entraîneurs;joueur;2;place dans la hiérarchie
SUPPORTRICE;supportrice;11;culture;Femme qui suit son club avec passion;factuel;1;public du stade
SUPPORTRICE;supportrice;11;culture;Elles sont de plus en plus nombreuses en tribune;factuel;1;évolution du public
SUPPORTRICE;supportrice;11;culture;Onze lettres qui connaissent la compo par cœur;joueur;1;passion du public
SYNTHETIQUE;synthétique;11;stades;Pelouse artificielle qui divise les puristes;factuel;1;débat sur les surfaces
SYNTHETIQUE;synthétique;11;stades;Elle résiste mieux au gel et à la pluie;factuel;1;avantage de la surface
SYNTHETIQUE;synthétique;11;stades;Onze lettres qui brûlent les genoux;joueur;1;inconvénient du gazon
TRABZONSPOR;Trabzonspor;11;clubs;Premier club turc champion hors d'Istanbul;factuel;3;titre de 1976
TRABZONSPOR;Trabzonspor;11;clubs;Il est installé sur la mer Noire;factuel;3;géographie
TRABZONSPOR;Trabzonspor;11;clubs;Onze lettres bordeaux et bleu ciel;joueur;3;couleurs du club
TURKTELEKOM;Türk Telekom;11;stades;Enceinte du seul club turc titré en Europe;factuel;3;Galatasaray
TURKTELEKOM;Türk Telekom;11;stades;Son nom vient d'un opérateur téléphonique;factuel;3;sponsor du stade
TURKTELEKOM;Türk Telekom;11;stades;Onze lettres réputées assourdissantes;joueur;2;ambiance du lieu
WALDSTADION;Waldstadion;11;stades;Enceinte de la ville de la banque centrale;factuel;3;Francfort
WALDSTADION;Waldstadion;11;stades;Son nom signifie stade de la forêt;factuel;3;traduction
WALDSTADION;Waldstadion;11;stades;Onze lettres entourées d'arbres;joueur;3;situation du stade
AILEDEPIGEON;aile de pigeon;12;culture;Reprise acrobatique avec l'extérieur du pied;factuel;2;geste technique
AILEDEPIGEON;aile de pigeon;12;culture;Le pied passe derrière la jambe d'appui;factuel;3;exécution du geste
AILEDEPIGEON;aile de pigeon;12;culture;Douze lettres empruntées au vocabulaire des oiseaux;joueur;2;image du geste
ALDERWEIRELD;Alderweireld;12;legendes;Défenseur belge de Tottenham;factuel;3;carrière anglaise
ALDERWEIRELD;Alderweireld;12;legendes;Il formait une charnière avec Vertonghen;factuel;3;duo des Diables
ALDERWEIRELD;Alderweireld;12;legendes;Douze lettres aux longues ouvertures redoutées;joueur;3;qualité de passe
ANNIVERSAIRE;anniversaire;12;fillfoot;Le club fête le sien avec un maillot spécial;factuel;1;célébration institutionnelle
ANNIVERSAIRE;anniversaire;12;fillfoot;Cent ans et une saison ratée, quelle idée;joueur;2;coïncidence malheureuse
BLACKSTENIUS;Blackstenius;12;feminin;Buteuse suédoise d'Arsenal;factuel;3;attaquante londonienne
BLACKSTENIUS;Blackstenius;12;feminin;Elle a marqué en finale de Ligue des champions;factuel;3;édition 2025
BLACKSTENIUS;Blackstenius;12;feminin;Douze lettres au patronyme très scandinave;joueur;2;sonorité du nom
COMMENTATEUR;commentateur;12;culture;Voix qui décrit le match en direct;factuel;1;métier du média
COMMENTATEUR;commentateur;12;culture;Il hurle le nom du buteur pendant dix secondes;joueur;1;moment du but
COMMENTATEUR;commentateur;12;culture;Douze lettres qu'on coupe parfois pour le son du stade;joueur;2;choix du spectateur
CONSECRATION;consécration;12;feminin;Ce que représente un premier titre mondial;factuel;1;aboutissement
CONSECRATION;consécration;12;feminin;L'Espagne l'a connue en 2023;factuel;1;finale de Sydney
CONSECRATION;consécration;12;feminin;Douze lettres au bout de longues années;joueur;1;patience du parcours
CONSERVATION;conservation;12;coachs;Exercice de maîtrise du ballon sous pression;factuel;2;séance technique
CONSERVATION;conservation;12;coachs;Guardiola en a fait sa marque de fabrique;factuel;1;philosophie du coach
CONSERVATION;conservation;12;coachs;Douze lettres qui font tourner le ballon;joueur;1;objectif du jeu
DAVITASHVILI;Davitashvili;12;actuels;Ailier géorgien de l'AS Saint-Étienne;factuel;3;club stéphanois
DAVITASHVILI;Davitashvili;12;actuels;Attaquant de couloir du football français;factuel;3;profil du joueur
DAVITASHVILI;Davitashvili;12;actuels;Douze lettres à consonance géorgienne;joueur;2;origine du nom
DOCUMENTAIRE;documentaire;12;culture;Format qui filme les coulisses d'un club;factuel;1;genre télévisé
DOCUMENTAIRE;documentaire;12;culture;Les plateformes en produisent chaque saison;factuel;1;tendance récente
DOCUMENTAIRE;documentaire;12;culture;Douze lettres qui montrent le vestiaire de l'intérieur;joueur;1;accès inédit
ENTHOUSIASME;enthousiasme;12;fillfoot;Ce que le retour d'un ancien provoque;factuel;1;réaction du public
ENTHOUSIASME;enthousiasme;12;fillfoot;Il retombe dès la troisième défaite;joueur;1;versatilité du soutien
ENTRAINEMENT;entraînement;12;vocab;Séance collective de travail;factuel;1;préparation quotidienne
ENTRAINEMENT;entraînement;12;vocab;Ouvert au public, il ravit les enfants;joueur;1;rendez-vous des supporters
FOOTBALLEUSE;footballeuse;12;feminin;Nom officiel de celle qui joue au ballon rond;factuel;1;féminin du métier
FOOTBALLEUSE;footballeuse;12;feminin;Le mot est entré au dictionnaire tardivement;factuel;2;évolution de la langue
FOOTBALLEUSE;footballeuse;12;feminin;Douze lettres devenues un métier à part entière;joueur;1;professionnalisation
HUDDERSFIELD;Huddersfield;12;clubs;Premier club anglais champion trois fois de suite;factuel;3;années vingt
HUDDERSFIELD;Huddersfield;12;clubs;Il est installé dans le Yorkshire de l'Ouest;factuel;3;implantation
HUDDERSFIELD;Huddersfield;12;clubs;Douze lettres bleu et blanc rayées;joueur;3;tenue du club
INDISCIPLINE;indiscipline;12;vocab;Accumulation de cartons dans une équipe;factuel;2;comportement sanctionné
INDISCIPLINE;indiscipline;12;vocab;Trois expulsions en un mois et le compte est bon;joueur;2;dérive collective
INDOMPTABLES;Indomptables;12;selections;Ils suivent Lions dans le surnom camerounais;factuel;1;Lions indomptables
INDOMPTABLES;Indomptables;12;selections;La sélection fut la première africaine en quart;factuel;2;Mondial 1990
INDOMPTABLES;Indomptables;12;selections;Douze lettres portées par Milla et Eto'o;joueur;1;légendes du pays
INTERDICTION;interdiction;12;feminin;Mesure qui a longtemps privé les femmes de terrain;factuel;2;décision des fédérations
INTERDICTION;interdiction;12;feminin;Elle a été levée en France au début des années 70;factuel;2;reconnaissance officielle
INTERDICTION;interdiction;12;feminin;Douze lettres qui ont coûté cinquante ans;joueur;2;retard accumulé
LIBERTADORES;Libertadores;12;competitions;Épreuve continentale des clubs sud-américains;factuel;2;Copa
LIBERTADORES;Libertadores;12;competitions;Son vainqueur affronte le champion d'Europe;factuel;2;Coupe intercontinentale
LIBERTADORES;Libertadores;12;competitions;Douze lettres qui embrasent tout un continent;joueur;2;ferveur sud-américaine
MAGNETOSCOPE;magnétoscope;12;culture;Appareil qui permettait d'enregistrer un match;factuel;2;objet d'époque
MAGNETOSCOPE;magnétoscope;12;culture;Il fallait programmer l'heure à l'avance;factuel;2;contrainte de l'objet
MAGNETOSCOPE;magnétoscope;12;culture;Douze lettres remplacées par un bouton de replay;joueur;1;évolution des usages
MARSEILLAISE;marseillaise;12;culture;Roulette à laquelle Zidane a donné ses lettres;factuel;1;geste éponyme
MARSEILLAISE;marseillaise;12;culture;C'est aussi l'hymne chanté avant les matchs des Bleus;factuel;1;double sens
MARSEILLAISE;marseillaise;12;culture;Douze lettres qui tournent sur elles-mêmes;joueur;1;description du geste
ORGANIGRAMME;organigramme;12;coachs;Schéma qui montre qui décide de quoi;factuel;2;structure du club
ORGANIGRAMME;organigramme;12;coachs;Il place le président tout en haut;factuel;1;hiérarchie du club
ORGANIGRAMME;organigramme;12;coachs;Douze lettres redessinées à chaque crise;joueur;2;instabilité des clubs
PERSEVERANCE;persévérance;12;feminin;Qualité de celles qui n'ont jamais lâché;factuel;1;trait de caractère
PERSEVERANCE;persévérance;12;feminin;Elle se transmet d'une génération à l'autre;factuel;1;héritage des anciennes
PERSEVERANCE;persévérance;12;feminin;Douze lettres récompensées par les stades pleins;joueur;1;aboutissement du combat
PHILADELPHIE;Philadelphie;12;stades;Ville américaine hôte du Mondial 2026;factuel;2;organisation américaine
PHILADELPHIE;Philadelphie;12;stades;La cloche de la Liberté s'y trouve;factuel;2;patrimoine local
PHILADELPHIE;Philadelphie;12;stades;Douze lettres qui inspirèrent un film de boxe;joueur;1;cinéma américain
PROLONGATION;prolongation;12;vocab;Deux fois quinze minutes de plus;factuel;1;durée réglementaire
PROLONGATION;prolongation;12;vocab;L'Espagne y a décroché son titre en 2026;joueur;1;but de Torres à la 106e minute
PROTEGETIBIA;protège-tibia;12;feminin;Équipement obligatoire sous la chaussette;factuel;1;règle du jeu
PROTEGETIBIA;protège-tibia;12;feminin;L'arbitre en vérifie le port avant le match;factuel;1;contrôle d'avant-match
PROTEGETIBIA;protège-tibia;12;feminin;Douze lettres qu'on oublie toujours dans le sac;joueur;1;galère du week-end
RECONVERSION;reconversion;12;fillfoot;Nouvelle carrière une fois les crampons rangés;factuel;1;après-carrière
RECONVERSION;reconversion;12;fillfoot;Consultant, technicien ou restaurateur, au choix;joueur;1;voies classiques
RECUPERATION;récupération;12;vocab;Reprise du ballon à l'adversaire;factuel;1;action défensive
RECUPERATION;récupération;12;vocab;Après le match, elle passe par le bain froid;joueur;2;protocole physique
REGROUPEMENT;regroupement;12;vocab;Retour de tous les joueurs derrière le ballon;factuel;2;organisation défensive
REGROUPEMENT;regroupement;12;vocab;Onze derrière et plus personne devant;joueur;1;repli total
REMPLACEMENT;remplacement;12;vocab;Sortie d'un joueur au profit d'un autre;factuel;1;changement en cours de match
REMPLACEMENT;remplacement;12;vocab;Le sortant applaudit ou fait la grimace;joueur;1;réaction au changement
SAINTETIENNE;Saint-Étienne;12;clubs;Club le plus titré du championnat de France;factuel;1;dix titres nationaux
SAINTETIENNE;Saint-Étienne;12;clubs;Finaliste européen malheureux en 1976;factuel;2;poteaux carrés de Glasgow
SAINTETIENNE;Saint-Étienne;12;clubs;Douze lettres vertes du Forez;joueur;1;couleur du maillot
SPECTATRICES;spectatrices;12;feminin;Elles remplissent désormais les tribunes;factuel;1;public du football
SPECTATRICES;spectatrices;12;feminin;Le Camp Nou en a réuni plus de quatre-vingt-dix mille;factuel;1;record de 2022
SPECTATRICES;spectatrices;12;feminin;Douze lettres longtemps ignorées des clubs;joueur;2;évolution du public
STATISTICIEN;statisticien;12;culture;Celui qui compte les passes et les kilomètres;factuel;2;métier du club
STATISTICIEN;statisticien;12;culture;Son travail nourrit les écrans pendant le match;factuel;2;données affichées
STATISTICIEN;statisticien;12;culture;Douze lettres qui ont changé le regard sur le jeu;joueur;2;essor des données
SUPERSTITION;superstition;12;culture;Croyance qui régit bien des habitudes de joueurs;factuel;1;psychologie du sport
SUPERSTITION;superstition;12;culture;Certains gardent le même maillot toute une série;factuel;2;exemple courant
SUPERSTITION;superstition;12;culture;Douze lettres plus fortes que la raison;joueur;1;poids des croyances
TRANSMISSION;transmission;12;culture;Ce qui fait qu'un enfant supporte le club de son père;factuel;1;héritage familial
TRANSMISSION;transmission;12;culture;Elle passe par le premier match au stade;factuel;1;moment fondateur
TRANSMISSION;transmission;12;culture;Douze lettres qui désignent aussi une passe;joueur;1;double sens
TRANSVERSALE;transversale;12;vocab;Élément horizontal entre les montants;factuel;1;barre du but
TRANSVERSALE;transversale;12;vocab;Elle renvoie et elle brise les cœurs;joueur;1;frappe sur le haut du cadre
VALENCIENNES;Valenciennes;12;clubs;Club nordiste passé par la Ligue 1;factuel;3;football français
VALENCIENNES;Valenciennes;12;clubs;Sa ville est réputée pour sa dentelle;factuel;2;artisanat local
VALENCIENNES;Valenciennes;12;clubs;Douze lettres rouge et blanc du Hainaut;joueur;3;couleurs du club
WESERSTADION;Weserstadion;12;stades;Enceinte du club vert et blanc du nord;factuel;3;Brême
WESERSTADION;Weserstadion;12;stades;Elle borde le fleuve qui lui donne son nom;factuel;3;toponymie
WESERSTADION;Weserstadion;12;stades;Douze lettres couvertes de panneaux solaires;joueur;3;particularité du lieu
